title,authors,abstract,arxiv_id,category,date,pdf_url,query_used
Quantum-Classical Physics-Informed Neural Networks for Solving Reservoir Seepage Equations,"['Xiang Rao', 'Yina Liu', 'Yuxuan Shen']","Solving partial differential equations (PDEs) for reservoir seepage is critical for optimizing oil and gas field development and predicting production performance. Traditional numerical methods suffer from mesh-dependent errors and high computational costs, while classical Physics-Informed Neural Networks (PINNs) face bottlenecks in parameter efficiency, high-dimensional expression, and strong nonlinear fitting. To address these limitations, we propose a Discrete Variable (DV)-Circuit Quantum-Classical Physics-Informed Neural Network (QCPINN) and apply it to three typical reservoir seepage models for the first time: the pressure diffusion equation for heterogeneous single-phase flow, the nonlinear Buckley-Leverett (BL) equation for two-phase waterflooding, and the convection-diffusion equation for compositional flow considering adsorption. The QCPINN integrates classical preprocessing/postprocessing networks with a DV quantum core, leveraging quantum superposition and entanglement to enhance high-dimensional feature mapping while embedding physical constraints to ensure solution consistency. We test three quantum circuit topologies (Cascade, Cross-mesh, Alternate) and demonstrate through numerical experiments that QCPINNs achieve high prediction accuracy with fewer parameters than classical PINNs. Specifically, the Alternate topology outperforms others in heterogeneous single-phase flow and two-phase BL equation simulations, while the Cascade topology excels in compositional flow with convection-dispersion-adsorption coupling. Our work verifies the feasibility of QCPINN for reservoir engineering applications, bridging the gap between quantum computing research and industrial practice in oil and gas engineering.",2512.03923v1,cs.LG,2025-12-03 16:14:16+00:00,https://arxiv.org/pdf/2512.03923v1,"""quantum neural network"" AND ""partial differential equation"""
Quantum Orthogonal Separable Physics-Informed Neural Networks,"['Pietro Zanotta', 'Ljubomir Budinski', 'Caglar Aytekin', 'Valtteri Lahtinen']","This paper introduces Quantum Orthogonal Separable Physics-Informed Neural Networks (QO-SPINNs), a novel architecture for solving Partial Differential Equations, integrating quantum computing principles to address the computational bottlenecks of classical methods. We leverage a quantum algorithm for accelerating matrix multiplication within each layer, achieving a $\mathcal O(d\log d/ε^2)$ complexity, a significant improvement over the classical $\mathcal O(d^2)$ complexity, where $d$ is the dimension of the matrix, $ε$ the accuracy level. This is accomplished by using a Hamming weight-preserving quantum circuit and a unary basis for data encoding, with a comprehensive theoretical analysis of the overall architecture provided. We demonstrate the practical utility of our model by applying it to solve both forward and inverse PDE problems. Furthermore, we exploit the inherent orthogonality of our quantum circuits (which guarantees a spectral norm of 1) to develop a novel uncertainty quantification method. Our approach adapts the Spectral Normalized Gaussian Process for SPINNs, eliminating the need for the computationally expensive spectral normalization step. By using a Quantum Orthogonal SPINN architecture based on stacking, we provide a robust and efficient framework for uncertainty quantification (UQ) which, to our knowledge, is the first UQ method specifically designed for Separable PINNs. Numerical results based on classical simulation of the quantum circuits, are presented to validate the theoretical claims and demonstrate the efficacy of the proposed method.",2511.12613v1,quant-ph,2025-11-16 14:15:19+00:00,https://arxiv.org/pdf/2511.12613v1,"""quantum neural network"" AND ""partial differential equation"""
APRIL: Auxiliary Physically-Redundant Information in Loss - A physics-informed framework for parameter estimation with a gravitational-wave case study,"['Matteo Scialpi', 'Francesco Di Clemente', 'Leigh Smith', 'Michał Bejger']","Physics-Informed Neural Networks (PINNs) embed the partial differential equations (PDEs) governing the system under study directly into the training of Neural Networks, ensuring solutions that respect physical laws. While effective for single-system problems, standard PINNs scale poorly to datasets containing many realizations of the same underlying physics with varying parameters. To address this limitation, we present a complementary approach by including auxiliary physically-redundant information in loss (APRIL), i.e. augment the standard supervised output-target loss with auxiliary terms which exploit exact physical redundancy relations among outputs. We mathematically demonstrate that these terms preserve the true physical minimum while reshaping the loss landscape, improving convergence toward physically consistent solutions. As a proof-of-concept, we benchmark APRIL on a fully-connected neural network for gravitational wave (GW) parameter estimation (PE). We use simulated, noise-free compact binary coalescence (CBC) signals, focusing on inspiral-frequency waveforms to recover the chirp mass $\mathcal{M}$, the total mass $M_\mathrm{tot}$, and symmetric mass ratio $η$ of the binary. In this controlled setting, we show that APRIL achieves up to an order-of-magnitude improvement in test accuracy, especially for parameters that are otherwise difficult to learn. This method provides physically consistent learning for large multi-system datasets and is well suited for future GW analyses involving realistic noise and broader parameter ranges.",2510.13677v1,gr-qc,2025-10-15 15:34:19+00:00,https://arxiv.org/pdf/2510.13677v1,"""quantum neural network"" AND ""partial differential equation"""
"Neural PDE Solvers with Physics Constraints: A Comparative Study of PINNs, DRM, and WANs",['Jiakang Chen'],"Partial differential equations (PDEs) underpin models across science and engineering, yet analytical solutions are atypical and classical mesh-based solvers can be costly in high dimensions. This dissertation presents a unified comparison of three mesh-free neural PDE solvers, physics-informed neural networks (PINNs), the deep Ritz method (DRM), and weak adversarial networks (WANs), on Poisson problems (up to 5D) and the time-independent Schrödinger equation in 1D/2D (infinite well and harmonic oscillator), and extends the study to a laser-driven case of Schrödinger's equation via the Kramers-Henneberger (KH) transformation.
  Under a common protocol, all methods achieve low $L_2$ errors ($10^{-6}$-$10^{-9}$) when paired with forced boundary conditions (FBCs), forced nodes (FNs), and orthogonality regularization (OG). Across tasks, PINNs are the most reliable for accuracy and recovery of excited spectra; DRM offers the best accuracy-runtime trade-off on stationary problems; WAN is more sensitive but competitive when weak-form constraints and FN/OG are used effectively. Sensitivity analyses show that FBC removes boundary-loss tuning, network width matters more than depth for single-network solvers, and most gains occur within 5000-10,000 epochs. The same toolkit solves the KH case, indicating transfer beyond canonical benchmarks.
  We provide practical guidelines for method selection and outline the following extensions: time-dependent formulations for DRM and WAN, adaptive residual-driven sampling, parallel multi-state training, and neural domain decomposition. These results support physics-guided neural solvers as credible, scalable tools for solving complex PDEs.",2510.09693v1,cs.LG,2025-10-09 13:41:51+00:00,https://arxiv.org/pdf/2510.09693v1,"""quantum neural network"" AND ""partial differential equation"""
Quantum Random Feature Method for Solving Partial Differential Equations,"['Junpeng Hu', 'Shi Jin', 'Nana Liu', 'Lei Zhang']","Quantum computing holds significant promise for scientific computing due to its potential for polynomial to even exponential speedups over classical methods, which are often hindered by the curse of dimensionality. While neural networks present a mesh-free alternative to solve partial differential equations (PDEs), their accuracy is difficult to achieve since one needs to solve a high-dimensional non-convex optimization problem using the stochastic gradient descent method and its variants, the convergence of which is difficult to prove and cannot be guaranteed. The classical random feature method (RFM) effectively merges advantages from both classical numerical analysis and neural network based techniques, achieving spectral accuracy and a natural adaptability to complex geometries. In this work, we introduce a quantum random feature method (QRFM) that leverages quantum computing to accelerate the classical RFM framework. Our method constructs PDE solutions using quantum-generated random features and enforces the governing equations via a collocation approach. A complexity analysis demonstrates that this hybrid quantum-classical algorithm can achieve a quadratic speedup over the classical RFM.",2510.07945v1,quant-ph,2025-10-09 08:42:09+00:00,https://arxiv.org/pdf/2510.07945v1,"""quantum neural network"" AND ""partial differential equation"""
PALQO: Physics-informed Model for Accelerating Large-scale Quantum Optimization,"['Yiming Huang', 'Yajie Hao', 'Jing Zhou', 'Xiao Yuan', 'Xiaoting Wang', 'Yuxuan Du']","Variational quantum algorithms (VQAs) are leading strategies to reach practical utilities of near-term quantum devices. However, the no-cloning theorem in quantum mechanics precludes standard backpropagation, leading to prohibitive quantum resource costs when applying VQAs to large-scale tasks. To address this challenge, we reformulate the training dynamics of VQAs as a nonlinear partial differential equation and propose a novel protocol that leverages physics-informed neural networks (PINNs) to model this dynamical system efficiently. Given a small amount of training trajectory data collected from quantum devices, our protocol predicts the parameter updates of VQAs over multiple iterations on the classical side, dramatically reducing quantum resource costs. Through systematic numerical experiments, we demonstrate that our method achieves up to a 30x speedup compared to conventional methods and reduces quantum resource costs by as much as 90\% for tasks involving up to 40 qubits, including ground state preparation of different quantum systems, while maintaining competitive accuracy. Our approach complements existing techniques aimed at improving the efficiency of VQAs and further strengthens their potential for practical applications.",2509.20733v1,quant-ph,2025-09-25 04:26:02+00:00,https://arxiv.org/pdf/2509.20733v1,"""quantum neural network"" AND ""partial differential equation"""
Physics-informed neural network solves minimal surfaces in curved spacetime,"['Koji Hashimoto', 'Koichi Kyo', 'Masaki Murata', 'Gakuto Ogiwara', 'Norihiro Tanahashi']","We develop a flexible framework based on physics-informed neural networks (PINNs) for solving boundary value problems involving minimal surfaces in curved spacetimes, with a particular emphasis on singularities and moving boundaries. By encoding the underlying physical laws into the loss function and designing network architectures that incorporate the singular behavior and dynamic boundaries, our approach enables robust and accurate solutions to both ordinary and partial differential equations with complex boundary conditions. We demonstrate the versatility of this framework through applications to minimal surface problems in anti-de Sitter (AdS) spacetime, including examples relevant to the AdS/CFT correspondence (e.g. Wilson loops and gluon scattering amplitudes) popularly used in the context of string theory in theoretical physics. Our methods efficiently handle singularities at boundaries, and also support both ""soft"" (loss-based) and ""hard"" (formulation-based) imposition of boundary conditions, including cases where the position of a boundary is promoted to a trainable parameter. The techniques developed here are not limited to high-energy theoretical physics but are broadly applicable to boundary value problems encountered in mathematics, engineering, and the natural sciences, wherever singularities and moving boundaries play a critical role.",2509.10866v2,hep-th,2025-09-13 15:41:13+00:00,https://arxiv.org/pdf/2509.10866v2,"""quantum neural network"" AND ""partial differential equation"""
Quantum neural ordinary and partial differential equations,"['Yu Cao', 'Shi Jin', 'Nana Liu']","We present a unified framework called Quantum Neural Ordinary and Partial Differential Equations (QNODEs and QNPDEs) that brings the continuous-time formalism of classical neural ODEs/PDEs into quantum machine learning and quantum control. We define QNODEs as the evolution of finite-dimensional quantum systems, and QNPDEs as infinite-dimensional (continuous-variable) counterparts, governed by generalised Schrodinger-type Hamiltonian dynamics with unitary evolution, coupled with a corresponding loss function. Notably, this formalism permits gradient estimation using an adjoint-state method, facilitating efficient learning of quantum dynamics, and other dynamics that can be mapped (relatively easily) to quantum dynamics. Using this method, we present quantum algorithms for computing gradients with and without time discretisation, enabling efficient gradient computation that would otherwise be less efficient on classical devices.
  The formalism subsumes a wide array of applications, including quantum state preparation, Hamiltonian learning, learning dynamics in open systems, and the learning of both autonomous and non-autonomous classical ODEs and PDEs. In many of these applications, we consider scenarios where the Hamiltonian has relatively few tunable parameters, yet the corresponding classical simulation remains inefficient, making quantum approaches advantageous for gradient estimation. This continuous-time perspective can also serve as a blueprint for designing novel quantum neural network architectures, generalising discrete-layered models into continuous-depth models.",2508.18326v1,quant-ph,2025-08-24 18:43:44+00:00,https://arxiv.org/pdf/2508.18326v1,"""quantum neural network"" AND ""partial differential equation"""
Separated-Variable Spectral Neural Networks: A Physics-Informed Learning Approach for High-Frequency PDEs,"['Xiong Xiong', 'Zhuo Zhang', 'Rongchun Hu', 'Chen Gao', 'Zichen Deng']","Solving high-frequency oscillatory partial differential equations (PDEs) is a critical challenge in scientific computing, with applications in fluid mechanics, quantum mechanics, and electromagnetic wave propagation. Traditional physics-informed neural networks (PINNs) suffer from spectral bias, limiting their ability to capture high-frequency solution components.  We introduce Separated-Variable Spectral Neural Networks (SV-SNN), a novel framework that addresses these limitations by integrating separation of variables with adaptive spectral methods. Our approach features three key innovations: (1) decomposition of multivariate functions into univariate function products, enabling independent spatial and temporal networks; (2) adaptive Fourier spectral features with learnable frequency parameters for high-frequency capture; and (3) theoretical framework based on singular value decomposition to quantify spectral bias. Comprehensive evaluation on benchmark problems including Heat equation, Helmholtz equation, Poisson equations and Navier-Stokes equations demonstrates that SV-SNN achieves 1-3 orders of magnitude improvement in accuracy while reducing parameter count by over 90\% and training time by 60\%. These results establish SV-SNN as an effective solution to the spectral bias problem in neural PDE solving. The implementation will be made publicly available upon acceptance at https://github.com/xgxgnpu/SV-SNN.",2508.00628v1,cs.LG,2025-08-01 13:40:10+00:00,https://arxiv.org/pdf/2508.00628v1,"""quantum neural network"" AND ""partial differential equation"""
"Quantum Physics-Informed Neural Networks for Maxwell's Equations: Circuit Design, ""Black Hole"" Barren Plateaus Mitigation, and GPU Acceleration","['Ziv Chen', 'Gal G. Shaviner', 'Hemanth Chandravamsi', 'Shimon Pisnoy', 'Steven H. Frankel', 'Uzi Pereg']","Physics-Informed Neural Networks (PINNs) have emerged as a promising approach for solving partial differential equations by embedding the governing physics into the loss function associated with deep neural network. In this work, a Quantum Physics-Informed Neural Network (QPINN) framework is proposed to solve two-dimensional (2D) time-dependent Maxwell's equations. Our approach utilizes a parameterized quantum circuit in conjunction with the classical neural network architecture and enforces physical laws, including a global energy conservation principle, during training. A quantum simulation library was developed to efficiently compute circuit outputs and derivatives by leveraging GPU acceleration based on PyTorch, enabling end-to-end training of the QPINN. The method was evaluated on two 2D electromagnetic wave propagation problems: one in free space (vacuum) and one with a dielectric medium. Multiple quantum circuit ansätze, input scales, and an added loss term were compared in a thorough ablation study. Furthermore, recent techniques to enhance PINN convergence, including random Fourier feature embeddings and adaptive time-weighting, were incorporated. Our results demonstrate that the QPINN achieves accuracy comparable, and even greater than the classical PINN baseline, while using a significantly smaller number of trainable parameters. This study also shows that adding an energy conservation term to the loss stabilizes training and improves the physical fidelity of the solution in the lossless free-space case. This added term helps mitigate a new kind of a barren plateau (BP) related phenomenon - ``black hole'' (BH) loss landscape for the quantum experiments in that scenario. By optimizing the quantum-circuit ansatz and embedding energy-conservation constraints, our QPINN achieves up to a 19 percent higher accuracy on 2D Maxwell benchmark problems compared to a classical PINN.",2506.23246v1,quant-ph,2025-06-29 14:10:38+00:00,https://arxiv.org/pdf/2506.23246v1,"""quantum neural network"" AND ""partial differential equation"""
On Quantum BSDE Solver for High-Dimensional Parabolic PDEs,"['Howard Su', 'Huan-Hsin Tseng']","We propose a quantum machine learning framework for approximating solutions to high-dimensional parabolic partial differential equations (PDEs) that can be reformulated as backward stochastic differential equations (BSDEs). In contrast to popular quantum-classical network hybrid approaches, this study employs the pure Variational Quantum Circuit (VQC) as the core solver without trainable classical neural networks. The quantum BSDE solver performs pathwise approximation via temporal discretization and Monte Carlo simulation, framed as model-based reinforcement learning. We benchmark VQCbased and classical deep neural network (DNN) solvers on two canonical PDEs as representatives: the Black-Scholes and nonlinear Hamilton-Jacobi-Bellman (HJB) equations. The VQC achieves lower variance and improved accuracy in most cases, particularly in highly nonlinear regimes and for out-of-themoney options, demonstrating greater robustness than DNNs. These results, obtained via quantum circuit simulation, highlight the potential of VQCs as scalable and stable solvers for highdimensional stochastic control problems.",2506.14612v2,q-fin.MF,2025-06-17 15:10:42+00:00,https://arxiv.org/pdf/2506.14612v2,"""quantum neural network"" AND ""partial differential equation"""
Energy-Embedded Neural Solvers for One-Dimensional Quantum Systems,"['Yi-Qiang Wu', 'Xuan Liu', 'Hanlin Li', 'Fuqiang Wang']","Physics-informed neural networks (PINN) have been widely used in computational physics to solve partial differential equations (PDEs). In this study, we propose an energy-embedding-based physics-informed neural network method for solving the one-dimensional time-independent Schrödinger equation to obtain ground- and excited-state wave functions, as well as energy eigenvalues by incorporating an embedding layer to generate process-driven data. The method demonstrates high accuracy for several well-known potentials, such as the infinite potential well, harmonic oscillator potential, Woods-Saxon potential, and double-well potential. Further validation shows that the method also performs well in solving the radial Coulomb potential equation, showcasing its adaptability and extensibility. The proposed approach can be extended to solve other partial differential equations beyond the Schrödinger equation and holds promise for applications in high-dimensional quantum systems.",2505.24194v1,physics.comp-ph,2025-05-30 04:13:26+00:00,https://arxiv.org/pdf/2505.24194v1,"""quantum neural network"" AND ""partial differential equation"""
Fast and Flexible Quantum-Inspired Differential Equation Solvers with Data Integration,"['Lucas Arenstein', 'Martin Mikkelsen', 'Michael Kastoryano']","Accurately solving high-dimensional partial differential equations (PDEs) remains a central challenge in computational mathematics. Traditional numerical methods, while effective in low-dimensional settings or on coarse grids, often struggle to deliver the precision required in practical applications. Recent machine learning-based approaches offer flexibility but frequently fall short in terms of accuracy and reliability, particularly in industrial contexts. In this work, we explore a quantum-inspired method based on quantized tensor trains (QTT), enabling efficient and accurate solutions to PDEs in a variety of challenging scenarios. Through several representative examples, we demonstrate that the QTT approach can achieve logarithmic scaling in both memory and computational cost for linear and nonlinear PDEs. Additionally, we introduce a novel technique for data-driven learning within the quantum-inspired framework, combining the adaptability of neural networks with enhanced accuracy and reduced training time.",2505.17046v1,math.NA,2025-05-15 12:38:47+00:00,https://arxiv.org/pdf/2505.17046v1,"""quantum neural network"" AND ""partial differential equation"""
Multi-stream Physics Hybrid Networks for solving Navier-Stokes equations,"['Tatjana Protasevich', 'Mikhail Surmach', 'Aleksandr Sedykh', 'Olga Tsurkan', 'Matvei Anoshin', 'Vadim Lopatkin', 'Leonid Fedichkin']","Understanding and solving fluid dynamics equations efficiently remains a fundamental challenge in computational physics. Traditional numerical solvers and physics-informed neural networks struggle to capture the full range of frequency components in partial differential equation solutions, limiting their accuracy and efficiency. Here, we propose the Multi-stream Physics Hybrid Network, a novel neural architecture that integrates quantum and classical layers in parallel to improve the accuracy of solving fluid dynamics equations, namely Kovasznay flow problem. This approach decomposes the solution into separate frequency components, each predicted by independent Parallel Hybrid Networks, simplifying the training process and enhancing performance. We evaluated the proposed model against a comparable classical neural network, the Multi-stream Physics Classical Network, in both data-driven and physics-driven scenarios. Our results show that the Multi-stream Physics Hybrid Network achieves a reduction in root mean square error by 36% for velocity components and 41% for pressure prediction compared to the classical model, while using 24% fewer trainable parameters. These findings highlight the potential of hybrid quantum-classical architectures for advancing computational fluid dynamics.",2504.01891v1,physics.flu-dyn,2025-04-02 16:50:54+00:00,https://arxiv.org/pdf/2504.01891v1,"""quantum neural network"" AND ""partial differential equation"""
Perturbation Analysis and Neural Network-Based Initial Condition Estimation for the Sine-Gordon Equation,"['Junhong Ha', 'Sudeok Shon']","The sine-Gordon equation is a fundamental nonlinear partial differential equation that governs soliton dynamics and phase evolution in a variety of physical systems, including Josephson junctions and superconducting circuits. In this study, we analyze the effects of external perturbations such as damping and driving forces on the stability of soliton solutions. Using a rigorous Hilbert space framework, we establish well-posedness and derive regularity results for the perturbed equation. In particular, we provide sufficient conditions for the boundedness of the perturbation function, which plays a crucial role in determining the persistence of the soliton structure. Furthermore, we propose a neural network-based approach for solving the inverse problem of estimating unknown initial conditions. By training a data-driven model on simulated PDE solutions, we demonstrate that the network can accurately recover the initial states from limited or noisy observations. Numerical simulations validate the theoretical results and highlight the potential of combining mathematical analysis with machine learning techniques to study nonlinear wave phenomena. This approach offers valuable insights into soliton behavior and has potential applications in the design of quantum computing systems based on Josephson junctions.",2504.00386v1,math.AP,2025-04-01 03:08:22+00:00,https://arxiv.org/pdf/2504.00386v1,"""quantum neural network"" AND ""partial differential equation"""
QCPINN: Quantum-Classical Physics-Informed Neural Networks for Solving PDEs,"['Afrah Farea', 'Saiful Khan', 'Mustafa Serdar Celebi']","Physics-informed neural networks (PINNs) have emerged as promising methods for solving partial differential equations (PDEs) by embedding physical laws within neural architectures. However, these classical approaches often require a large number of parameters to achieve reasonable accuracy, particularly for complex PDEs. In this paper, we present a quantum-classical physics-informed neural network (QCPINN) that combines quantum and classical components, allowing us to solve PDEs with significantly fewer parameters while maintaining comparable accuracy and convergence to classical PINNs. We systematically evaluated two quantum circuit architectures across various configurations on five benchmark PDEs to identify optimal QCPINN designs. Our results demonstrate that the QCPINN achieves stable convergence and comparable accuracy while using only 10-30% of the trainable parameters required by classical PINNs. This approach also results in a significant reduction in the relative L_2 error for Helmholtz, Klein-Gordon, and Convection-diffusion equations, with a reduction ranging from 4% to 64% across various fields. These findings demonstrate the potential of parameter efficiency and solution accuracy in physics-informed machine learning, allowing for a substantial decrease in model complexity without compromising solution quality.QCPINN presents a promising pathway to address the computational challenges associated with solving PDEs.",2503.16678v6,quant-ph,2025-03-20 19:52:26+00:00,https://arxiv.org/pdf/2503.16678v6,"""quantum neural network"" AND ""partial differential equation"""
Quantum physics informed neural networks for multi-variable partial differential equations,"['Giorgio Panichi', 'Sebastiano Corli', 'Enrico Prati']","Quantum Physics-Informed Neural Networks (QPINNs) integrate quantum computing and machine learning to impose physical biases on the output of a quantum neural network, aiming to either solve or discover differential equations. The approach has recently been implemented on both the gate model and continuous variable quantum computing architecture, where it has been demonstrated capable of solving ordinary differential equations. Here, we aim to extend the method to effectively address a wider range of equations, such as the Poisson equation and the heat equation. To achieve this goal, we introduce an architecture specifically designed to compute second-order (and higher-order) derivatives without relying on nested automatic differentiation methods. This approach mitigates the unwanted side effects associated with nested gradients in simulations, paving the way for more efficient and accurate implementations. By leveraging such an approach, the quantum circuit addresses partial differential equations, a challenge not yet tackled using this approach on continuous-variable quantum computers. As a proof-of-concept, we solve a one-dimensional instance of the heat equation, demonstrating its effectiveness in handling PDEs, both in an ideal and a noisy regime. We report our experiment on a photonic hardware to address a realistic noise scenario for our simulations. Such a framework paves the way for further developments in continuous-variable quantum computing and underscores its potential contributions to advancing quantum machine learning.",2503.12244v2,quant-ph,2025-03-15 19:55:33+00:00,https://arxiv.org/pdf/2503.12244v2,"""quantum neural network"" AND ""partial differential equation"""
Quantum Recurrent Neural Networks with Encoder-Decoder for Time-Dependent Partial Differential Equations,"['Yuan Chen', 'Abdul Khaliq', 'Khaled M. Furati']","Nonlinear time-dependent partial differential equations are essential in modeling complex phenomena across diverse fields, yet they pose significant challenges due to their computational complexity, especially in higher dimensions. This study explores Quantum Recurrent Neural Networks within an encoder-decoder framework, integrating Variational Quantum Circuits into Gated Recurrent Units and Long Short-Term Memory networks. Using this architecture, the model efficiently compresses high-dimensional spatiotemporal data into a compact latent space, facilitating more efficient temporal evolution. We evaluate the algorithms on the Hamilton-Jacobi-Bellman equation, Burgers' equation, the Gray-Scott reaction-diffusion system, and the three dimensional Michaelis-Menten reaction-diffusion equation. The results demonstrate the superior performance of the quantum-based algorithms in capturing nonlinear dynamics, handling high-dimensional spaces, and providing stable solutions, highlighting their potential as an innovative tool in solving challenging and complex systems.",2502.13370v1,cs.LG,2025-02-19 02:09:43+00:00,https://arxiv.org/pdf/2502.13370v1,"""quantum neural network"" AND ""partial differential equation"""
Lower Bound on the Representation Complexity of Antisymmetric Tensor Product Functions,"['Yuyang Wang', 'Yukuan Hu', 'Xin Liu']","Tensor product function (TPF) approximations have been widely adopted in solving high-dimensional problems, such as partial differential equations and eigenvalue problems, achieving desirable accuracy with computational overhead that scales linearly with problem dimensions. However, recent studies have underscored the extraordinarily high computational cost of TPFs on quantum many-body problems, even for systems with as few as three particles. A key distinction in these problems is the antisymmetry requirement on the unknown functions. In the present work, we rigorously establish that the minimum number of involved terms for a class of TPFs to be exactly antisymmetric increases exponentially fast with the problem dimension. This class encompasses both traditionally discretized TPFs and the recent ones parameterized by neural networks. Our proof exploits the link between the antisymmetric TPFs in this class and the corresponding antisymmetric tensors and focuses on the Canonical Polyadic rank of the latter. As a result, our findings reveal that low-rank TPFs are fundamentally unsuitable for high-dimensional problems where antisymmetry is essential.",2501.05958v3,math.NA,2025-01-10 13:37:32+00:00,https://arxiv.org/pdf/2501.05958v3,"""quantum neural network"" AND ""partial differential equation"""
Computing ground states of Bose-Einstein condensation by normalized deep neural network,"['Weizhu Bao', 'Zhipeng Chang', 'Xiaofei Zhao']","We propose a normalized deep neural network (norm-DNN) for computing ground states of Bose-Einstein condensation (BEC) via the minimization of the Gross-Pitaevskii energy functional under unitary mass normalization. Compared with the traditional deep neural network for solving partial differential equations, two additional layers are added in training our norm-DNN for solving this kind of unitary constraint minimization problems: (i) a normalization layer is introduced to enforce the unitary mass normalization, and (ii) a shift layer is added to guide the training to non-negative ground state. The proposed norm-DNN gives rise to an efficient unsupervised approach for learning ground states of BEC. Systematical investigations are first carried out through extensive numerical experiments for computing ground states of BEC in one dimension. Extensions to high dimensions and multi-component are then studied in details. The results demonstrate the effectiveness and efficiency of norm-DNN for learning ground states of BEC. Finally, we extend the norm-DNN for computing the first excited states of BEC and discuss parameter generalization issues as well as compare with some existing machine learning methods for computing ground states of BEC in the literature.",2410.05319v1,cond-mat.quant-gas,2024-10-05 05:48:42+00:00,https://arxiv.org/pdf/2410.05319v1,"""quantum neural network"" AND ""partial differential equation"""
Quantum DeepONet: Neural operators accelerated by quantum computing,"['Pengpeng Xiao', 'Muqing Zheng', 'Anran Jiao', 'Xiu Yang', 'Lu Lu']","In the realm of computational science and engineering, constructing models that reflect real-world phenomena requires solving partial differential equations (PDEs) with different conditions. Recent advancements in neural operators, such as deep operator network (DeepONet), which learn mappings between infinite-dimensional function spaces, promise efficient computation of PDE solutions for a new condition in a single forward pass. However, classical DeepONet entails quadratic complexity concerning input dimensions during evaluation. Given the progress in quantum algorithms and hardware, here we propose to utilize quantum computing to accelerate DeepONet evaluations, yielding complexity that is linear in input dimensions. Our proposed quantum DeepONet integrates unary encoding and orthogonal quantum layers. We benchmark our quantum DeepONet using a variety of PDEs, including the antiderivative operator, advection equation, and Burgers' equation. We demonstrate the method's efficacy in both ideal and noisy conditions. Furthermore, we show that our quantum DeepONet can also be informed by physics, minimizing its reliance on extensive data collection. Quantum DeepONet will be particularly advantageous in applications in outer loop problems which require exploring parameter space and solving the corresponding PDEs, such as uncertainty quantification and optimal experimental design.",2409.15683v2,quant-ph,2024-09-24 02:53:42+00:00,https://arxiv.org/pdf/2409.15683v2,"""quantum neural network"" AND ""partial differential equation"""
Fourier Neural Operators for Learning Dynamics in Quantum Spin Systems,"['Freya Shah', 'Taylor L. Patti', 'Julius Berner', 'Bahareh Tolooshams', 'Jean Kossaifi', 'Anima Anandkumar']","Fourier Neural Operators (FNOs) excel on tasks using functional data, such as those originating from partial differential equations. Such characteristics render them an effective approach for simulating the time evolution of quantum wavefunctions, which is a computationally challenging, yet coveted task for understanding quantum systems. In this manuscript, we use FNOs to model the evolution of random quantum spin systems, so chosen due to their representative quantum dynamics and minimal symmetry. We explore two distinct FNO architectures and examine their performance for learning and predicting time evolution using both random and low-energy input states. Additionally, we apply FNOs to a compact set of Hamiltonian observables ($\sim\text{poly}(n)$) instead of the entire $2^n$ quantum wavefunction, which greatly reduces the size of our inputs and outputs and, consequently, the requisite dimensions of the resulting FNOs. Moreover, this Hamiltonian observable-based method demonstrates that FNOs can effectively distill information from high-dimensional spaces into lower-dimensional spaces. The extrapolation of Hamiltonian observables to times later than those used in training is of particular interest, as this stands to fundamentally increase the simulatability of quantum systems past both the coherence times of contemporary quantum architectures and the circuit-depths of tractable tensor networks.",2409.03302v1,quant-ph,2024-09-05 07:18:09+00:00,https://arxiv.org/pdf/2409.03302v1,"""quantum neural network"" AND ""partial differential equation"""
Estimating Inverse Scattering Potentials for n-p System Using Variational Monte Carlo & Neural Networks,"['Anil Khachi', 'Gabor Balassa']","The Riccati-type nonlinear differential equation, also known as the Variable Phase Approach or Phase Function Method, is used to construct local inverse potentials for the \( ^3S_1 \) and \( ^1S_0 \) states of the deuteron. The Morse potential has been optimized by adjusting parameters using the Variational Monte Carlo (VMC) and Multilayer Perceptron (MLP) type Neural Networks (NN). The inverse potentials obtained from VMC and NN show almost identical parameters. In VMC, all three parameters of the Morse potential are varied to obtain the phase shifts, while in NN, the 3D-parameter optimization problem is converted to a 1D-parameter optimization problem, thus reducing optimization parameters, time, and computational cost.
  Recently, the GRANADA group published a comprehensive partial wave analysis of scattering data, which includes 6713 \( np \) phase shift data points from 1950 to 2013. Using the final experimental data points from GRANADA, we obtained the parameters for the Morse potential by minimizing the mean square error (MSE) as the cost function. The MSE using VMC (NN) is found to be 0.65 (2.5) for the \( ^1S_0 \) state and 0.16 (0.22) for the \( ^3S_1 \) state. Various quantum functions, such as phase \( δ(r) \), amplitude \( A(r) \), and wave function \( u(r) \), are described up to 5 fm with energies \( E_{\ell ab} = [1-350 \text{ MeV}] \).",2407.02137v2,nucl-th,2024-07-02 10:31:34+00:00,https://arxiv.org/pdf/2407.02137v2,"""quantum neural network"" AND ""partial differential equation"""
Hermite Neural Network Simulation for Solving the 2D Schrodinger Equation,"['Kourosh Parand', 'Aida Pakniyat']","The Schrodinger equation is a mathematical equation describing the wave function's behavior in a quantum-mechanical system. It is a partial differential equation that provides valuable insights into the fundamental principles of quantum mechanics. In this paper, the aim was to solve the Schrodinger equation with sufficient accuracy by using a mixture of neural networks with the collocation method base Hermite functions. Initially, the Hermite functions roots were employed as collocation points, enhancing the efficiency of the solution. The Schrodinger equation is defined in an infinite domain, the use of Hermite functions as activation functions resulted in excellent precision. Finally, the proposed method was simulated using MATLAB's Simulink tool. The results were then compared with those obtained using Physics-informed neural networks and the presented method.",2402.10649v1,math.NA,2024-02-16 12:51:25+00:00,https://arxiv.org/pdf/2402.10649v1,"""quantum neural network"" AND ""partial differential equation"""
Quantum-inspired nonlinear Galerkin ansatz for high-dimensional HJB equations,"['Chuhao Sun', 'Asaf Cohen', 'James Stokes', 'Shravan Veerapaneni']","Neural networks are increasingly recognized as a powerful numerical solution technique for partial differential equations (PDEs) arising in diverse scientific computing domains, including quantum many-body physics. In the context of time-dependent PDEs, the dominant paradigm involves casting the approximate solution in terms of stochastic minimization of an objective function given by the norm of the PDE residual, viewed as a function of the neural network parameters. Recently, advancements have been made in the direction of an alternative approach which shares aspects of nonlinearly parametrized Galerkin methods and variational quantum Monte Carlo, especially for high-dimensional, time-dependent PDEs that extend beyond the usual scope of quantum physics. This paper is inspired by the potential of solving Hamilton-Jacobi-Bellman (HJB) PDEs using Neural Galerkin methods and commences the exploration of nonlinearly parametrized trial functions for which the evolution equations are analytically tractable. As a precursor to the Neural Galerkin scheme, we present trial functions with evolution equations that admit closed-form solutions, focusing on time-dependent HJB equations relevant to finance.",2311.12239v1,math.NA,2023-11-20 23:31:41+00:00,https://arxiv.org/pdf/2311.12239v1,"""quantum neural network"" AND ""partial differential equation"""
Deep learning-based quantum algorithms for solving nonlinear partial differential equations,"['Lukas Mouton', 'Florentin Reiter', 'Ying Chen', 'Patrick Rebentrost']","Partial differential equations frequently appear in the natural sciences and related disciplines. Solving them is often challenging, particularly in high dimensions, due to the ""curse of dimensionality"". In this work, we explore the potential for enhancing a classical deep learning-based method for solving high-dimensional nonlinear partial differential equations with suitable quantum subroutines. First, with near-term noisy intermediate-scale quantum computers in mind, we construct architectures employing variational quantum circuits and classical neural networks in conjunction. While the hybrid architectures show equal or worse performance than their fully classical counterparts in simulations, they may still be of use in very high-dimensional cases or if the problem is of a quantum mechanical nature. Next, we identify the bottlenecks imposed by Monte Carlo sampling and the training of the neural networks. We find that quantum-accelerated Monte Carlo methods offer the potential to speed up the estimation of the loss function. In addition, we identify and analyse the trade-offs when using quantum-accelerated Monte Carlo methods to estimate the gradients with different methods, including a recently developed backpropagation-free forward gradient method. Finally, we discuss the usage of a suitable quantum algorithm for accelerating the training of feed-forward neural networks. Hence, this work provides different avenues with the potential for polynomial speedups for deep learning-based methods for nonlinear partial differential equations.",2305.02019v2,quant-ph,2023-05-03 10:17:51+00:00,https://arxiv.org/pdf/2305.02019v2,"""quantum neural network"" AND ""partial differential equation"""
Q-Flow: Generative Modeling for Differential Equations of Open Quantum Dynamics with Normalizing Flows,"['Owen Dugan', 'Peter Y. Lu', 'Rumen Dangovski', 'Di Luo', 'Marin Soljačić']","Studying the dynamics of open quantum systems can enable breakthroughs both in fundamental physics and applications to quantum engineering and quantum computation. Since the density matrix $ρ$, which is the fundamental description for the dynamics of such systems, is high-dimensional, customized deep generative neural networks have been instrumental in modeling $ρ$. However, the complex-valued nature and normalization constraints of $ρ$, as well as its complicated dynamics, prohibit a seamless connection between open quantum systems and the recent advances in deep generative modeling. Here we lift that limitation by utilizing a reformulation of open quantum system dynamics to a partial differential equation (PDE) for a corresponding probability distribution $Q$, the Husimi Q function. Thus, we model the Q function seamlessly with off-the-shelf deep generative models such as normalizing flows. Additionally, we develop novel methods for learning normalizing flow evolution governed by high-dimensional PDEs based on the Euler method and the application of the time-dependent variational principle. We name the resulting approach $Q$-$Flow$ and demonstrate the scalability and efficiency of Q-Flow on open quantum system simulations, including the dissipative harmonic oscillator and the dissipative bosonic model. Q-Flow is superior to conventional PDE solvers and state-of-the-art physics-informed neural network solvers, especially in high-dimensional systems.",2302.12235v2,quant-ph,2023-02-23 18:54:27+00:00,https://arxiv.org/pdf/2302.12235v2,"""quantum neural network"" AND ""partial differential equation"""
On Physics-Informed Neural Networks for Quantum Computers,['Stefano Markidis'],"Physics-Informed Neural Networks (PINN) emerged as a powerful tool for solving scientific computing problems, ranging from the solution of Partial Differential Equations to data assimilation tasks. One of the advantages of using PINN is to leverage the usage of Machine Learning computational frameworks relying on the combined usage of CPUs and co-processors, such as accelerators, to achieve maximum performance. This work investigates the design, implementation, and performance of PINNs, using the Quantum Processing Unit (QPU) co-processor. We design a simple Quantum PINN to solve the one-dimensional Poisson problem using a Continuous Variable (CV) quantum computing framework. We discuss the impact of different optimizers, PINN residual formulation, and quantum neural network depth on the quantum PINN accuracy. We show that the optimizer exploration of the training landscape in the case of quantum PINN is not as effective as in classical PINN, and basic Stochastic Gradient Descent (SGD) optimizers outperform adaptive and high-order optimizers. Finally, we highlight the difference in methods and algorithms between quantum and classical PINNs and outline future research challenges for quantum PINN development.",2209.14754v2,quant-ph,2022-09-28 11:10:29+00:00,https://arxiv.org/pdf/2209.14754v2,"""quantum neural network"" AND ""partial differential equation"""
Quantum-Inspired Tensor Neural Networks for Partial Differential Equations,"['Raj Patel', 'Chia-Wei Hsing', 'Serkan Sahin', 'Saeed S. Jahromi', 'Samuel Palmer', 'Shivam Sharma', 'Christophe Michel', 'Vincent Porte', 'Mustafa Abid', 'Stephane Aubert', 'Pierre Castellani', 'Chi-Guhn Lee', 'Samuel Mugel', 'Roman Orus']","Partial Differential Equations (PDEs) are used to model a variety of dynamical systems in science and engineering. Recent advances in deep learning have enabled us to solve them in a higher dimension by addressing the curse of dimensionality in new ways. However, deep learning methods are constrained by training time and memory. To tackle these shortcomings, we implement Tensor Neural Networks (TNN), a quantum-inspired neural network architecture that leverages Tensor Network ideas to improve upon deep learning approaches. We demonstrate that TNN provide significant parameter savings while attaining the same accuracy as compared to the classical Dense Neural Network (DNN). In addition, we also show how TNN can be trained faster than DNN for the same accuracy. We benchmark TNN by applying them to solve parabolic PDEs, specifically the Black-Scholes-Barenblatt equation, widely used in financial pricing theory, empirically showing the advantages of TNN over DNN. Further examples, such as the Hamilton-Jacobi-Bellman equation, are also discussed.",2208.02235v2,cs.LG,2022-08-03 17:41:11+00:00,https://arxiv.org/pdf/2208.02235v2,"""quantum neural network"" AND ""partial differential equation"""
Quantum-inspired variational algorithms for partial differential equations: Application to financial derivative pricing,"['Tianchen Zhao', 'Chuhao Sun', 'Asaf Cohen', 'James Stokes', 'Shravan Veerapaneni']","Variational quantum Monte Carlo (VMC) combined with neural-network quantum states offers a novel angle of attack on the curse-of-dimensionality encountered in a particular class of partial differential equations (PDEs); namely, the real- and imaginary time-dependent Schrödinger equation. In this paper, we present a simple generalization of VMC applicable to arbitrary time-dependent PDEs, showcasing the technique in the multi-asset Black-Scholes PDE for pricing European options contingent on many correlated underlying assets.",2207.10838v1,math.NA,2022-07-22 02:06:23+00:00,https://arxiv.org/pdf/2207.10838v1,"""quantum neural network"" AND ""partial differential equation"""
Lagrangian Density Space-Time Deep Neural Network Topology,['Bhupesh Bishnoi'],"As a network-based functional approximator, we have proposed a ""Lagrangian Density Space-Time Deep Neural Networks"" (LDDNN) topology. It is qualified for unsupervised training and learning to predict the dynamics of underlying physical science governed phenomena. The prototypical network respects the fundamental conservation laws of nature through the succinctly described Lagrangian and Hamiltonian density of the system by a given data-set of generalized nonlinear partial differential equations. The objective is to parameterize the Lagrangian density over a neural network and directly learn from it through data instead of hand-crafting an exact time-dependent ""Action solution"" of Lagrangian density for the physical system. With this novel approach, can understand and open up the information inference aspect of the ""Black-box deep machine learning representation"" for the physical dynamics of nature by constructing custom-tailored network interconnect topologies, activation, and loss/cost functions based on the underlying physical differential operators. This article will discuss statistical physics interpretation of neural networks in the Lagrangian and Hamiltonian domains.",2207.12209v1,quant-ph,2022-06-30 03:29:35+00:00,https://arxiv.org/pdf/2207.12209v1,"""quantum neural network"" AND ""partial differential equation"""
Integral Transforms in a Physics-Informed (Quantum) Neural Network setting: Applications & Use-Cases,"['Niraj Kumar', 'Evan Philip', 'Vincent E. Elfving']","In many computational problems in engineering and science, function or model differentiation is essential, but also integration is needed. An important class of computational problems include so-called integro-differential equations which include both integrals and derivatives of a function. In another example, stochastic differential equations can be written in terms of a partial differential equation of a probability density function of the stochastic variable. To learn characteristics of the stochastic variable based on the density function, specific integral transforms, namely moments, of the density function need to be calculated. Recently, the machine learning paradigm of Physics-Informed Neural Networks emerged with increasing popularity as a method to solve differential equations by leveraging automatic differentiation. In this work, we propose to augment the paradigm of Physics-Informed Neural Networks with automatic integration in order to compute complex integral transforms on trained solutions, and to solve integro-differential equations where integrals are computed on-the-fly during training. Furthermore, we showcase the techniques in various application settings, numerically simulating quantum computer-based neural networks as well as classical neural networks.",2206.14184v1,quant-ph,2022-06-28 17:51:32+00:00,https://arxiv.org/pdf/2206.14184v1,"""quantum neural network"" AND ""partial differential equation"""
A comparison of PINN approaches for drift-diffusion equations on metric graphs,"['Jan Blechschmidt', 'Jan-Frederik Pietschman', 'Tom-Christian Riemer', 'Martin Stoll', 'Max Winkler']","In this paper we focus on comparing machine learning approaches for quantum graphs, which are metric graphs, i.e., graphs with dedicated edge lengths, and an associated differential operator. In our case the differential equation is a drift-diffusion model. Computational methods for quantum graphs require a careful discretization of the differential operator that also incorporates the node conditions, in our case Kirchhoff-Neumann conditions. Traditional numerical schemes are rather mature but have to be tailored manually when the differential equation becomes the constraint in an optimization problem. Recently, physics informed neural networks (PINNs) have emerged as a versatile tool for the solution of partial differential equations from a range of applications. They offer flexibility to solve parameter identification or optimization problems by only slightly changing the problem formulation used for the forward simulation. We compare several PINN approaches for solving the drift-diffusion on the metric graph.",2205.07195v1,stat.ML,2022-05-15 06:17:33+00:00,https://arxiv.org/pdf/2205.07195v1,"""quantum neural network"" AND ""partial differential equation"""
One-Shot Transfer Learning of Physics-Informed Neural Networks,"['Shaan Desai', 'Marios Mattheakis', 'Hayden Joy', 'Pavlos Protopapas', 'Stephen Roberts']","Solving differential equations efficiently and accurately sits at the heart of progress in many areas of scientific research, from classical dynamical systems to quantum mechanics. There is a surge of interest in using Physics-Informed Neural Networks (PINNs) to tackle such problems as they provide numerous benefits over traditional numerical approaches. Despite their potential benefits for solving differential equations, transfer learning has been under explored. In this study, we present a general framework for transfer learning PINNs that results in one-shot inference for linear systems of both ordinary and partial differential equations. This means that highly accurate solutions to many unknown differential equations can be obtained instantaneously without retraining an entire network. We demonstrate the efficacy of the proposed deep learning approach by solving several real-world problems, such as first- and second-order linear ordinary equations, the Poisson equation, and the time-dependent Schrodinger complex-value partial differential equation.",2110.11286v2,cs.LG,2021-10-21 17:14:58+00:00,https://arxiv.org/pdf/2110.11286v2,"""quantum neural network"" AND ""partial differential equation"""
"Machine Learning For Elliptic PDEs: Fast Rate Generalization Bound, Neural Scaling Law and Minimax Optimality","['Yiping Lu', 'Haoxuan Chen', 'Jianfeng Lu', 'Lexing Ying', 'Jose Blanchet']","In this paper, we study the statistical limits of deep learning techniques for solving elliptic partial differential equations (PDEs) from random samples using the Deep Ritz Method (DRM) and Physics-Informed Neural Networks (PINNs). To simplify the problem, we focus on a prototype elliptic PDE: the Schrödinger equation on a hypercube with zero Dirichlet boundary condition, which has wide application in the quantum-mechanical systems. We establish upper and lower bounds for both methods, which improves upon concurrently developed upper bounds for this problem via a fast rate generalization bound. We discover that the current Deep Ritz Methods is sub-optimal and propose a modified version of it. We also prove that PINN and the modified version of DRM can achieve minimax optimal bounds over Sobolev spaces. Empirically, following recent work which has shown that the deep model accuracy will improve with growing training sets according to a power law, we supply computational experiments to show a similar behavior of dimension dependent power law for deep PDE solvers.",2110.06897v2,math.NA,2021-10-13 17:26:31+00:00,https://arxiv.org/pdf/2110.06897v2,"""quantum neural network"" AND ""partial differential equation"""
Continuous-variable neural-network quantum states and the quantum rotor model,"['James Stokes', 'Saibal De', 'Shravan Veerapaneni', 'Giuseppe Carleo']","We initiate the study of neural-network quantum state algorithms for analyzing continuous-variable lattice quantum systems in first quantization. A simple family of continuous-variable trial wavefunctons is introduced which naturally generalizes the restricted Boltzmann machine (RBM) wavefunction introduced for analyzing quantum spin systems. By virtue of its simplicity, the same variational Monte Carlo training algorithms that have been developed for ground state determination and time evolution of spin systems have natural analogues in the continuum. We offer a proof of principle demonstration in the context of ground state determination of a stoquastic quantum rotor Hamiltonian. Results are compared against those obtained from partial differential equation (PDE) based scalable eigensolvers. This study serves as a benchmark against which future investigation of continuous-variable neural quantum states can be compared, and points to the need to consider deep network architectures and more sophisticated training algorithms.",2107.07105v1,quant-ph,2021-07-15 03:53:14+00:00,https://arxiv.org/pdf/2107.07105v1,"""quantum neural network"" AND ""partial differential equation"""
Predicting Quantum Potentials by Deep Neural Network and Metropolis Sampling,"['Rui Hong', 'Peng-Fei Zhou', 'Bin Xi', 'Jie Hu', 'An-Chun Ji', 'Shi-Ju Ran']","The hybridizations of machine learning and quantum physics have caused essential impacts to the methodology in both fields. Inspired by quantum potential neural network, we here propose to solve the potential in the Schrodinger equation provided the eigenstate, by combining Metropolis sampling with deep neural network, which we dub as Metropolis potential neural network (MPNN). A loss function is proposed to explicitly involve the energy in the optimization for its accurate evaluation. Benchmarking on the harmonic oscillator and hydrogen atom, MPNN shows excellent accuracy and stability on predicting not just the potential to satisfy the Schrodinger equation, but also the eigen-energy. Our proposal could be potentially applied to the ab-initio simulations, and to inversely solving other partial differential equations in physics and beyond.",2106.03126v2,quant-ph,2021-06-06 14:03:17+00:00,https://arxiv.org/pdf/2106.03126v2,"""quantum neural network"" AND ""partial differential equation"""
"Deep Learning: Hydrodynamics, and Lie-Poisson Hamilton-Jacobi Theory",['Nader Ganaba'],"The interpretation of deep learning as a dynamical system has gained a considerable attention in recent years as it provides a promising framework. It allows for the use of existing ideas from established fields of mathematics for studying deep neural networks. In this article we present deep learning as an equivalent hydrodynamics formulation which in fact possess a Lie-Poisson structure and this further allows for using Poisson geometry to study deep learning. This is possible by considering the training of a deep neural network as a stochastic optimal control problem, which is solved using mean-field type control. The optimality conditions for the stochastic optimal control problem yield a system of partial differential equations, which we reduce to a system of equations of quantum hydrodynamics. We further take the hydrodynamics equivalence to show that, with conditions imposed on the network, that it is equivalent to the nonlinear Schrödinger equation.
  As the such systems have a particular geometric structure, we also present a structure-preserving numerical scheme based on the Hamilton-Jacobi theory and its Lie-Poisson version known as Lie-Poisson Hamilton-Jacobi theory. The choice of this scheme was decided by the fact it can be applied to both deterministic and mean-field type control Hamiltonians. Not only this method eliminates the possibility of the emergence of fictitious solutions, it also eliminates the need for additional constraints when constructing high order methods.",2105.09542v2,math.OC,2021-05-20 06:55:17+00:00,https://arxiv.org/pdf/2105.09542v2,"""quantum neural network"" AND ""partial differential equation"""
dNNsolve: an efficient NN-based PDE solver,"['Veronica Guidetti', 'Francesco Muia', 'Yvette Welling', 'Alexander Westphal']","Neural Networks (NNs) can be used to solve Ordinary and Partial Differential Equations (ODEs and PDEs) by redefining the question as an optimization problem. The objective function to be optimized is the sum of the squares of the PDE to be solved and of the initial/boundary conditions. A feed forward NN is trained to minimise this loss function evaluated on a set of collocation points sampled from the domain where the problem is defined. A compact and smooth solution, that only depends on the weights of the trained NN, is then obtained. This approach is often referred to as PINN, from Physics Informed Neural Network~\cite{raissi2017physics_1, raissi2017physics_2}. Despite the success of the PINN approach in solving various classes of PDEs, an implementation of this idea that is capable of solving a large class of ODEs and PDEs with good accuracy and without the need to finely tune the hyperparameters of the network, is not available yet. In this paper, we introduce a new implementation of this concept - called dNNsolve - that makes use of dual Neural Networks to solve ODEs/PDEs. These include: i) sine and sigmoidal activation functions, that provide a more efficient basis to capture both secular and periodic patterns in the solutions; ii) a newly designed architecture, that makes it easy for the the NN to approximate the solution using the basis functions mentioned above. We show that dNNsolve is capable of solving a broad range of ODEs/PDEs in 1, 2 and 3 spacetime dimensions, without the need of hyperparameter fine-tuning.",2103.08662v1,cs.LG,2021-03-15 19:14:41+00:00,https://arxiv.org/pdf/2103.08662v1,"""quantum neural network"" AND ""partial differential equation"""
Partial Differential Equations is All You Need for Generating Neural Architectures -- A Theory for Physical Artificial Intelligence Systems,"['Ping Guo', 'Kaizhu Huang', 'Zenglin Xu']","In this work, we generalize the reaction-diffusion equation in statistical physics, Schrödinger equation in quantum mechanics, Helmholtz equation in paraxial optics into the neural partial differential equations (NPDE), which can be considered as the fundamental equations in the field of artificial intelligence research. We take finite difference method to discretize NPDE for finding numerical solution, and the basic building blocks of deep neural network architecture, including multi-layer perceptron, convolutional neural network and recurrent neural networks, are generated. The learning strategies, such as Adaptive moment estimation, L-BFGS, pseudoinverse learning algorithms and partial differential equation constrained optimization, are also presented. We believe it is of significance that presented clear physical image of interpretable deep neural networks, which makes it be possible for applying to analog computing device design, and pave the road to physical artificial intelligence.",2103.08313v2,cs.LG,2021-03-10 00:05:46+00:00,https://arxiv.org/pdf/2103.08313v2,"""quantum neural network"" AND ""partial differential equation"""
DeepSets and their derivative networks for solving symmetric PDEs,"['Maximilien Germain', 'Mathieu Laurière', 'Huyên Pham', 'Xavier Warin']","Machine learning methods for solving nonlinear partial differential equations (PDEs) are hot topical issues, and different algorithms proposed in the literature show efficient numerical approximation in high dimension. In this paper, we introduce a class of PDEs that are invariant to permutations, and called symmetric PDEs. Such problems are widespread, ranging from cosmology to quantum mechanics, and option pricing/hedging in multi-asset market with exchangeable payoff. Our main application comes actually from the particles approximation of mean-field control problems. We design deep learning algorithms based on certain types of neural networks, named PointNet and DeepSet (and their associated derivative networks), for computing simultaneously an approximation of the solution and its gradient to symmetric PDEs. We illustrate the performance and accuracy of the PointNet/DeepSet networks compared to classical feedforward ones, and provide several numerical results of our algorithm for the examples of a mean-field systemic risk, mean-variance problem and a min/max linear quadratic McKean-Vlasov control problem.",2103.00838v2,math.OC,2021-03-01 08:19:16+00:00,https://arxiv.org/pdf/2103.00838v2,"""quantum neural network"" AND ""partial differential equation"""
Control of Stochastic Quantum Dynamics by Differentiable Programming,"['Frank Schäfer', 'Pavel Sekatski', 'Martin Koppenhöfer', 'Christoph Bruder', 'Michal Kloc']","Control of the stochastic dynamics of a quantum system is indispensable in fields such as quantum information processing and metrology. However, there is no general ready-made approach to the design of efficient control strategies. Here, we propose a framework for the automated design of control schemes based on differentiable programming ($\partial \mathrm{P}$). We apply this approach to the state preparation and stabilization of a qubit subjected to homodyne detection. To this end, we formulate the control task as an optimization problem where the loss function quantifies the distance from the target state, and we employ neural networks (NNs) as controllers. The system's time evolution is governed by a stochastic differential equation (SDE). To implement efficient training, we backpropagate the gradient information from the loss function through the SDE solver using adjoint sensitivity methods. As a first example, we feed the quantum state to the controller and focus on different methods of obtaining gradients. As a second example, we directly feed the homodyne detection signal to the controller. The instantaneous value of the homodyne current contains only very limited information on the actual state of the system, masked by unavoidable photon-number fluctuations. Despite the resulting poor signal-to-noise ratio, we can train our controller to prepare and stabilize the qubit to a target state with a mean fidelity of around 85%. We also compare the solutions found by the NN to a hand-crafted control strategy.",2101.01190v2,quant-ph,2021-01-04 19:00:03+00:00,https://arxiv.org/pdf/2101.01190v2,"""quantum neural network"" AND ""partial differential equation"""
Autoregressive Transformer Neural Network for Simulating Open Quantum Systems via a Probabilistic Formulation,"['Di Luo', 'Zhuo Chen', 'Juan Carrasquilla', 'Bryan K. Clark']","The theory of open quantum systems lays the foundations for a substantial part of modern research in quantum science and engineering. Rooted in the dimensionality of their extended Hilbert spaces, the high computational complexity of simulating open quantum systems calls for the development of strategies to approximate their dynamics. In this paper, we present an approach for tackling open quantum system dynamics. Using an exact probabilistic formulation of quantum physics based on positive operator-valued measure (POVM), we compactly represent quantum states with autoregressive transformer neural networks; such networks bring significant algorithmic flexibility due to efficient exact sampling and tractable density. We further introduce the concept of String States to partially restore the symmetry of the autoregressive transformer neural network and improve the description of local correlations. Efficient algorithms have been developed to simulate the dynamics of the Liouvillian superoperator using a forward-backward trapezoid method and find the steady state via a variational formulation. Our approach is benchmarked on prototypical one and two-dimensional systems, finding results which closely track the exact solution and achieve higher accuracy than alternative approaches based on using Markov chain Monte Carlo to sample restricted Boltzmann machines. Our work provides general methods for understanding quantum dynamics in various contexts, as well as techniques for solving high-dimensional probabilistic differential equations in classical setups.",2009.05580v4,cond-mat.str-el,2020-09-11 18:00:00+00:00,https://arxiv.org/pdf/2009.05580v4,"""quantum neural network"" AND ""partial differential equation"""
Solving differential equations with neural networks: Applications to the calculation of cosmological phase transitions,"['Maria Laura Piscopo', 'Michael Spannowsky', 'Philip Waite']","Starting from the observation that artificial neural networks are uniquely suited to solving optimisation problems, and most physics problems can be cast as an optimisation task, we introduce a novel way of finding a numerical solution to wide classes of differential equations. We find our approach to be very flexible and stable without relying on trial solutions, and applicable to ordinary, partial and coupled differential equations. We apply our method to the calculation of tunnelling profiles for cosmological phase transitions, which is a problem of relevance for baryogenesis and stochastic gravitational wave spectra. Comparing our solutions with publicly available codes which use numerical methods optimised for the calculation of tunnelling profiles, we find our approach to provide at least as accurate results as these dedicated differential equation solvers, and for some parameter choices even more accurate and reliable solutions. In particular, we compare the neural network approach with two publicly available profile solvers, \texttt{CosmoTransitions} and \texttt{BubbleProfiler}, and give explicit examples where the neural network approach finds the correct solution while dedicated solvers do not. We point out that this approach of using artificial neural networks to solve equations is viable for any problem that can be cast into the form $\mathcal{F}(\vec{x})=0$, and is thus applicable to various other problems in perturbative and non-perturbative quantum field theory.",1902.05563v2,hep-ph,2019-02-14 19:01:08+00:00,https://arxiv.org/pdf/1902.05563v2,"""quantum neural network"" AND ""partial differential equation"""
Artificial Neural Networks for Solving Ordinary and Partial Differential Equations,"['I. E. Lagaris', 'A. Likas', 'D. I. Fotiadis']","We present a method to solve initial and boundary value problems using artificial neural networks. A trial solution of the differential equation is written as a sum of two parts. The first part satisfies the boundary (or initial) conditions and contains no adjustable parameters. The second part is constructed so as not to affect the boundary conditions. This part involves a feedforward neural network, containing adjustable parameters (the weights). Hence by construction the boundary conditions are satisfied and the network is trained to satisfy the differential equation. The applicability of this approach ranges from single ODE's, to systems of coupled ODE's and also to PDE's. In this article we illustrate the method by solving a variety of model problems and present comparisons with finite elements for several cases of partial differential equations.",physics/9705023v1,physics.comp-ph,1997-05-19 10:35:48+00:00,https://arxiv.org/pdf/physics/9705023v1,"""quantum neural network"" AND ""partial differential equation"""
Artificial Neural Network Methods in Quantum Mechanics,"['I. E. Lagaris', 'A. Likas', 'D. I. Fotiadis']","In a previous article we have shown how one can employ Artificial Neural Networks (ANNs) in order to solve non-homogeneous ordinary and partial differential equations. In the present work we consider the solution of eigenvalue problems for differential and integrodifferential operators, using ANNs. We start by considering the Schrödinger equation for the Morse potential that has an analytically known solution, to test the accuracy of the method. We then proceed with the Schrödinger and the Dirac equations for a muonic atom, as well as with a non-local Schrödinger integrodifferential equation that models the $n+α$ system in the framework of the resonating group method. In two dimensions we consider the well studied Henon-Heiles Hamiltonian and in three dimensions the model problem of three coupled anharmonic oscillators. The method in all of the treated cases proved to be highly accurate, robust and efficient. Hence it is a promising tool for tackling problems of higher complexity and dimensionality.",quant-ph/9705029v1,quant-ph,1997-05-15 17:19:52+00:00,https://arxiv.org/pdf/quant-ph/9705029v1,"""quantum neural network"" AND ""partial differential equation"""
AdS/Deep-Learning made easy II: neural network-based approaches to holography and inverse problems,"['Hyun-Sik Jeong', 'Hanse Kim', 'Keun-Young Kim', 'Gaya Yun', 'Hyeonwoo Yu', 'Kwan Yun']","We apply physics-informed machine learning (PIML) to solve inverse problems in holography and classical mechanics, focusing on neural ordinary differential equations (Neural ODEs) and physics-informed neural networks (PINNs) for solving non-linear differential equations of motion. First, we introduce holographic inverse problems and demonstrate how PIML can reconstruct bulk spacetime and effective potentials from boundary quantum data. To illustrate this, two case studies are explored: the QCD equation of state in holographic QCD and $T$-linear resistivity in holographic strange metals. Additionally, we explicitly show how such holographic problems can be analogized to inverse problems in classical mechanics, modeling frictional forces with neural networks. We also explore Kolmogorov-Arnold Networks (KANs) as an alternative to traditional neural networks, offering more efficient solutions in certain cases. This manuscript aim to provide a systematic framework for using neural networks in inverse problems, serving as a comprehensive reference for researchers in machine learning for high-energy physics, with methodologies that also have broader applications in mathematics, engineering, and the natural sciences.",2511.22522v1,hep-th,2025-11-27 15:02:53+00:00,https://arxiv.org/pdf/2511.22522v1,"""quantum machine learning"" AND ""differential equation"""
Some New Types of Well-Behaved Polynomial Redshift Parametrization of Dark Energy Equation of State,"['Prabir Rudra', 'Aritra Sanyal', 'Promila Biswas', 'Tuhina Ghorui', 'Ritabrata Biswas', 'Farook Rahaman']","In this paper, we explore a new type of smooth and well-behaved polynomial redshift function that can avoid a future singularity. Using this function, we have proposed different redshift parametrizations of the dark energy equation of state, drawing motivation from different polynomial functions like conventional polynomial, Legendre polynomial, Laguerre polynomial, Chebyshev polynomial and Fibonacci polynomial. The main feature of these parametrizations is their well-behaved nature throughout the evolution of the universe, which was a matter of concern in most of the previous polynomial parametrizations of the dark energy equation of state (EoS). This form of parametrization may be considered as an extension of those forms with no divergence at any redshift value. A comprehensive observational data analysis is performed with the Hubble, BAO and DESI datasets to constrain the parameter space of the models. Confidence contours showing joint and marginalized posterior distribution with different combinations of datasets are generated using a Markov Chain Monte Carlo approach. We see that our improved parametrizations enable us to derive more stringent restrictions on the current dark energy EoS and its derivative, which improves performance. Finally, a machine learning analysis is performed using some suitable algorithms like ELR, PILR, ANN, SVR, ERFR and GBR to compare the models. Among all the tested polynomial bases, the Legendre basis demonstrated superior performance with the lowest test RMSE and reduced $χ^{2}$ value under the Modified Differential Evolution theoretical model, indicating exceptional physical accuracy and numerical stability.",2510.21892v1,gr-qc,2025-10-24 07:02:03+00:00,https://arxiv.org/pdf/2510.21892v1,"""quantum machine learning"" AND ""differential equation"""
Experimental differentiation and extremization with analog quantum circuits,"['Evan Philip', 'Julius de Hond', 'Vytautas Abramavicius', 'Kaonan Micadei', 'Mario Dagrada', 'Panagiotis Barkoutsos', 'Mourad Beji', 'Louis-Paul Henry', 'Vincent E. Elfving', 'Antonio A. Gentile', 'Savvas Varsamopoulos']","Solving and optimizing differential equations (DEs) is ubiquitous in both engineering and fundamental science. The promise of quantum architectures to accelerate scientific computing thus naturally involved interest towards how efficiently quantum algorithms can solve DEs. Differentiable quantum circuits (DQC) offer a viable route to compute DE solutions using a variational approach amenable to existing quantum computers, by producing a machine-learnable surrogate of the solution. Quantum extremal learning (QEL) complements such approach by finding extreme points in the output of learnable models of unknown (implicit) functions, offering a powerful tool to bypass a full DE solution, in cases where the crux consists in retrieving solution extrema. In this work, we provide the results from the first experimental demonstration of both DQC and QEL, displaying their performance on a synthetic usecase. Whilst both DQC and QEL are expected to require digital quantum hardware, we successfully challenge this assumption by running a closed-loop instance on a commercial analog quantum computer, based upon neutral atom technology.",2510.20713v1,quant-ph,2025-10-23 16:29:28+00:00,https://arxiv.org/pdf/2510.20713v1,"""quantum machine learning"" AND ""differential equation"""
A Systematic Literature Review of Machine Learning Techniques for Observational Constraints in Cosmology,"['Luis Rojas', 'Sebastián Espinoza', 'Esteban González', 'Carlos Maldonado', 'Fei Luo']","This paper presents a systematic literature review focusing on the application of machine learning techniques for deriving observational constraints in cosmology. The goal is to evaluate and synthesize existing research to identify effective methodologies, highlight gaps, and propose future research directions. Our review identifies several key findings: (1) various machine learning techniques, including Bayesian neural networks, Gaussian processes, and deep learning models, have been applied to cosmological data analysis, improving parameter estimation and handling large datasets. However, models achieving significant computational speedups often exhibit worse confidence regions compared to traditional methods, emphasizing the need for future research to enhance both efficiency and measurement precision. (2) Traditional cosmological methods, such as those using Type Ia Supernovae, baryon acoustic oscillations, and cosmic microwave background data, remain fundamental, but most studies focus narrowly on specific datasets. We recommend broader dataset usage to fully validate alternative cosmological models. (3) The reviewed studies mainly address the $H_0$ tension, leaving other cosmological challenges-such as the cosmological constant problem, warm dark matter, phantom dark energy, and others-unexplored. (4) Hybrid methodologies combining machine learning with Markov chain Monte Carlo offer promising results, particularly when machine learning techniques are used to solve differential equations, such as Einstein Boltzmann solvers, as prior to Markov chain Monte Carlo models, accelerating computations while maintaining precision. (5) There is a significant need for standardized evaluation criteria and methodologies, as variability in training processes and experimental setups complicates result comparability and reproducibility (abridged).",2510.09876v1,astro-ph.CO,2025-10-10 21:28:28+00:00,https://arxiv.org/pdf/2510.09876v1,"""quantum machine learning"" AND ""differential equation"""
Spectral functions in Minkowski quantum electrodynamics from neural reconstruction: Benchmarking against dispersive Dyson--Schwinger integral equations,['Rodrigo Carmo Terin'],"A Minkowskian physics-informed neural network approach (M--PINN) is formulated to solve the Dyson--Schwinger integral equations (DSE) of quantum electrodynamics (QED) directly in Minkowski spacetime. Our novel strategy merges two complementary approaches: (i) a dispersive solver based on Lehmann representations and subtracted dispersion relations, and (ii) a M--PINN that learns the fermion mass function $B(p^2)$, under the same truncation and renormalization configuration (quenched, rainbow, Landau gauge) with the loss integrating the DSE residual with multi--scale regularization, and monotonicity/smoothing penalties in the spacelike branch in the same way as in our previous work in Euclidean space. The benchmarks show quantitative agreement from the infrared (IR) to the ultraviolet (UV) scales in both on-shell and momentum-subtraction schemes. In this controlled setting, our M--PINN reproduces the dispersive solution whilst remaining computationally compact and differentiable, paving the way for extensions with realistic vertices, unquenching effects, and uncertainty-aware variants.",2510.24728v1,hep-ph,2025-10-06 13:19:17+00:00,https://arxiv.org/pdf/2510.24728v1,"""quantum machine learning"" AND ""differential equation"""
Solving Linear Systems of Equations with the Quantum HHL Algorithm: A Tutorial on the Physical and Mathematical Foundations for Undergraduate Students,"['Lucas Q. Galvão', 'Anna Beatriz M. de Souza', 'Alexandre Oliveira S. Santos', 'André Saimon S. Sousa', 'Clebson Cruz']","Quantum computing enables the efficient resolution of complex problems, often outperforming classical methods across various applications. In 2009, Harrow, Hassidim and Lloyd proposed an algorithm for solving linear systems of equations, demonstrating exponential speedup (under ideal conditions) with a complexity of $poly(\log N)$, in contrast to classical approaches, which in the general case exhibit a complexity of $O(N^3)$, although they can achieve $O(N)$ in specific cases involving sparse matrices. This algorithm holds promise for advancements in machine learning, the solution of differential equations, linear regression, and cryptographic analysis. However, its structure is intricate, and there is a notable lack of detailed instructional materials in the literature. In this context, this paper presents a tutorial addressing the physical and mathematical foundations of the HHL algorithm, aimed at undergraduate students, explaining its theoretical construction and its implementation for solving linear equation systems. After discussing the underlying mathematical and physical concepts, we present numerical examples that illustrate the evolution of the quantum circuit. Finally, the algorithm's complexity, limitations, and future prospects are analyzed. The examples are compared with their classical simulations, allowing for an operational assessment of the algorithm's performance.",2509.16640v1,quant-ph,2025-09-20 11:37:48+00:00,https://arxiv.org/pdf/2509.16640v1,"""quantum machine learning"" AND ""differential equation"""
Quantum Noise Tomography with Physics-Informed Neural Networks,['Antonin Sulc'],"Characterizing the environmental interactions of quantum systems is a critical bottleneck in the development of robust quantum technologies. Traditional tomographic methods are often data-intensive and struggle with scalability. In this work, we introduce a novel framework for performing Lindblad tomography using Physics-Informed Neural Networks (PINNs). By embedding the Lindblad master equation directly into the neural network's loss function, our approach simultaneously learns the quantum state's evolution and infers the underlying dissipation parameters from sparse, time-series measurement data. Our results show that PINNs can reconstruct both the system dynamics and the functional form of unknown noise parameters, presenting a sample-efficient and scalable solution for quantum device characterization. Ultimately, our method produces a fully-differentiable digital twin of a noisy quantum system by learning its governing master equation.",2509.11911v1,quant-ph,2025-09-15 13:30:50+00:00,https://arxiv.org/pdf/2509.11911v1,"""quantum machine learning"" AND ""differential equation"""
Nonlinear Splitting for Gradient-Based Unconstrained and Adjoint Optimization,"['Brian K. Tran', 'Ben S. Southworth', 'David B. Cavender', 'Sam Olivier', 'Syed A. Shah', 'Tommaso Buvoli']","High dimensional and/or nonconvex optimization remains a challenging and important problem across a wide range of fields, such as machine learning, data assimilation, and partial differential equation (PDE) constrained optimization. Here we consider gradient-based methods for solving unconstrained and constrained optimization problems, and introduce the concept of nonlinear splitting to improve accuracy and efficiency. For unconstrained optimization, we consider splittings of the gradient to depend on two arguments, leading to semi-implicit gradient optimization algorithms. In the context of adjoint-based constrained optimization, we propose a splitting of the constraint $F(\mathbf{x},θ)$, effectively expanding the space on which we can evaluate the ``gradient''. In both cases, the formalism further allows natural coupling of nonlinearly split optimization methods with acceleration techniques, such as Nesterov or Anderson acceleration. The framework is demonstrated to outperform existing methods in terms of accuracy and/or runtime on a handful of diverse optimization problems. This includes low-dimensional analytic nonconvex functions, high-dimensional nonlinear least squares in quantum tomography, and PDE-constrained optimization of kinetic equations, where the total number of high-dimensional kinetic solves is reduced by a factor of three compared with standard adjoint optimization.",2508.20280v1,math.OC,2025-08-27 21:22:44+00:00,https://arxiv.org/pdf/2508.20280v1,"""quantum machine learning"" AND ""differential equation"""
Numerical Optimization for Tensor Disentanglement,"['Julia Wei', 'Alec Dektor', 'Chungen Shen', 'Zaiwen Wen', 'Chao Yang']","Tensor networks provide compact and scalable representations of high-dimensional data, enabling efficient computation in fields such as quantum physics, numerical partial differential equations (PDEs), and machine learning. This paper focuses on tensor disentangling, the task of identifying transformations that reduce bond dimensions by exploiting gauge freedom in the network. We formulate this task as an optimization problem over orthogonal matrices acting on a single tensor's indices, aiming to minimize the rank of its matricized form. We present Riemannian optimization methods and a joint optimization framework that alternates between optimizing the orthogonal transformation for a fixed low-rank approximation and optimizing the low-rank approximation for a fixed orthogonal transformation, offering a competitive alternative when the target rank is known. To seek the often unknown optimal rank, we introduce a binary search strategy integrated with the disentangling procedure. Numerical experiments on random tensors and tensors in an approximate isometric tensor network state are performed to compare different optimization methods and explore the possibility of combining different methods in a hybrid approach.",2508.19409v1,math.NA,2025-08-26 20:17:48+00:00,https://arxiv.org/pdf/2508.19409v1,"""quantum machine learning"" AND ""differential equation"""
Carleman Linearization of Differential-Algebraic Equations Systems,"['Marcos A. Hernandez-Ortega', 'C. M. Rergis', 'A. Roman-Messina', 'Erlan R. Murillo-Aguirre']","Carleman linearization is a mathematical technique that transforms nonlinear dynamical systems into infinite-dimensional linear systems, enabling simplified analysis. Initially developed for ordinary differential equations (ODEs) and later extended to partial differential equations (PDEs), it has found applications in control theory, biological systems, fluid dynamics, quantum mechanics, finance, and machine learning. This paper extends Carleman linearization to differential-algebraic equation (DAE) systems by introducing auxiliary functions and projecting the resulting system onto a higher-order ODE representation. Theoretical foundations are presented along with conditions under which the transformation is valid. The method is demonstrated on synthetic DAE examples, highlighting its effectiveness even when projection from algebraic variables to state variables is nontrivial or undefined.",2509.00004v1,math.OC,2025-08-07 23:55:32+00:00,https://arxiv.org/pdf/2509.00004v1,"""quantum machine learning"" AND ""differential equation"""
ResQ: A Novel Framework to Implement Residual Neural Networks on Analog Rydberg Atom Quantum Computers,"['Nicholas S. DiBrita', 'Jason Han', 'Tirthak Patel']","Research in quantum machine learning has recently proliferated due to the potential of quantum computing to accelerate machine learning. An area of machine learning that has not yet been explored is neural ordinary differential equation (neural ODE) based residual neural networks (ResNets), which aim to improve the effectiveness of neural networks using the principles of ordinary differential equations. In this work, we present our insights about why analog Rydberg atom quantum computers are especially well-suited for ResNets. We also introduce ResQ, a novel framework to optimize the dynamics of Rydberg atom quantum computers to solve classification problems in machine learning using analog quantum neural ODEs.",2506.21537v1,quant-ph,2025-06-26 17:55:12+00:00,https://arxiv.org/pdf/2506.21537v1,"""quantum machine learning"" AND ""differential equation"""
SPDEBench: An Extensive Benchmark for Learning Regular and Singular Stochastic PDEs,"['Zheyan Li', 'Yuantu Zhu', 'Hao Ni', 'Siran Li', 'Bingguang Chen', 'Qi Meng']","Stochastic Partial Differential Equations (SPDEs) driven by random noise play a central role in modelling physical processes whose spatio-temporal dynamics can be rough, such as turbulence flows, superconductors, and quantum dynamics. To efficiently model these processes and make predictions, machine learning (ML)-based surrogate models are proposed, with their network architectures incorporating the spatio-temporal roughness in their design. However, it lacks an extensive and unified datasets for SPDE learning; especially, existing datasets do not account for the computational error introduced by noise sampling and the necessary renormalization required for handling singular SPDEs. We thus introduce SPDEBench, which is designed to solve typical SPDEs of physical significance (e.g., the $Φ^4_d$, wave, incompressible Navier--Stokes, and KdV equations) on 1D or 2D tori driven by white noise via ML methods. New datasets for singular SPDEs based on the renormalization process have been constructed, and novel ML models achieving the best results to date have been proposed. In particular, we investigate the impact of computational error introduced by noise sampling and renormalization on the performance comparison of ML models and highlight the importance of selecting high-quality test data for accurate evaluation. Results are benchmarked with traditional numerical solvers and ML-based models, including FNO, NSPDE and DLR-Net, etc. It is shown that, for singular SPDEs, naively applying ML models on data without specifying the numerical schemes can lead to significant errors and misleading conclusions. Our SPDEBench provides an open-source codebase that ensures full reproducibility of benchmarking across a variety of SPDE datasets while offering the flexibility to incorporate new datasets and machine learning baselines, making it a valuable resource for the community.",2505.18511v1,cs.LG,2025-05-24 05:15:45+00:00,https://arxiv.org/pdf/2505.18511v1,"""quantum machine learning"" AND ""differential equation"""
Quantum Optimization via Gradient-Based Hamiltonian Descent,"['Jiaqi Leng', 'Bin Shi']","With rapid advancements in machine learning, first-order algorithms have emerged as the backbone of modern optimization techniques, owing to their computational efficiency and low memory requirements. Recently, the connection between accelerated gradient methods and damped heavy-ball motion, particularly within the framework of Hamiltonian dynamics, has inspired the development of innovative quantum algorithms for continuous optimization. One such algorithm, Quantum Hamiltonian Descent (QHD), leverages quantum tunneling to escape saddle points and local minima, facilitating the discovery of global solutions in complex optimization landscapes. However, QHD faces several challenges, including slower convergence rates compared to classical gradient methods and limited robustness in highly non-convex problems due to the non-local nature of quantum states. Furthermore, the original QHD formulation primarily relies on function value information, which limits its effectiveness. Inspired by insights from high-resolution differential equations that have elucidated the acceleration mechanisms in classical methods, we propose an enhancement to QHD by incorporating gradient information, leading to what we call gradient-based QHD. Gradient-based QHD achieves faster convergence and significantly increases the likelihood of identifying global solutions. Numerical simulations on challenging problem instances demonstrate that gradient-based QHD outperforms existing quantum and classical methods by at least an order of magnitude.",2505.14670v1,quant-ph,2025-05-20 17:55:52+00:00,https://arxiv.org/pdf/2505.14670v1,"""quantum machine learning"" AND ""differential equation"""
Redefining Neural Operators in $d+1$ Dimensions,"['Haoze Song', 'Zhihao Li', 'Xiaobo Zhang', 'Zecheng Gan', 'Zhilu Lai', 'Wei Wang']","Neural Operators have emerged as powerful tools for learning mappings between function spaces. Among them, the kernel integral operator has been widely validated on universally approximating various operators. Although many advancements following this definition have developed effective modules to better approximate the kernel function defined on the original domain (with $d$ dimensions, $d=1, 2, 3\dots$), the unclarified evolving mechanism in the embedding spaces blocks researchers' view to design neural operators that can fully capture the target system evolution.
  Drawing on the Schrödingerisation method in quantum simulations of partial differential equations (PDEs), we elucidate the linear evolution mechanism in neural operators. Based on that, we redefine neural operators on a new $d+1$ dimensional domain. Within this framework, we implement a Schrödingerised Kernel Neural Operator (SKNO) aligning better with the $d+1$ dimensional evolution. In experiments, the $d+1$ dimensional evolving designs in our SKNO consistently outperform other baselines across ten benchmarks of increasing difficulty, ranging from the simple 1D heat equation to the highly nonlinear 3D Rayleigh-Taylor instability. We also validate the resolution-invariance of SKNO on mixing-resolution training and zero-shot super-resolution tasks. In addition, we show the impact of different lifting and recovering operators on the prediction within the redefined NO framework, reflecting the alignment between our model and the underlying $d+1$ dimensional evolution.",2505.11766v2,cs.LG,2025-05-17 00:15:00+00:00,https://arxiv.org/pdf/2505.11766v2,"""quantum machine learning"" AND ""differential equation"""
Reinforcement Learning Closures for Underresolved Partial Differential Equations using Synthetic Data,"['Lothar Heimbach', 'Sebastian Kaltenbach', 'Petr Karnakov', 'Francis J. Alexander', 'Petros Koumoutsakos']","Partial Differential Equations (PDEs) describe phenomena ranging from turbulence and epidemics to quantum mechanics and financial markets. Despite recent advances in computational science, solving such PDEs for real-world applications remains prohibitively expensive because of the necessity of resolving a broad range of spatiotemporal scales. In turn, practitioners often rely on coarse-grained approximations of the original PDEs, trading off accuracy for reduced computational resources. To mitigate the loss of detail inherent in such approximations, closure models are employed to represent unresolved spatiotemporal interactions. We present a framework for developing closure models for PDEs using synthetic data acquired through the method of manufactured solutions. These data are used in conjunction with reinforcement learning to provide closures for coarse-grained PDEs. We illustrate the efficacy of our method using the one-dimensional and two-dimensional Burgers' equations and the two-dimensional advection equation. Moreover, we demonstrate that closure models trained for inhomogeneous PDEs can be effectively generalized to homogeneous PDEs. The results demonstrate the potential for developing accurate and computationally efficient closure models for systems with scarce data.",2505.11308v1,cs.LG,2025-05-16 14:34:42+00:00,https://arxiv.org/pdf/2505.11308v1,"""quantum machine learning"" AND ""differential equation"""
Physics-Informed Inference Time Scaling via Simulation-Calibrated Scientific Machine Learning,"['Zexi Fan', 'Yan Sun', 'Shihao Yang', 'Yiping Lu']","High-dimensional partial differential equations (PDEs) pose significant computational challenges across fields ranging from quantum chemistry to economics and finance. Although scientific machine learning (SciML) techniques offer approximate solutions, they often suffer from bias and neglect crucial physical insights. Inspired by inference-time scaling strategies in language models, we propose Simulation-Calibrated Scientific Machine Learning (SCaSML), a physics-informed framework that dynamically refines and debiases the SCiML predictions during inference by enforcing the physical laws. SCaSML leverages derived new physical laws that quantifies systematic errors and employs Monte Carlo solvers based on the Feynman-Kac and Elworthy-Bismut-Li formulas to dynamically correct the prediction. Both numerical and theoretical analysis confirms enhanced convergence rates via compute-optimal inference methods. Our numerical experiments demonstrate that SCaSML reduces errors by 20-50% compared to the base surrogate model, establishing it as the first algorithm to refine approximated solutions to high-dimensional PDE during inference. Code of SCaSML is available at https://github.com/Francis-Fan-create/SCaSML.",2504.16172v2,math.NA,2025-04-22 18:01:45+00:00,https://arxiv.org/pdf/2504.16172v2,"""quantum machine learning"" AND ""differential equation"""
Leveraging differentiable programming in the inverse problem of neutron stars,"['Thibeau Wouters', 'Peter T. H. Pang', 'Hauke Koehn', 'Henrik Rose', 'Rahul Somasundaram', 'Ingo Tews', 'Tim Dietrich', 'Chris Van Den Broeck']","Neutron stars (NSs) probe the high-density regime of the nuclear equation of state (EOS). However, inferring the EOS from observations of NSs is a computationally challenging task. In this work, we efficiently solve this inverse problem by leveraging differential programming in two ways. First, we enable full Bayesian inference in under one hour of wall time on a GPU by using gradient-based samplers, without requiring pre-trained machine learning emulators. Moreover, we demonstrate efficient scaling to high-dimensional parameter spaces. Second, we introduce a novel gradient-based optimization scheme that recovers the EOS of a given NS mass-radius curve. We demonstrate how our framework can reveal consistencies or tensions between nuclear physics and astrophysics. First, we show how the breakdown density of a metamodel description of the EOS can be determined from NS observations. Second, we demonstrate how degeneracies in EOS modeling using nuclear empirical parameters can influence the inverse problem during gradient-based optimization. Looking ahead, our approach opens up new theoretical studies of the relation between NS properties and the EOS, while effectively tackling the data analysis challenges brought by future detectors.",2504.15893v2,astro-ph.HE,2025-04-22 13:35:22+00:00,https://arxiv.org/pdf/2504.15893v2,"""quantum machine learning"" AND ""differential equation"""
Quantum algorithm for solving nonlinear differential equations based on physics-informed effective Hamiltonians,"['Hsin-Yu Wu', 'Annie E. Paine', 'Evan Philip', 'Antonio A. Gentile', 'Oleksandr Kyriienko']","We propose a distinct approach to solving linear and nonlinear differential equations (DEs) on quantum computers by encoding the problem into ground states of effective Hamiltonian operators. Our algorithm relies on constructing such operators in the Chebyshev space, where an effective Hamiltonian is a sum of global differential and data constraints. Once the effective Hamiltonian is formed, solutions of differential equations can be obtained using the ground state preparation techniques (e.g. imaginary-time evolution and quantum singular value transformation), bypassing variational search. Unlike approaches based on discrete grids, the algorithm enables evaluation of solutions beyond fixed grid points and implements constraints in the physics-informed way. Our proposal inherits the best traits from quantum machine learning-based DE solving (compact basis representation, automatic differentiation, nonlinearity) and quantum linear algebra-based approaches (fine-grid encoding, provable speed-up for state preparation), offering a robust strategy for quantum scientific computing in the early fault-tolerant era.",2504.13174v1,quant-ph,2025-04-17 17:59:33+00:00,https://arxiv.org/pdf/2504.13174v1,"""quantum machine learning"" AND ""differential equation"""
Differential equation quantum solvers: engineering measurements to reduce cost,"['Annie Paine', 'Casper Gyurik', 'Antonio Andrea Gentile']","Quantum computers have been proposed as a solution for efficiently solving non-linear differential equations (DEs), a fundamental task across diverse technological and scientific domains. However, a crucial milestone in this regard is to design protocols that are hardware-aware, making efficient use of limited available quantum resources. We focus here on promising variational methods derived from scientific machine learning: differentiable quantum circuits (DQC), addressing specifically their cost in number of circuit evaluations. Reducing the number of quantum circuit evaluations is particularly valuable in hybrid quantum/classical protocols, where the time required to interface and run quantum hardware at each cycle can impact the total wall-time much more than relatively inexpensive classical post-processing overhead. Here, we propose and test two sample-efficient protocols for solving non-linear DEs, achieving exponential savings in quantum circuit evaluations. These protocols are based on redesigning the extraction of information from DQC in a ``measure-first"" approach, by introducing engineered cost operators similar to the randomized-measurement toolbox (i.e. classical shadows). In benchmark simulations on one and two-dimensional DEs, we report up to $\sim$ 100 fold reductions in circuit evaluations. Our protocols thus hold the promise to unlock larger and more challenging non-linear differential equation demonstrations with existing quantum hardware.",2503.22656v1,quant-ph,2025-03-28 17:43:35+00:00,https://arxiv.org/pdf/2503.22656v1,"""quantum machine learning"" AND ""differential equation"""
MixFunn: A Neural Network for Differential Equations with Improved Generalization and Interpretability,"['Tiago de Souza Farias', 'Gubio Gomes de Lima', 'Jonas Maziero', 'Celso Jorge Villas-Boas']","We introduce MixFunn, a novel neural network architecture designed to solve differential equations with enhanced precision, interpretability, and generalization capability. The architecture comprises two key components: the mixed-function neuron, which integrates multiple parameterized nonlinear functions to improve representational flexibility, and the second-order neuron, which combines a linear transformation of its inputs with a quadratic term to capture cross-combinations of input variables. These features significantly enhance the expressive power of the network, enabling it to achieve comparable or superior results with drastically fewer parameters and a reduction of up to four orders of magnitude compared to conventional approaches. We applied MixFunn in a physics-informed setting to solve differential equations in classical mechanics, quantum mechanics, and fluid dynamics, demonstrating its effectiveness in achieving higher accuracy and improved generalization to regions outside the training domain relative to standard machine learning models. Furthermore, the architecture facilitates the extraction of interpretable analytical expressions, offering valuable insights into the underlying solutions.",2503.22528v1,cs.LG,2025-03-28 15:31:15+00:00,https://arxiv.org/pdf/2503.22528v1,"""quantum machine learning"" AND ""differential equation"""
Quantum Geometry insights in Deep Learning,['Noémie C. Combe'],"In this paper, we explore the fundamental role of the Monge-Ampère equation in deep learning, particularly in the context of Boltzmann machines and energy-based models. We first review the structure of Boltzmann learning and its relation to free energy minimization. We then establish a connection between optimal transport theory and deep learning, demonstrating how the Monge-Ampère equation governs probability transformations in generative models. Additionally, we provide insights from quantum geometry, showing that the space of covariance matrices arising in the learning process coincides with the Connes-Araki-Haagerup (CAH) cone in von Neumann algebra theory. Furthermore, we introduce an alternative approach based on renormalization group (RG) flow, which, while distinct from the optimal transport perspective, reveals another manifestation of the Monge-Ampère domain in learning dynamics. This dual perspective offers a deeper mathematical understanding of hierarchical feature learning, bridging concepts from statistical mechanics, quantum geometry, and deep learning theory.",2503.02655v1,cs.LG,2025-03-01 15:49:32+00:00,https://arxiv.org/pdf/2503.02655v1,"""quantum machine learning"" AND ""differential equation"""
Hamiltonian Neural Networks approach to fuzzball geodesics,"['Andrea Cipriani', 'Alessandro De Santis', 'Giorgio Di Russo', 'Alfredo Grillo', 'Luca Tabarroni']","The recent increase in computational resources and data availability has led to a significant rise in the use of Machine Learning (ML) techniques for data analysis in physics. However, the application of ML methods to solve differential equations capable of describing even complex physical systems is not yet fully widespread in theoretical high-energy physics. Hamiltonian Neural Networks (HNNs) are tools that minimize a loss function defined to solve Hamilton equations of motion. In this work, we implement several HNNs trained to solve, with high accuracy, the Hamilton equations for a massless probe moving inside a smooth and horizonless geometry known as D1-D5 circular fuzzball. We study both planar (equatorial) and non-planar geodesics in different regimes according to the impact parameter, some of which are unstable. Our findings suggest that HNNs could eventually replace standard numerical integrators, as they are equally accurate but more reliable in critical situations.",2502.20881v3,hep-th,2025-02-28 09:25:49+00:00,https://arxiv.org/pdf/2502.20881v3,"""quantum machine learning"" AND ""differential equation"""
High-fidelity Multiphysics Modelling for Rapid Predictions Using Physics-informed Parallel Neural Operator,"['Biao Yuan', 'He Wang', 'Yanjie Song', 'Ana Heitor', 'Xiaohui Chen']","Modelling complex multiphysics systems governed by nonlinear and strongly coupled partial differential equations (PDEs) is a cornerstone in computational science and engineering. However, it remains a formidable challenge for traditional numerical solvers due to high computational cost, making them impractical for large-scale applications. Neural operators' reliance on data-driven training limits their applicability in real-world scenarios, as data is often scarce or expensive to obtain. Here, we propose a novel paradigm, physics-informed parallel neural operator (PIPNO), a scalable and unsupervised learning framework that enables data-free PDE modelling by leveraging only governing physical laws. The parallel kernel integration design, incorporating ensemble learning, significantly enhances both compatibility and computational efficiency, enabling scalable operator learning for nonlinear and strongly coupled PDEs. PIPNO efficiently captures nonlinear operator mappings across diverse physics, including geotechnical engineering, material science, electromagnetism, quantum mechanics, and fluid dynamics. The proposed method achieves high-fidelity and rapid predictions, outperforming existing operator learning approaches in modelling nonlinear and strongly coupled multiphysics systems. Therefore, PIPNO offers a powerful alternative to conventional solvers, broadening the applicability of neural operators for multiphysics modelling while ensuring efficiency, robustness, and scalability.",2502.19543v1,cs.LG,2025-02-26 20:29:41+00:00,https://arxiv.org/pdf/2502.19543v1,"""quantum machine learning"" AND ""differential equation"""
Opportunities and challenges of quantum computing for climate modelling,"['Mierk Schwabe', 'Lorenzo Pastori', 'Inés de Vega', 'Pierre Gentine', 'Luigi Iapichino', 'Valtteri Lahtinen', 'Martin Leib', 'Jeanette M. Lorenz', 'Veronika Eyring']","Adaptation to climate change requires robust climate projections, yet the uncertainty in these projections performed by ensembles of Earth system models (ESMs) remains large. This is mainly due to uncertainties in the representation of subgrid-scale processes such as turbulence or convection that are partly alleviated at higher resolution. New developments in machine learning-based hybrid ESMs demonstrate great potential for systematically reduced errors compared to traditional ESMs. Building on the work of hybrid (physics + AI) ESMs, we here discuss the additional potential of further improving and accelerating climate models with quantum computing. We discuss how quantum computers could accelerate climate models by solving the underlying differential equations faster, how quantum machine learning could better represent subgrid-scale phenomena in ESMs even with currently available noisy intermediate-scale quantum devices, how quantum algorithms aimed at solving optimization problems could assist in tuning the many parameters in ESMs, a currently time-consuming and challenging process, and how quantum computers could aid in the analysis of climate models. We also discuss hurdles and obstacles facing current quantum computing paradigms. Strong interdisciplinary collaboration between climate scientists and quantum computing experts could help overcome these hurdles and harness the potential of quantum computing for this urgent topic.",2502.10488v2,quant-ph,2025-02-14 12:25:06+00:00,https://arxiv.org/pdf/2502.10488v2,"""quantum machine learning"" AND ""differential equation"""
Addressing the Readout Problem in Quantum Differential Equation Algorithms with Quantum Scientific Machine Learning,"['Chelsea A. Williams', 'Stefano Scali', 'Antonio A. Gentile', 'Daniel Berger', 'Oleksandr Kyriienko']","Quantum differential equation solvers aim to prepare solutions as $n$-qubit quantum states over a fine grid of $O(2^n)$ points, surpassing the linear scaling of classical solvers. However, unlike classically stored vectors of solutions, the readout of exact quantum states poses a bottleneck due to the complexity of tomography. Here, we show that the readout problem can be addressed with quantum learning tools where we focus on distilling the relevant features. Treating outputs of quantum differential equation solvers as quantum data, we demonstrate that low-dimensional output can be extracted using a measurement operator adapted to detect relevant features. We apply this quantum scientific machine learning approach to classify solutions for shock wave detection and turbulence modeling in scenarios where data samples come directly from quantum differential equation solvers. We show that the basis chosen for performing analysis greatly impacts classification accuracy. Our work opens up the area of research where quantum machine learning for quantum datasets is inherently required.",2411.14259v1,quant-ph,2024-11-21 16:09:08+00:00,https://arxiv.org/pdf/2411.14259v1,"""quantum machine learning"" AND ""differential equation"""
Stochastic quantization and diffusion models,"['Kenji Fukushima', 'Syo Kamata']","This is a pedagogical review of the possible connection between the stochastic quantization in physics and the diffusion models in machine learning. For machine-learning applications, the denoising diffusion model has been established as a successful technique, which is formulated in terms of the stochastic differential equation (SDE). In this review, we focus on an SDE approach used in the score-based generative modeling. Interestingly, the evolution of the probability distribution is equivalently described by a particular class of SDEs, and in a particular limit, the stochastic noises can be eliminated. Then, we turn to a similar mathematical formulation in quantum physics, that is, the stochastic quantization. We make a brief overview on the stochastic quantization using a simple toy model of the one-dimensional integration. The analogy between the diffusion model and the stochastic quantization is clearly seen in this concrete example. Finally, we discuss how the sign problem arises in the toy model with complex parameters. The origin of the difficulty is understood based on the Lefschetz thimble analysis. We point out that the SDE is not invariant under the variable change which induces a kernel and a special choice of the kernel guided by the Lefschetz thimble analysis can reduce the sign problem.",2411.11297v1,hep-lat,2024-11-18 05:47:41+00:00,https://arxiv.org/pdf/2411.11297v1,"""quantum machine learning"" AND ""differential equation"""
Accelerating Quantum Emitter Characterization with Latent Neural Ordinary Differential Equations,"['Andrew H. Proppe', 'Kin Long Kelvin Lee', 'Weiwei Sun', 'Chantalle J. Krajewska', 'Oliver Tye', 'Moungi G. Bawendi']","Deep neural network models can be used to learn complex dynamics from data and reconstruct sparse or noisy signals, thereby accelerating and augmenting experimental measurements. Evaluating the quantum optical properties of solid-state single-photon emitters is a time-consuming task that typically requires interferometric photon correlation experiments, such as Photon correlation Fourier spectroscopy (PCFS) which measures time-resolved single emitter lineshapes. Here, we demonstrate a latent neural ordinary differential equation model that can forecast a complete and noise-free PCFS experiment from a small subset of noisy correlation functions. By encoding measured photon correlations into an initial value problem, the NODE can be propagated to an arbitrary number of interferometer delay times. We demonstrate this with 10 noisy photon correlation functions that are used to extrapolate an entire de-noised interferograms of up to 200 stage positions, enabling up to a 20-fold speedup in experimental acquisition time from $\sim$3 hours to 10 minutes. Our work presents a new approach to greatly accelerate the experimental characterization of novel quantum emitter materials using deep learning.",2411.11191v1,quant-ph,2024-11-17 22:46:31+00:00,https://arxiv.org/pdf/2411.11191v1,"""quantum machine learning"" AND ""differential equation"""
Quantum Linear System Solvers: A Survey of Algorithms and Applications,"['Mauro E. S. Morales', 'Lirandë Pira', 'Philipp Schleich', 'Kelvin Koor', 'Pedro C. S. Costa', 'Dong An', 'Alán Aspuru-Guzik', 'Lin Lin', 'Patrick Rebentrost', 'Dominic W. Berry']","Solving linear systems of equations plays a fundamental role in numerous computational problems from different fields of science. The widespread use of numerical methods to solve these systems motivates investigating the feasibility of solving linear systems problems using quantum computers. In this work, we provide a survey of the main advances in quantum linear systems algorithms, together with some applications. We summarize and analyze the main ideas behind some of the algorithms for the quantum linear systems problem in the literature. The analysis begins by examining the Harrow-Hassidim-Lloyd (HHL) solver. We note its limitations and reliance on computationally expensive quantum methods, then highlight subsequent research efforts which aimed to address these limitations and optimize runtime efficiency and precision via various paradigms. We focus in particular on the post-HHL enhancements which have paved the way towards optimal lower bounds with respect to error tolerance and condition number. By doing so, we propose a taxonomy that categorizes these studies. Furthermore, by contextualizing these developments within the broader landscape of quantum computing, we explore the foundational work that have inspired and informed their development, as well as subsequent refinements. Finally, we discuss the potential applications of these algorithms in differential equations, quantum machine learning, and many-body physics.",2411.02522v3,quant-ph,2024-11-04 19:03:25+00:00,https://arxiv.org/pdf/2411.02522v3,"""quantum machine learning"" AND ""differential equation"""
Physics-informed neural networks viewpoint for solving the Dyson-Schwinger equations of quantum electrodynamics,['Rodrigo Carmo Terin'],"Physics-informed neural networks (PINNs) are employed to solve the Dyson--Schwinger equations of quantum electrodynamics (QED) in Euclidean space, with a focus on the non-perturbative generation of the fermion's dynamical mass function in the Landau gauge. By inserting the integral equation directly into the loss function, our PINN framework enables a single neural network to learn a continuous and differentiable representation of the mass function over a spectrum of momenta. Also, we benchmark our approach against a traditional numerical algorithm showing the main differences among them. Our novel strategy, which is expected to be extended to other quantum field theories, is the first step towards forefront applications of machine learning in high-level theoretical physics.",2411.02177v3,hep-ph,2024-11-04 15:36:17+00:00,https://arxiv.org/pdf/2411.02177v3,"""quantum machine learning"" AND ""differential equation"""
Differentiable Quantum Computing for Large-scale Linear Control,"['Connor Clayton', 'Jiaqi Leng', 'Gengzhi Yang', 'Yi-Ling Qiao', 'Ming C. Lin', 'Xiaodi Wu']","As industrial models and designs grow increasingly complex, the demand for optimal control of large-scale dynamical systems has significantly increased. However, traditional methods for optimal control incur significant overhead as problem dimensions grow. In this paper, we introduce an end-to-end quantum algorithm for linear-quadratic control with provable speedups. Our algorithm, based on a policy gradient method, incorporates a novel quantum subroutine for solving the matrix Lyapunov equation. Specifically, we build a quantum-assisted differentiable simulator for efficient gradient estimation that is more accurate and robust than classical methods relying on stochastic approximation. Compared to the classical approaches, our method achieves a super-quadratic speedup. To the best of our knowledge, this is the first end-to-end quantum application to linear control problems with provable quantum advantage.",2411.01391v1,quant-ph,2024-11-03 00:54:33+00:00,https://arxiv.org/pdf/2411.01391v1,"""quantum machine learning"" AND ""differential equation"""
Deep Learning solutions to singular ordinary differential equations: from special functions to spherical accretion,"['R. Cayuso', 'M. Herrero-Valea', 'E. Barausse']","Singular regular points often arise in differential equations describing physical phenomena such as fluid dynamics, electromagnetism, and gravitation. Traditional numerical techniques often fail or become unstable near these points, requiring the use of semi-analytical tools, such as series expansions and perturbative methods, in combination with numerical algorithms; or to invoke more sophisticated methods. In this work, we take an alternative route and leverage the power of machine learning to exploit Physics Informed Neural Networks (PINNs) as a modern approach to solving ordinary differential equations with singular points. PINNs utilize deep learning architectures to approximate solutions by embedding the differential equations into the loss function of the neural network. We discuss the advantages of PINNs in handling singularities, particularly their ability to bypass traditional grid-based methods and provide smooth approximations across irregular regions. Techniques for enhancing the accuracy of PINNs near singular points, such as adaptive loss weighting, are used in order to achieve high efficiency in the training of the network. We exemplify our results by studying four differential equations of interest in mathematics and gravitation -- the Legendre equation, the hypergeometric equation, the solution for black hole space-times in theories of Lorentz violating gravity, and the spherical accretion of a perfect fluid in a Schwarzschild geometry.",2409.20150v2,gr-qc,2024-09-30 09:57:16+00:00,https://arxiv.org/pdf/2409.20150v2,"""quantum machine learning"" AND ""differential equation"""
Harmonic Path Integral Diffusion,"['Hamidreza Behjoo', 'Michael Chertkov']","In this manuscript, we present a novel approach for sampling from a continuous multivariate probability distribution, which may either be explicitly known (up to a normalization factor) or represented via empirical samples. Our method constructs a time-dependent bridge from a delta function centered at the origin of the state space at $t=0$, optimally transforming it into the target distribution at $t=1$. We formulate this as a Stochastic Optimal Control problem of the Path Integral Control type, with a cost function comprising (in its basic form) a quadratic control term, a quadratic state term, and a terminal constraint. This framework, which we refer to as Harmonic Path Integral Diffusion (H-PID), leverages an analytical solution through a mapping to an auxiliary quantum harmonic oscillator in imaginary time.
  The H-PID framework results in a set of efficient sampling algorithms, without the incorporation of Neural Networks. The algorithms are validated on two standard use cases: a mixture of Gaussians over a grid and images from CIFAR-10. The transparency of the method allows us to analyze the algorithms in detail, particularly revealing that the current weighted state is an order parameter for the dynamic phase transition, signaling earlier, at $t<1$, that the sample generation process is almost complete. We contrast these algorithms with other sampling methods, particularly simulated annealing and path integral sampling, highlighting their advantages in terms of analytical control, accuracy, and computational efficiency on benchmark problems.
  Additionally, we extend the methodology to more general cases where the underlying stochastic differential equation includes an external deterministic, possibly non-conservative force, and where the cost function incorporates a gauge potential term.",2409.15166v2,stat.ML,2024-09-23 16:20:21+00:00,https://arxiv.org/pdf/2409.15166v2,"""quantum machine learning"" AND ""differential equation"""
Solving The Quantum Many-Body Hamiltonian Learning Problem with Neural Differential Equations,"['Timothy Heightman', 'Edward Jiang', 'Antonio Acín']","Understanding and characterising quantum many-body dynamics remains a significant challenge due to both the exponential complexity required to represent quantum many-body Hamiltonians, and the need to accurately track states in time under the action of such Hamiltonians. This inherent complexity limits our ability to characterise quantum many-body systems, highlighting the need for innovative approaches to unlock their full potential. To address this challenge, we propose a novel method to solve the Hamiltonian Learning (HL) problem-inferring quantum dynamics from many-body state trajectories-using Neural Differential Equations combined with an Ansatz Hamiltonian. Our method is reliably convergent, experimentally friendly, and interpretable, making it a stable solution for HL on a set of Hamiltonians previously unlearnable in the literature. In addition to this, we propose a new quantitative benchmark based on power laws, which can objectively compare the reliability and generalisation capabilities of any two HL algorithms. Finally, we benchmark our method against state-of-the-art HL algorithms with a 1D spin-1/2 chain proof of concept.",2408.08639v1,quant-ph,2024-08-16 10:09:45+00:00,https://arxiv.org/pdf/2408.08639v1,"""quantum machine learning"" AND ""differential equation"""
Higher order quantum reservoir computing for non-intrusive reduced-order models,"['Vinamr Jain', 'Romit Maulik']","Forecasting dynamical systems is of importance to numerous real-world applications. When possible, dynamical systems forecasts are constructed based on first-principles-based models such as through the use of differential equations. When these equations are unknown, non-intrusive techniques must be utilized to build predictive models from data alone. Machine learning (ML) methods have recently been used for such tasks. Moreover, ML methods provide the added advantage of significant reductions in time-to-solution for predictions in contrast with first-principle based models. However, many state-of-the-art ML-based methods for forecasting rely on neural networks, which may be expensive to train and necessitate requirements for large amounts of memory. In this work, we propose a quantum mechanics inspired ML modeling strategy for learning nonlinear dynamical systems that provides data-driven forecasts for complex dynamical systems with reduced training time and memory costs. This approach, denoted the quantum reservoir computing technique (QRC), is a hybrid quantum-classical framework employing an ensemble of interconnected small quantum systems via classical linear feedback connections. By mapping the dynamical state to a suitable quantum representation amenable to unitary operations, QRC is able to predict complex nonlinear dynamical systems in a stable and accurate manner. We demonstrate the efficacy of this framework through benchmark forecasts of the NOAA Optimal Interpolation Sea Surface Temperature dataset and compare the performance of QRC to other ML methods.",2407.21602v1,cs.LG,2024-07-31 13:37:04+00:00,https://arxiv.org/pdf/2407.21602v1,"""quantum machine learning"" AND ""differential equation"""
A Tutorial on the Use of Physics-Informed Neural Networks to Compute the Spectrum of Quantum Systems,"['Lorenzo Brevi', 'Antonio Mandarino', 'Enrico Prati']","Quantum many-body systems are of great interest for many research areas, including physics, biology and chemistry. However, their simulation is extremely challenging, due to the exponential growth of the Hilbert space with the system size, making it exceedingly difficult to parameterize the wave functions of large systems by using exact methods. Neural networks and machine learning in general are a way to face this challenge. For instance, methods like Tensor networks and Neural Quantum States are being investigated as promising tools to obtain the wave function of a quantum mechanical system. In this tutorial, we focus on a particularly promising class of deep learning algorithms. We explain how to construct a Physics-Informed Neural Network (PINN) able to solve the Schrödinger equation for a given potential, by finding its eigenvalues and eigenfunctions. This technique is unsupervised, and utilizes a novel computational method in a manner that is barely explored. PINNs are a deep learning method that exploits Automatic Differentiation to solve Integro-Differential Equations in a mesh-free way. We show how to find both the ground and the excited states. The method discovers the states progressively by starting from the ground state. We explain how to introduce inductive biases in the loss to exploit further knowledge of the physical system. Such additional constraints allow for a faster and more accurate convergence. This technique can then be enhanced by a smart choice of collocation points in order to take advantage of the mesh-free nature of the PINN. The methods are made explicit by applying them to the infinite potential well and the particle in a ring, a challenging problem to be learned by an Artificial Intelligence agent due to the presence of complex-valued eigenfunctions and degenerate states.",2407.20669v2,quant-ph,2024-07-30 09:07:03+00:00,https://arxiv.org/pdf/2407.20669v2,"""quantum machine learning"" AND ""differential equation"""
Predicting nonequilibrium Green's function dynamics and photoemission spectra via nonlinear integral operator learning,"['Yuanran Zhu', 'Jia Yin', 'Cian C. Reeves', 'Chao Yang', 'Vojtech Vlcek']","Understanding the dynamics of nonequilibrium quantum many-body systems is an important research topic in a wide range of fields across condensed matter physics, quantum optics, and high-energy physics. However, numerical studies of large-scale nonequilibrium phenomena in realistic materials face serious challenges due to intrinsic high-dimensionality of quantum many-body problems. The nonequilibrium properties of many-body systems can be described by the dynamics of the Green's function of the system, whose time evolution is given by a high-dimensional system of integro-differential equations, known as the Kadanoff-Baym equations (KBEs). The time-convolution term in KBEs, which needs to be recalculated at each time step, makes it difficult to perform long-time simulations. In this paper, we develop an operator-learning framework based on Recurrent Neural Networks (RNNs) to address this challenge. The proposed framework utilizes RNNs to learn the nonlinear mapping between Green's functions and convolution integrals in KBEs. By using the learned operators as a surrogate model in the KBE solver, we obtain a general machine-learning scheme for predicting the dynamics of nonequilibrium Green's functions. This new methodology reduces the temporal computational complexity from $O(N_t^3)$ to $O(N_t)$, where $N_t$ is the total time steps taken in a simulation, thereby making it possible to study large many-body problems which are currently infeasible with conventional KBE solvers. Through different numerical examples, we demonstrate the effectiveness of the operator-learning based approach in providing accurate predictions of physical observables such as the reduced density matrix and time-resolved photoemission spectra. Moreover, our framework exhibits clear numerical convergence and can be easily parallelized, thereby facilitating many possible further developments and applications.",2407.09773v3,cond-mat.str-el,2024-07-13 04:59:55+00:00,https://arxiv.org/pdf/2407.09773v3,"""quantum machine learning"" AND ""differential equation"""
Quantum Dynamics of Machine Learning,"['Peng Wang', 'Maimaitiniyazi Maimaitiabudula']","The quantum dynamic equation (QDE) of machine learning is obtained based on Schrödinger equation and potential energy equivalence relationship. Through Wick rotation, the relationship between quantum dynamics and thermodynamics is also established in this paper. This equation reformulates the iterative process of machine learning into a time-dependent partial differential equation with a clear mathematical structure, offering a theoretical framework for investigating machine learning iterations through quantum and mathematical theories. Within this framework, the fundamental iterative process, the diffusion model, and the Softmax and Sigmoid functions are examined, validating the proposed quantum dynamics equations. This approach not only presents a rigorous theoretical foundation for machine learning but also holds promise for supporting the implementation of machine learning algorithms on quantum computers.",2407.19890v1,quant-ph,2024-07-07 16:30:46+00:00,https://arxiv.org/pdf/2407.19890v1,"""quantum machine learning"" AND ""differential equation"""
Impact of Measurement Noise on Escaping Saddles in Variational Quantum Algorithms,"['Eriko Kaminishi', 'Takashi Mori', 'Michihiko Sugawara', 'Naoki Yamamoto']","Stochastic gradient descent (SGD) is a frequently used optimization technique in classical machine learning and Variational Quantum Eigensolver (VQE). For the implementation of VQE on quantum hardware, the results are always affected by measurement shot noise. However, there are many unknowns about the structure and properties of the measurement noise in VQE and how it contributes to the optimization. In this work, we analyze the effect of measurement noise to the optimization dynamics. Especially, we focus on escaping from saddle points in the loss landscape, which is crucial in the minimization of the non-convex loss function. We find that the escape time (1) decreases as the measurement noise increases in a power-law fashion and (2) is expressed as a function of $η/N_s$ where $η$ is the learning rate and $N_s$ is the number of measurements. The latter means that the escape time is approximately constant when we vary $η$ and $N_s$ with the ratio $η/N_s$ held fixed. This scaling behavior is well explained by the stochastic differential equation (SDE) that is obtained by the continuous-time approximation of the discrete-time SGD. According to the SDE, $η/N_s$ is interpreted as the variance of measurement shot noise. This result tells us that we can learn about the optimization dynamics in VQE from the analysis based on the continuous-time SDE, which is theoretically simpler than the original discrete-time SGD.",2406.09780v1,quant-ph,2024-06-14 07:29:34+00:00,https://arxiv.org/pdf/2406.09780v1,"""quantum machine learning"" AND ""differential equation"""
Holographic reconstruction of black hole spacetime: machine learning and entanglement entropy,"['Byoungjoon Ahn', 'Hyun-Sik Jeong', 'Keun-Young Kim', 'Kwan Yun']","We investigate the bulk reconstruction of AdS black hole spacetime emergent from quantum entanglement within a machine learning framework. Utilizing neural ordinary differential equations alongside Monte-Carlo integration, we develop a method tailored for continuous training functions to extract the general isotropic bulk metric from entanglement entropy data. To validate our approach, we first apply our machine learning algorithm to holographic entanglement entropy data derived from the Gubser-Rocha and superconductor models, which serve as representative models of strongly coupled matters in holography. Our algorithm successfully extracts the corresponding bulk metrics from these data. Additionally, we extend our methodology to many-body systems by employing entanglement entropy data from a fermionic tight-binding chain at half filling, exemplifying critical one-dimensional systems, and derive the associated bulk metric. We find that the metrics for a tight-binding chain and the Gubser-Rocha model are similar. We speculate this similarity is due to the metallic property of these models.",2406.07395v2,hep-th,2024-06-11 16:03:17+00:00,https://arxiv.org/pdf/2406.07395v2,"""quantum machine learning"" AND ""differential equation"""
Schrödinger Bridge with Quadratic State Cost is Exactly Solvable,"['Alexis M. H. Teter', 'Wenqing Wang', 'Abhishek Halder']","Schrödinger bridge is a diffusion process that steers a given distribution to another in a prescribed time while minimizing the effort to do so. It can be seen as the stochastic dynamical version of the optimal mass transport, and has growing applications in generative diffusion models and stochastic optimal control. {\black{We say a Schrödinger bridge is ``exactly solvable'' if the associated uncontrolled Markov kernel is available in closed form, since then the bridge can be numerically computed using dynamic Sinkhorn recursion for arbitrary endpoint distributions with finite second moments.}} In this work, we propose a regularized variant of the Schrödinger bridge with a quadratic state cost-to-go that incentivizes the optimal sample paths to stay close to a nominal level.
  Unlike the conventional Schrödinger bridge, the regularization induces a state-dependent rate of killing and creation of probability mass, and its solution requires determining the Markov kernel of a reaction-diffusion partial differential equation. We derive this Markov kernel in closed form, {\black{showing that the regularized Schrödinger bridge is exactly solvable, even for non-Gaussian endpoints. This advances the state-of-the-art because closed form Markov kernel for the regularized Schrödinger bridge is available in existing literature only for Gaussian endpoints}}. Our solution recovers the heat kernel in the vanishing regularization (i.e., diffusion without reaction) limit, thereby recovering the solution of the conventional Schrödinger bridge {\black{as a special case}}. We deduce properties of the new kernel and explain its connections with certain exactly solvable models in quantum mechanics.",2406.00503v4,math.OC,2024-06-01 17:22:00+00:00,https://arxiv.org/pdf/2406.00503v4,"""quantum machine learning"" AND ""differential equation"""
A physics-inspired evolutionary machine learning method: from the Schrödinger equation to an orbital-free-DFT kinetic energy functional,"['Juan I. Rodriguez', 'Ulises A. Vergara-Beltran']","We introduce a machine learning (ML) supervised model function that is inspired by the variational principle of physics. This ML hypothesis evolutionary method, termed ML-Omega, allows us to go from data to differential equation(s) underlying the physical (chemical, engineering, etc.) phenomena the data are derived from. The fundamental equations of physics can be derived from this ML-Omega evolutionary method when provided the proper training data. By training the ML-Omega model function with only three hydrogen-like atom energies, the method can find Schrödinger's exact functional and, from it, Schrödinger's fundamental equation. Then, in the field of density functional theory (DFT), when the model function is trained with the energies from the known Thomas-Fermi (TF) formula E = -0.7687Z^7/3, it correctly finds the exact TF functional. Finally, the method is applied to find a local orbital-free (OF) functional expression of the independent electron kinetic energy functional Ts based on the gamma-TF-lambda-vW model. By considering the theoretical energies of only 5 atoms (He, Be, Ne, Mg, Ar) as the training set, the evolutionary ML-Omega method finds an ML-Omega-OF-DFT local Ts functional (gamma-TF-lambda-vW (0.964, 1/4)) that outperforms all the OF- DFT functionals of a representative group. Moreover, our ML-Omega-OF functional overcomes the LDA's and some local GGA-DFT's functionals' difficulty to describe the stretched bond region at the correct spin configuration of diatomic molecules. Although our evolutionary ML-Omega model function can work without an explicit prior-form functional, by using the techniques of symbolic regression, in this work we exploit prior-form functional expressions to make the training process faster in the example problems presented here.",2405.18417v1,physics.chem-ph,2024-05-28 17:57:15+00:00,https://arxiv.org/pdf/2405.18417v1,"""quantum machine learning"" AND ""differential equation"""
Quantum Neural Networks for Solving Power System Transient Simulation Problem,"['Mohammadreza Soltaninia', 'Junpeng Zhan']","Quantum computing, leveraging principles of quantum mechanics, represents a transformative approach in computational methodologies, offering significant enhancements over traditional classical systems. This study tackles the complex and computationally demanding task of simulating power system transients through solving differential algebraic equations (DAEs). We introduce two novel Quantum Neural Networks (QNNs): the Sinusoidal-Friendly QNN and the Polynomial-Friendly QNN, proposing them as effective alternatives to conventional simulation techniques. Our application of these QNNs successfully simulates two small power systems, demonstrating their potential to achieve good accuracy. We further explore various configurations, including time intervals, training points, and the selection of classical optimizers, to optimize the solving of DAEs using QNNs. This research not only marks a pioneering effort in applying quantum computing to power system simulations but also expands the potential of quantum technologies in addressing intricate engineering challenges.",2405.11427v1,quant-ph,2024-05-19 02:18:04+00:00,https://arxiv.org/pdf/2405.11427v1,"""quantum machine learning"" AND ""differential equation"""
Neural Controlled Differential Equations with Quantum Hidden Evolutions,"['Lingyi Yang', 'Zhen Shao']","We introduce a class of neural controlled differential equation inspired by quantum mechanics. Neural quantum controlled differential equations (NQDEs) model the dynamics by analogue of the Schrödinger equation. Specifically, the hidden state represents the wave function, and its collapse leads to an interpretation of the classification probability. We implement and compare the results of four variants of NQDEs on a toy spiral classification problem.",2404.19673v2,cs.LG,2024-04-30 16:06:04+00:00,https://arxiv.org/pdf/2404.19673v2,"""quantum machine learning"" AND ""differential equation"""
Potential of quantum scientific machine learning applied to weather modelling,"['Ben Jaderberg', 'Antonio A. Gentile', 'Atiyo Ghosh', 'Vincent E. Elfving', 'Caitlin Jones', 'Davide Vodola', 'John Manobianco', 'Horst Weiss']","In this work we explore how quantum scientific machine learning can be used to tackle the challenge of weather modelling. Using parameterised quantum circuits as machine learning models, we consider two paradigms: supervised learning from weather data and physics-informed solving of the underlying equations of atmospheric dynamics. In the first case, we demonstrate how a quantum model can be trained to accurately reproduce real-world global stream function dynamics at a resolution of 4°. We detail a number of problem-specific classical and quantum architecture choices used to achieve this result. Subsequently, we introduce the barotropic vorticity equation (BVE) as our model of the atmosphere, which is a $3^{\text{rd}}$ order partial differential equation (PDE) in its stream function formulation. Using the differentiable quantum circuits algorithm, we successfully solve the BVE under appropriate boundary conditions and use the trained model to predict unseen future dynamics to high accuracy given an artificial initial weather state. Whilst challenges remain, our results mark an advancement in terms of the complexity of PDEs solved with quantum scientific machine learning.",2404.08737v1,quant-ph,2024-04-12 18:01:26+00:00,https://arxiv.org/pdf/2404.08737v1,"""quantum machine learning"" AND ""differential equation"""
Understanding Diffusion Models by Feynman's Path Integral,"['Yuji Hirono', 'Akinori Tanaka', 'Kenji Fukushima']","Score-based diffusion models have proven effective in image generation and have gained widespread usage; however, the underlying factors contributing to the performance disparity between stochastic and deterministic (i.e., the probability flow ODEs) sampling schemes remain unclear. We introduce a novel formulation of diffusion models using Feynman's path integral, which is a formulation originally developed for quantum physics. We find this formulation providing comprehensive descriptions of score-based generative models, and demonstrate the derivation of backward stochastic differential equations and loss functions.The formulation accommodates an interpolating parameter connecting stochastic and deterministic sampling schemes, and we identify this parameter as a counterpart of Planck's constant in quantum physics. This analogy enables us to apply the Wentzel-Kramers-Brillouin (WKB) expansion, a well-established technique in quantum physics, for evaluating the negative log-likelihood to assess the performance disparity between stochastic and deterministic sampling schemes.",2403.11262v1,cs.LG,2024-03-17 16:24:29+00:00,https://arxiv.org/pdf/2403.11262v1,"""quantum machine learning"" AND ""differential equation"""
Differentiable master equation solver for quantum device characterisation,"['David L. Craig', 'Natalia Ares', 'Erik M. Gauger']","Differentiable models of physical systems provide a powerful platform for gradient-based algorithms, with particular impact on parameter estimation and optimal control. Quantum systems present a particular challenge for such characterisation and control, owing to their inherently stochastic nature and sensitivity to environmental parameters. To address this challenge, we present a versatile differentiable quantum master equation solver, and incorporate this solver into a framework for device characterisation. Our approach utilises gradient-based optimisation and Bayesian inference to provide estimates and uncertainties in quantum device parameters. To showcase our approach, we consider steady state charge transport through electrostatically defined quantum dots. Using simulated data, we demonstrate efficient estimation of parameters for a single quantum dot, and model selection as well as the capability of our solver to compute time evolution for a double quantum dot system. Our differentiable solver stands to widen the impact of physics-aware machine learning algorithms on quantum devices for characterisation and control.",2403.04678v2,quant-ph,2024-03-07 17:23:56+00:00,https://arxiv.org/pdf/2403.04678v2,"""quantum machine learning"" AND ""differential equation"""
Piecewise Polynomial Tensor Network Quantum Feature Encoding,"['Mazen Ali', 'Matthias Kabel']","This work introduces a novel method for embedding continuous variables into quantum circuits via piecewise polynomial features, utilizing low-rank tensor networks. Our approach, termed Piecewise Polynomial Tensor Network Quantum Feature Encoding (PPTNQFE), aims to broaden the applicability of quantum algorithms by incorporating spatially localized representations suited for numerical applications like partial differential equations and function regression. We demonstrate the potential of PPTNQFE through efficient point evaluations of solutions of discretized differential equations and in modeling functions with localized features such as jump discontinuities. While promising, challenges such as unexplored noise impact and design of trainable circuits remain. This study opens new avenues for enhancing quantum models with novel feature embeddings and leveraging TN representations for a wider array of function types in quantum machine learning.",2402.07671v5,quant-ph,2024-02-12 14:26:33+00:00,https://arxiv.org/pdf/2402.07671v5,"""quantum machine learning"" AND ""differential equation"""
Parametric Matrix Models,"['Patrick Cook', 'Danny Jammooa', 'Morten Hjorth-Jensen', 'Daniel D. Lee', 'Dean Lee']","We present a general class of machine learning algorithms called parametric matrix models. In contrast with most existing machine learning models that imitate the biology of neurons, parametric matrix models use matrix equations that emulate physical systems. Similar to how physics problems are usually solved, parametric matrix models learn the governing equations that lead to the desired outputs. Parametric matrix models can be efficiently trained from empirical data, and the equations may use algebraic, differential, or integral relations. While originally designed for scientific computing, we prove that parametric matrix models are universal function approximators that can be applied to general machine learning problems. After introducing the underlying theory, we apply parametric matrix models to a series of different challenges that show their performance for a wide range of problems. For all the challenges tested here, parametric matrix models produce accurate results within an efficient and interpretable computational framework that allows for input feature extrapolation.",2401.11694v6,cs.LG,2024-01-22 05:26:18+00:00,https://arxiv.org/pdf/2401.11694v6,"""quantum machine learning"" AND ""differential equation"""
"DiscoTEX 1.0: Discontinuous collocation and implicit-turned-explicit (IMTEX) integration symplectic, symmetric numerical algorithms with higher order jumps for differential equations I: numerical black hole perturbation theory applications",['Lidia J. Gomes Da Silva'],"Dirac $δ-$ distributionally sourced differential equations emerge in many dynamical physical systems from machine learning, finance, neuroscience, and seismology to black hole perturbation theory. These systems lack exact analytical solutions and are thus best tackled numerically. We describe a generic numerical algorithm which constructs discontinuous spatial and temporal discretisations by operating on discontinuous Lagrange and Hermite interpolation formulae, respectively. By solving the distributionally sourced wave equation, possessing analytical solutions, we demonstrate that numerical weak-form solutions can be recovered to high-order accuracy by solving a first-order reduced system of ODEs. The method-of-lines framework is applied to the \texttt{DiscoTEX} algorithm i.e. through \underline{dis}continuous \underline{co}llocation with implicit\underline{-turned-explicit} integration methods which are symmetric and conserve symplectic structure. Furthermore, the main application of the algorithm is proved by calculating the amplitude at any desired location within the numerical grid, including at the position (and at its right and left limit) where the wave- (or wave-like) equation is discontinuous via interpolation using \texttt{DiscoTEX}. This is demonstrated, firstly by solving the wave- (or wave-like) equation and comparing the numerical weak-form solution to the exact solution. We further demonstrate how to reconstruct the gravitational metric perturbations from weak-form numerical solutions of a non-rotating black hole, which do not have known exact analytical solutions, and compare them against state-of-the-art frequency domain results. We conclude by motivating how \texttt{DiscoTEX}, and related numerical algorithms, both open a promising new alternative waveform generation route for modelling highly asymmetric binaries and complement current frequency domain methods.",2401.08758v2,gr-qc,2024-01-16 19:00:02+00:00,https://arxiv.org/pdf/2401.08758v2,"""quantum machine learning"" AND ""differential equation"""
Calculating Quasi-Normal Modes of Schwarzschild Black Holes with Physics Informed Neural Networks,"['Nirmal Patel', 'Aycin Aykutalp', 'Pablo Laguna']","Machine learning, particularly neural networks, has rapidly permeated most activities and work where data has a story to tell. Recently, deep learning has started to be used for solving differential equations with input from physics, also known as Physics Informed Neural Networks (PINNs). We present a study showing the efficacy of PINNs for solving the Zerilli and the Regge-Wheeler equations in the time domain to calculate the quasi-normal oscillation modes of a Schwarzschild black hole. We compare the extracted modes with those obtained with finite difference methods. Although the PINN results are competitive, with a few percent differences in the quasi-normal modes estimates relative to those computed with finite difference methods, the real power of PINNs will emerge when applied to large dimensionality problems.",2401.01440v1,gr-qc,2024-01-02 21:34:50+00:00,https://arxiv.org/pdf/2401.01440v1,"""quantum machine learning"" AND ""differential equation"""
Unsupervised Random Quantum Networks for PDEs,"['Josh Dees', 'Antoine Jacquier', 'Sylvain Laizet']","Classical Physics-informed neural networks (PINNs) approximate solutions to PDEs with the help of deep neural networks trained to satisfy the differential operator and the relevant boundary conditions. We revisit this idea in the quantum computing realm, using parameterised random quantum circuits as trial solutions. We further adapt recent PINN-based techniques to our quantum setting, in particular Gaussian smoothing. Our analysis concentrates on the Poisson, the Heat and the Hamilton-Jacobi-Bellman equations, which are ubiquitous in most areas of science. On the theoretical side, we develop a complexity analysis of this approach, and show numerically that random quantum networks can outperform more traditional quantum networks as well as random classical networks.",2312.14975v1,quant-ph,2023-12-21 10:25:52+00:00,https://arxiv.org/pdf/2312.14975v1,"""quantum machine learning"" AND ""differential equation"""
Self-Adaptive Physics-Informed Quantum Machine Learning for Solving Differential Equations,"['Abhishek Setty', 'Rasul Abdusalamov', 'Felix Motzoi']","Chebyshev polynomials have shown significant promise as an efficient tool for both classical and quantum neural networks to solve linear and nonlinear differential equations. In this work, we adapt and generalize this framework in a quantum machine learning setting for a variety of problems, including the 2D Poisson's equation, second-order linear differential equation, system of differential equations, nonlinear Duffing and Riccati equation. In particular, we propose in the quantum setting a modified Self-Adaptive Physics-Informed Neural Network (SAPINN) approach, where self-adaptive weights are applied to problems with multi-objective loss functions. We further explore capturing correlations in our loss function using a quantum-correlated measurement, resulting in improved accuracy for initial value problems. We analyse also the use of entangling layers and their impact on the solution accuracy for second-order differential equations. The results indicate a promising approach to the near-term evaluation of differential equations on quantum devices.",2312.09215v3,quant-ph,2023-12-14 18:46:35+00:00,https://arxiv.org/pdf/2312.09215v3,"""quantum machine learning"" AND ""differential equation"""
Fourier Neural Differential Equations for learning Quantum Field Theories,"['Isaac Brant', 'Alexander Norcliffe', 'Pietro Liò']","A Quantum Field Theory is defined by its interaction Hamiltonian, and linked to experimental data by the scattering matrix. The scattering matrix is calculated as a perturbative series, and represented succinctly as a first order differential equation in time. Neural Differential Equations (NDEs) learn the time derivative of a residual network's hidden state, and have proven efficacy in learning differential equations with physical constraints. Hence using an NDE to learn particle scattering matrices presents a possible experiment-theory phenomenological connection. In this paper, NDE models are used to learn $φ^4$ theory, Scalar-Yukawa theory and Scalar Quantum Electrodynamics. A new NDE architecture is also introduced, the Fourier Neural Differential Equation (FNDE), which combines NDE integration and Fourier network convolution. The FNDE model demonstrates better generalisability than the non-integrated equivalent FNO model. It is also shown that by training on scattering data, the interaction Hamiltonian of a theory can be extracted from network parameters.",2311.17250v1,cs.LG,2023-11-28 22:11:15+00:00,https://arxiv.org/pdf/2311.17250v1,"""quantum machine learning"" AND ""differential equation"""
Generative Diffusion Models for Lattice Field Theory,"['Lingxiao Wang', 'Gert Aarts', 'Kai Zhou']","This study delves into the connection between machine learning and lattice field theory by linking generative diffusion models (DMs) with stochastic quantization, from a stochastic differential equation perspective. We show that DMs can be conceptualized by reversing a stochastic process driven by the Langevin equation, which then produces samples from an initial distribution to approximate the target distribution. In a toy model, we highlight the capability of DMs to learn effective actions. Furthermore, we demonstrate its feasibility to act as a global sampler for generating configurations in the two-dimensional $φ^4$ quantum lattice field theory.",2311.03578v1,hep-lat,2023-11-06 22:24:28+00:00,https://arxiv.org/pdf/2311.03578v1,"""quantum machine learning"" AND ""differential equation"""
Learning nonlinear integral operators via Recurrent Neural Networks and its application in solving Integro-Differential Equations,"['Hardeep Bassi', 'Yuanran Zhu', 'Senwei Liang', 'Jia Yin', 'Cian C. Reeves', 'Vojtech Vlcek', 'Chao Yang']","In this paper, we propose using LSTM-RNNs (Long Short-Term Memory-Recurrent Neural Networks) to learn and represent nonlinear integral operators that appear in nonlinear integro-differential equations (IDEs). The LSTM-RNN representation of the nonlinear integral operator allows us to turn a system of nonlinear integro-differential equations into a system of ordinary differential equations for which many efficient solvers are available. Furthermore, because the use of LSTM-RNN representation of the nonlinear integral operator in an IDE eliminates the need to perform a numerical integration in each numerical time evolution step, the overall temporal cost of the LSTM-RNN-based IDE solver can be reduced to $O(n_T)$ from $O(n_T^2)$ if a $n_T$-step trajectory is to be computed. We illustrate the efficiency and robustness of this LSTM-RNN-based numerical IDE solver with a model problem. Additionally, we highlight the generalizability of the learned integral operator by applying it to IDEs driven by different external forces. As a practical application, we show how this methodology can effectively solve the Dyson's equation for quantum many-body systems.",2310.09434v1,cs.LG,2023-10-13 22:57:46+00:00,https://arxiv.org/pdf/2310.09434v1,"""quantum machine learning"" AND ""differential equation"""
Physics-Informed Quantum Machine Learning: Solving nonlinear differential equations in latent spaces without costly grid evaluations,"['Annie E. Paine', 'Vincent E. Elfving', 'Oleksandr Kyriienko']","We propose a physics-informed quantum algorithm to solve nonlinear and multidimensional differential equations (DEs) in a quantum latent space. We suggest a strategy for building quantum models as state overlaps, where exponentially large sets of independent basis functions are used for implicitly representing solutions. By measuring the overlaps between states which are representations of DE terms, we construct a loss that does not require independent sequential function evaluations on grid points. In this sense, the solver evaluates the loss in an intrinsically parallel way, utilizing a global type of the model. When the loss is trained variationally, our approach can be related to the differentiable quantum circuit protocol, which does not scale with the training grid size. Specifically, using the proposed model definition and feature map encoding, we represent function- and derivative-based terms of a differential equation as corresponding quantum states. Importantly, we propose an efficient way for encoding nonlinearity, for some bases requiring only an additive linear increase of the system size $\mathcal{O}(N + p)$ in the degree of nonlinearity $p$. By utilizing basis mapping, we show how the proposed model can be evaluated explicitly. This allows to implement arbitrary functions of independent variables, treat problems with various initial and boundary conditions, and include data and regularization terms in the physics-informed machine learning setting. On the technical side, we present toolboxes for exponential Chebyshev and Fourier basis sets, developing tools for automatic differentiation and multiplication, implementing nonlinearity, and describing multivariate extensions. The approach is compatible with, and tested on, a range of problems including linear, nonlinear and multidimensional differential equations.",2308.01827v1,quant-ph,2023-08-03 15:38:31+00:00,https://arxiv.org/pdf/2308.01827v1,"""quantum machine learning"" AND ""differential equation"""
Approximation and Generalization Capacities of Parametrized Quantum Circuits for Functions in Sobolev Spaces,"['Alberto Manzano', 'David Dechant', 'Jordi Tura', 'Vedran Dunjko']","Parametrized quantum circuits (PQC) are quantum circuits which consist of both fixed and parametrized gates. In recent approaches to quantum machine learning (QML), PQCs are essentially ubiquitous and play the role analogous to classical neural networks. They are used to learn various types of data, with an underlying expectation that if the PQC is made sufficiently deep, and the data plentiful, the generalization error will vanish, and the model will capture the essential features of the distribution. While there exist results proving the approximability of square-integrable functions by PQCs under the $L^2$ distance, the approximation for other function spaces and under other distances has been less explored. In this work we show that PQCs can approximate the space of continuous functions, $p$-integrable functions and the $H^k$ Sobolev spaces under specific distances. Moreover, we develop generalization bounds that connect different function spaces and distances. These results provide a theoretical basis for different applications of PQCs, for example for solving differential equations. Furthermore, they provide us with new insight on the role of the data normalization in PQCs and of loss functions which better suit the specific needs of the users.",2307.14792v3,quant-ph,2023-07-27 11:43:08+00:00,https://arxiv.org/pdf/2307.14792v3,"""quantum machine learning"" AND ""differential equation"""
Dense outputs from quantum simulations,"['Jin-Peng Liu', 'Lin Lin']","The quantum dense output problem is the process of evaluating time-accumulated observables from time-dependent quantum dynamics using quantum computers. This problem arises frequently in applications such as quantum control and spectroscopic computation. We present a range of algorithms designed to operate on both early and fully fault-tolerant quantum platforms. These methodologies draw upon techniques like amplitude estimation, Hamiltonian simulation, quantum linear Ordinary Differential Equation (ODE) solvers, and quantum Carleman linearization. We provide a comprehensive complexity analysis with respect to the evolution time $T$ and error tolerance $ε$. Our results demonstrate that the linearization approach can nearly achieve optimal complexity $\mathcal{O}(T/ε)$ for a certain type of low-rank dense outputs. Moreover, we provide a linearization of the dense output problem that yields an exact and finite-dimensional closure which encompasses the original states. This formulation is related to the Koopman Invariant Subspace theory and may be of independent interest in nonlinear control and scientific machine learning.",2307.14441v2,quant-ph,2023-07-26 18:16:51+00:00,https://arxiv.org/pdf/2307.14441v2,"""quantum machine learning"" AND ""differential equation"""
Reliable AI: Does the Next Generation Require Quantum Computing?,"['Aras Bacho', 'Holger Boche', 'Gitta Kutyniok']","In this survey, we aim to explore the fundamental question of whether the next generation of artificial intelligence requires quantum computing. Artificial intelligence is increasingly playing a crucial role in many aspects of our daily lives and is central to the fourth industrial revolution. It is therefore imperative that artificial intelligence is reliable and trustworthy. However, there are still many issues with reliability of artificial intelligence, such as privacy, responsibility, safety, and security, in areas such as autonomous driving, healthcare, robotics, and others. These problems can have various causes, including insufficient data, biases, and robustness problems, as well as fundamental issues such as computability problems on digital hardware. The cause of these computability problems is rooted in the fact that digital hardware is based on the computing model of the Turing machine, which is inherently discrete. Notably, our findings demonstrate that digital hardware is inherently constrained in solving problems about optimization, deep learning, or differential equations. Therefore, these limitations carry substantial implications for the field of artificial intelligence, in particular for machine learning. Furthermore, although it is well known that the quantum computer shows a quantum advantage for certain classes of problems, our findings establish that some of these limitations persist when employing quantum computing models based on the quantum circuit or the quantum Turing machine paradigm. In contrast, analog computing models, such as the Blum-Shub-Smale machine, exhibit the potential to surmount these limitations.",2307.01301v2,cs.AI,2023-07-03 19:10:45+00:00,https://arxiv.org/pdf/2307.01301v2,"""quantum machine learning"" AND ""differential equation"""
Quantum Fourier Networks for Solving Parametric PDEs,"['Nishant Jain', 'Jonas Landman', 'Natansh Mathur', 'Iordanis Kerenidis']","Many real-world problems, like modelling environment dynamics, physical processes, time series etc., involve solving Partial Differential Equations (PDEs) parameterised by problem-specific conditions. Recently, a deep learning architecture called Fourier Neural Operator (FNO) proved to be capable of learning solutions of given PDE families for any initial conditions as input. However, it results in a time complexity linear in the number of evaluations of the PDEs while testing. Given the advancements in quantum hardware and the recent results in quantum machine learning methods, we exploit the running efficiency offered by these and propose quantum algorithms inspired by the classical FNO, which result in time complexity logarithmic in the number of evaluations and are, therefore, expected to be substantially faster than their classical counterpart. At their core, we use the unary encoding paradigm and orthogonal quantum layers and introduce a circuit to perform quantum Fourier transform in the unary basis. We propose three different quantum circuits to perform a quantum FNO. The proposals differ in their depth and their similarity to the classical FNO. We also benchmark our proposed algorithms on three PDE families, namely Burgers' equation, Darcy's flow equation and the Navier-Stokes equation. The results show that our quantum methods are comparable in performance to the classical FNO. We also perform an analysis on small-scale image classification tasks where our proposed algorithms are at par with the performance of classical CNNs, proving their applicability to other domains as well.",2306.15415v1,quant-ph,2023-06-27 12:21:02+00:00,https://arxiv.org/pdf/2306.15415v1,"""quantum machine learning"" AND ""differential equation"""
Solving Differential-Algebraic Equations in Power System Dynamic Analysis with Quantum Computing,"['Huynh T. T. Tran', 'Hieu T. Nguyen', 'Long Thanh Vu', 'Samuel T. Ojetola']","Power system dynamics are generally modeled by high dimensional nonlinear differential-algebraic equations (DAEs) given a large number of components forming the network. These DAEs' complexity can grow exponentially due to the increasing penetration of distributed energy resources, whereas their computation time becomes sensitive due to the increasing interconnection of the power grid with other energy systems. This paper demonstrates the use of quantum computing algorithms to solve DAEs for power system dynamic analysis. We leverage a symbolic programming framework to equivalently convert the power system's DAEs into ordinary differential equations (ODEs) using index reduction methods and then encode their data into qubits using amplitude encoding. The system nonlinearity is captured by Hamiltonian simulation with truncated Taylor expansion so that state variables can be updated by a quantum linear equation solver. Our results show that quantum computing can solve the power system's DAEs accurately with a computational complexity polynomial in the logarithm of the system dimension. We also illustrate the use of recent advanced tools in scientific machine learning for implementing complex computing concepts, i.e. Taylor expansion, DAEs/ODEs transformation, and quantum computing solver with abstract representation for power engineering applications.",2306.01961v3,quant-ph,2023-06-02 23:58:31+00:00,https://arxiv.org/pdf/2306.01961v3,"""quantum machine learning"" AND ""differential equation"""
Combining Monte Carlo and Tensor-network Methods for Partial Differential Equations via Sketching,"['Yian Chen', 'Yuehaw Khoo']","In this paper, we propose a general framework for solving high-dimensional partial differential equations with tensor networks. Our approach uses Monte-Carlo simulations to update the solution and re-estimates the new solution from samples as a tensor-network using a recently proposed tensor train sketching technique. We showcase the versatility and flexibility of our approach by applying it to two specific scenarios: simulating the Fokker-Planck equation through Langevin dynamics and quantum imaginary time evolution via auxiliary-field quantum Monte Carlo. We also provide convergence guarantees and numerical experiments to demonstrate the efficacy of the proposed method.",2305.17884v6,math.NA,2023-05-29 05:06:50+00:00,https://arxiv.org/pdf/2305.17884v6,"""quantum machine learning"" AND ""differential equation"""
Sample-efficient Model-based Reinforcement Learning for Quantum Control,"['Irtaza Khalid', 'Carrie A. Weidner', 'Edmond A. Jonckheere', 'Sophie G. Shermer', 'Frank C. Langbein']","We propose a model-based reinforcement learning (RL) approach for noisy time-dependent gate optimization with improved sample complexity over model-free RL. Sample complexity is the number of controller interactions with the physical system. Leveraging an inductive bias, inspired by recent advances in neural ordinary differential equations (ODEs), we use an auto-differentiable ODE parametrised by a learnable Hamiltonian ansatz to represent the model approximating the environment whose time-dependent part, including the control, is fully known. Control alongside Hamiltonian learning of continuous time-independent parameters is addressed through interactions with the system. We demonstrate an order of magnitude advantage in the sample complexity of our method over standard model-free RL in preparing some standard unitary gates with closed and open system dynamics, in realistic numerical experiments incorporating single shot measurements, arbitrary Hilbert space truncations and uncertainty in Hamiltonian parameters. Also, the learned Hamiltonian can be leveraged by existing control methods like GRAPE for further gradient-based optimization with the controllers found by RL as initializations. Our algorithm that we apply on nitrogen vacancy (NV) centers and transmons in this paper is well suited for controlling partially characterised one and two qubit systems.",2304.09718v2,quant-ph,2023-04-19 15:05:19+00:00,https://arxiv.org/pdf/2304.09718v2,"""quantum machine learning"" AND ""differential equation"""
Application of Tensor Neural Networks to Pricing Bermudan Swaptions,"['Raj G. Patel', 'Tomas Dominguez', 'Mohammad Dib', 'Samuel Palmer', 'Andrea Cadarso', 'Fernando De Lope Contreras', 'Abdelkader Ratnani', 'Francisco Gomez Casanova', 'Senaida Hernández-Santana', 'Álvaro Díaz-Fernández', 'Eva Andrés', 'Jorge Luis-Hita', 'Escolástico Sánchez-Martínez', 'Samuel Mugel', 'Roman Orus']","The Cheyette model is a quasi-Gaussian volatility interest rate model widely used to price interest rate derivatives such as European and Bermudan Swaptions for which Monte Carlo simulation has become the industry standard. In low dimensions, these approaches provide accurate and robust prices for European Swaptions but, even in this computationally simple setting, they are known to underestimate the value of Bermudan Swaptions when using the state variables as regressors. This is mainly due to the use of a finite number of predetermined basis functions in the regression. Moreover, in high-dimensional settings, these approaches succumb to the Curse of Dimensionality. To address these issues, Deep-learning techniques have been used to solve the backward Stochastic Differential Equation associated with the value process for European and Bermudan Swaptions; however, these methods are constrained by training time and memory. To overcome these limitations, we propose leveraging Tensor Neural Networks as they can provide significant parameter savings while attaining the same accuracy as classical Dense Neural Networks. In this paper we rigorously benchmark the performance of Tensor Neural Networks and Dense Neural Networks for pricing European and Bermudan Swaptions, and we show that Tensor Neural Networks can be trained faster than Dense Neural Networks and provide more accurate and robust prices than their Dense counterparts.",2304.09750v2,q-fin.CP,2023-04-18 07:41:04+00:00,https://arxiv.org/pdf/2304.09750v2,"""quantum machine learning"" AND ""differential equation"""
Designing Nonlinear Photonic Crystals for High-Dimensional Quantum State Engineering,"['Eyal Rozenberg', 'Aviv Karnieli', 'Ofir Yesharim', 'Joshua Foley-Comer', 'Sivan Trajtenberg-Mills', 'Sarika Mishra', 'Shashi Prabhakar', 'Ravindra Pratap', 'Daniel Freedman', 'Alex M. Bronstein', 'Ady Arie']","We propose a novel, physically-constrained and differentiable approach for the generation of D-dimensional qudit states via spontaneous parametric down-conversion (SPDC) in quantum optics. We circumvent any limitations imposed by the inherently stochastic nature of the physical process and incorporate a set of stochastic dynamical equations governing its evolution under the SPDC Hamiltonian. We demonstrate the effectiveness of our model through the design of structured nonlinear photonic crystals (NLPCs) and shaped pump beams; and show, theoretically and experimentally, how to generate maximally entangled states in the spatial degree of freedom. The learning of NLPC structures offers a promising new avenue for shaping and controlling arbitrary quantum states and enables all-optical coherent control of the generated states. We believe that this approach can readily be extended from bulky crystals to thin Metasurfaces and potentially applied to other quantum systems sharing a similar Hamiltonian structures, such as superfluids and superconductors.",2304.06810v1,quant-ph,2023-04-13 20:26:18+00:00,https://arxiv.org/pdf/2304.06810v1,"""quantum machine learning"" AND ""differential equation"""
GenPhys: From Physical Processes to Generative Models,"['Ziming Liu', 'Di Luo', 'Yilun Xu', 'Tommi Jaakkola', 'Max Tegmark']","Since diffusion models (DM) and the more recent Poisson flow generative models (PFGM) are inspired by physical processes, it is reasonable to ask: Can physical processes offer additional new generative models? We show that the answer is yes. We introduce a general family, Generative Models from Physical Processes (GenPhys), where we translate partial differential equations (PDEs) describing physical processes to generative models. We show that generative models can be constructed from s-generative PDEs (s for smooth). GenPhys subsume the two existing generative models (DM and PFGM) and even give rise to new families of generative models, e.g., ""Yukawa Generative Models"" inspired from weak interactions. On the other hand, some physical processes by default do not belong to the GenPhys family, e.g., the wave equation and the Schrödinger equation, but could be made into the GenPhys family with some modifications. Our goal with GenPhys is to explore and expand the design space of generative models.",2304.02637v1,cs.LG,2023-04-05 17:58:16+00:00,https://arxiv.org/pdf/2304.02637v1,"""quantum machine learning"" AND ""differential equation"""
Fluctuation without dissipation: Microcanonical Langevin Monte Carlo,"['Jakob Robnik', 'Uroš Seljak']","Stochastic sampling algorithms such as Langevin Monte Carlo are inspired by physical systems in a heat bath. Their equilibrium distribution is the canonical ensemble given by a prescribed target distribution, so they must balance fluctuation and dissipation as dictated by the fluctuation-dissipation theorem. In contrast to the common belief, we show that the fluctuation-dissipation theorem is not required because only the configuration space distribution, and not the full phase space distribution, needs to be canonical. We propose a continuous-time Microcanonical Langevin Monte Carlo (MCLMC) as a dissipation-free system of stochastic differential equations (SDE). We derive the corresponding Fokker-Planck equation and show that the stationary distribution is the microcanonical ensemble with the desired canonical distribution on configuration space. We prove that MCLMC is ergodic for any nonzero amount of stochasticity, and for smooth, convex potentials, the expectation values converge exponentially fast. Furthermore, the deterministic drift and the stochastic diffusion separately preserve the stationary distribution. This uncommon property is attractive for practical implementations as it implies that the drift-diffusion discretization schemes are bias-free, so the only source of bias is the discretization of the deterministic dynamics. We applied MCLMC on a lattice $φ^4$ model, where Hamiltonian Monte Carlo (HMC) is currently the state-of-the-art integrator. For the same accuracy, MCLMC converges 12 times faster than HMC on an $8\times8$ lattice. On a $64\times64$ lattice, it is already 32 times faster. The trend is expected to persist to larger lattices, which are of particular interest, for example, in lattice quantum chromodynamics.",2303.18221v3,hep-lat,2023-03-31 17:24:33+00:00,https://arxiv.org/pdf/2303.18221v3,"""quantum machine learning"" AND ""differential equation"""
Towards provably efficient quantum algorithms for large-scale machine-learning models,"['Junyu Liu', 'Minzhao Liu', 'Jin-Peng Liu', 'Ziyu Ye', 'Yunfei Wang', 'Yuri Alexeev', 'Jens Eisert', 'Liang Jiang']","Large machine learning models are revolutionary technologies of artificial intelligence whose bottlenecks include huge computational expenses, power, and time used both in the pre-training and fine-tuning process. In this work, we show that fault-tolerant quantum computing could possibly provide provably efficient resolutions for generic (stochastic) gradient descent algorithms, scaling as O(T^2 polylog(n)), where n is the size of the models and T is the number of iterations in the training, as long as the models are both sufficiently dissipative and sparse, with small learning rates. Based on earlier efficient quantum algorithms for dissipative differential equations, we find and prove that similar algorithms work for (stochastic) gradient descent, the primary algorithm for machine learning. In practice, we benchmark instances of large machine learning models from 7 million to 103 million parameters. We find that, in the context of sparse training, a quantum enhancement is possible at the early stage of learning after model pruning, motivating a sparse parameter download and re-upload scheme. Our work shows solidly that fault-tolerant quantum algorithms could potentially contribute to most state-of-the-art, large-scale machine-learning problems.",2303.03428v5,quant-ph,2023-03-06 19:00:27+00:00,https://arxiv.org/pdf/2303.03428v5,"""quantum machine learning"" AND ""differential equation"""
"Completeness for arbitrary finite dimensions of ZXW-calculus, a unifying calculus","['Boldizsár Poór', 'Quanlong Wang', 'Razin A. Shaikh', 'Lia Yeh', 'Richie Yeung', 'Bob Coecke']","The ZX-calculus is a universal graphical language for qubit quantum computation, meaning that every linear map between qubits can be expressed in the ZX-calculus. Furthermore, it is a complete graphical rewrite system: any equation involving linear maps that is derivable in the Hilbert space formalism for quantum theory can also be derived in the calculus by rewriting. It has widespread usage within quantum industry and academia for a variety of tasks such as quantum circuit optimisation, error-correction, and education.
  The ZW-calculus is an alternative universal graphical language that is also complete for qubit quantum computing. In fact, its completeness was used to prove that the ZX-calculus is universally complete. This calculus has advanced how quantum circuits are compiled into photonic hardware architectures in the industry.
  Recently, by combining these two calculi, a new calculus has emerged for qubit quantum computation, the ZXW-calculus. Using this calculus, graphical-differentiation, -integration, and -exponentiation were made possible, thus enabling the development of novel techniques in the domains of quantum machine learning and quantum chemistry.
  Here, we generalise the ZXW-calculus to arbitrary finite dimensions, that is, to qudits. Moreover, we prove that this graphical rewrite system is complete for any finite dimension. This is the first completeness result for any universal graphical language beyond qubits.",2302.12135v2,quant-ph,2023-02-23 16:18:57+00:00,https://arxiv.org/pdf/2302.12135v2,"""quantum machine learning"" AND ""differential equation"""
Solving Differential-Algebraic Equations in Power System Dynamic Analysis with Quantum Computing,"['Huynh Trung Thanh Tran', 'Hieu T. Nguyen', 'Long T. Vu', 'Samuel T. Ojetola']","Power system dynamics are generally modeled by high dimensional nonlinear differential-algebraic equations (DAEs) given a large number of components forming the network. These DAEs' complexity can grow exponentially due to the increasing penetration of distributed energy resources, whereas their computation time becomes sensitive due to the increasing interconnection of the power grid with other energy systems. This paper demonstrates the use of quantum computing algorithms to solve DAEs for power system dynamic analysis. We leverage a symbolic programming framework to equivalently convert the power system's DAEs into ordinary differential equations (ODEs) using index reduction methods and then encode their data into qubits using amplitude encoding. The system nonlinearity is captured by Hamiltonian simulation with truncated Taylor expansion so that state variables can be updated by a quantum linear equation solver. Our results show that quantum computing can solve the power system's DAEs accurately with a computational complexity polynomial in the logarithm of the system dimension. We also illustrate the use of recent advanced tools in scientific machine learning for implementing complex computing concepts, i.e. Taylor expansion, DAEs/ODEs transformation, and quantum computing solver with abstract representation for power engineering applications.",2302.09597v4,eess.SY,2023-02-19 15:29:17+00:00,https://arxiv.org/pdf/2302.09597v4,"""quantum machine learning"" AND ""differential equation"""
On backpropagating Hessians through ODEs,"['Axel Ciceri', 'Thomas Fischbacher']","We discuss the problem of numerically backpropagating Hessians through ordinary differential equations (ODEs) in various contexts and elucidate how different approaches may be favourable in specific situations. We discuss both theoretical and pragmatic aspects such as, respectively, bounds on computational effort and typical impact of framework overhead.
  Focusing on the approach of hand-implemented ODE-backpropagation, we develop the computation for the Hessian of orbit-nonclosure for a mechanical system. We also clarify the mathematical framework for extending the backward-ODE-evolution of the costate-equation to Hessians, in its most generic form. Some calculations, such as that of the Hessian for orbit non-closure, are performed in a language, defined in terms of a formal grammar, that we introduce to facilitate the tracking of intermediate quantities.
  As pedagogical examples, we discuss the Hessian of orbit-nonclosure for the higher dimensional harmonic oscillator and conceptually related problems in Newtonian gravitational theory. In particular, applying our approach to the figure-8 three-body orbit, we readily rediscover a distorted-figure-8 solution originally described by Simó.
  Possible applications may include: improvements to training of `neural ODE'- type deep learning with second-order methods, numerical analysis of quantum corrections around classical paths, and, more broadly, studying options for adjusting an ODE's initial configuration such that the impact on some given objective function is small.",2301.08085v1,math.OC,2023-01-19 14:05:33+00:00,https://arxiv.org/pdf/2301.08085v1,"""quantum machine learning"" AND ""differential equation"""
Learning Interpolations between Boltzmann Densities,"['Bálint Máté', 'François Fleuret']","We introduce a training objective for continuous normalizing flows that can be used in the absence of samples but in the presence of an energy function. Our method relies on either a prescribed or a learnt interpolation $f_t$ of energy functions between the target energy $f_1$ and the energy function of a generalized Gaussian $f_0(x) = ||x/σ||_p^p$. The interpolation of energy functions induces an interpolation of Boltzmann densities $p_t \propto e^{-f_t}$ and we aim to find a time-dependent vector field $V_t$ that transports samples along the family $p_t$ of densities. The condition of transporting samples along the family $p_t$ is equivalent to satisfying the continuity equation with $V_t$ and $p_t = Z_t^{-1}e^{-f_t}$. Consequently, we optimize $V_t$ and $f_t$ to satisfy this partial differential equation. We experimentally compare the proposed training objective to the reverse KL-divergence on Gaussian mixtures and on the Boltzmann density of a quantum mechanical particle in a double-well potential.",2301.07388v5,stat.ML,2023-01-18 09:32:33+00:00,https://arxiv.org/pdf/2301.07388v5,"""quantum machine learning"" AND ""differential equation"""
The R-algebra of Quasiknowledge and Convex Optimization,['Duyal Yolcu'],"This article develops a convex description of a classical or quantum learner's or agent's state of knowledge about its environment, presented as a convex subset of a commutative R-algebra. With caveats, this leads to a generalization of certain semidefinite programs in quantum information (such as those describing the universal query algorithm dual to the quantum adversary bound, related to optimal learning or control of the environment) to the classical and faulty-quantum setting, which would not be possible with a naive description via joint probability distributions over environment and internal memory. More philosophically, it also makes an interpretation of the set of reduced density matrices as ""states of knowledge"" of an observer of its environment, related to these techniques, more explicit. As another example, I describe and solve a formal differential equation of states of knowledge in that algebra, where an agent obtains experimental data in a Poissonian process, and its state of knowledge evolves as an exponential power series. However, this framework currently lacks impressive applications, and I post it in part to solicit feedback and collaboration on those. In particular, it may be possible to develop it into a new framework for the design of experiments, e.g. the problem of finding maximally informative questions to ask human labelers or the environment in machine-learning problems. The parts of the article not related to quantum information don't assume knowledge of it.",2212.04606v1,quant-ph,2022-12-08 23:48:00+00:00,https://arxiv.org/pdf/2212.04606v1,"""quantum machine learning"" AND ""differential equation"""
Machine learning for decision-making under uncertainty,"['Lizhi Xin', 'Kevin Xin', 'Houwen Xin']","We live in a world brimming with uncertainty, where we constantly have to make a lot of decisions under incomplete information. We are firm believers that our subjective belief cannot be computed by rigorous mathematical formula; instead based on Darwin's natural selection (the evolution process is simulated by machine learning with genetic programming), a proposed computational model that incorporates insights from quantum theory to describe and explain decision-making under uncertainty. Unlike other decision-making theories that explain the decision-making process through probability theory, our proposed decision theory discovers ""laws"" of thought by learning observed historical data. There is no differential equation and no transition probability in our decision theory, our decision model has an emphasis on machine learning, where decision-makers build-up their experience by being rewarded or punished for each decision they make and prepare them for making better decisions in the future. We do not model with the usual utility function, but with quantum decision tree that simulates people's decision process. Each quantum decision tree includes a set of strategies; every time a decision is made, the decision-maker first chooses a strategy from the quantum decision tree's strategy pool, and then chooses an action based on the degree of belief which is obtained by genetic programming based on maximizing expected value.",2212.04286v2,physics.soc-ph,2022-12-08 14:28:19+00:00,https://arxiv.org/pdf/2212.04286v2,"""quantum machine learning"" AND ""differential equation"""
Deep-learning quasi-particle masses from QCD equation of state,"['Fu-Peng Li', 'Hong-Liang Lü', 'Long-Gang Pang', 'Guang-You Qin']","The interactions of quarks and gluons are strong at non-perturbative region. The equation of state (EoS) of a strongly-interacting quantum chromodynamics (QCD) medium can only be studied using the first-principle lattice QCD calculations. However, the complicated QCD EoS can be reproduced using simple statistical formula by treating the medium as a free parton gas whose fundamental degree of freedoms are dressed quarks and gluons called quasi-particles, with temperature-dependent masses. We use deep neural network and auto differentiation to solve this variational problem in which the masses of quasi gluons, up/down and strange quarks are three unknown functions, whose forms are represented by deep neural network. We reproduce the QCD EoS using these machine learned quasi-particle masses, and calculate the shear viscosity over entropy density ($η/s$) as a function of temperature of the hot QCD matter.",2211.07994v1,hep-ph,2022-11-15 09:03:21+00:00,https://arxiv.org/pdf/2211.07994v1,"""quantum machine learning"" AND ""differential equation"""
First principles physics-informed neural network for quantum wavefunctions and eigenvalue surfaces,"['Marios Mattheakis', 'Gabriel R. Schleder', 'Daniel T. Larson', 'Efthimios Kaxiras']","Physics-informed neural networks have been widely applied to learn general parametric solutions of differential equations. Here, we propose a neural network to discover parametric eigenvalue and eigenfunction surfaces of quantum systems. We apply our method to solve the hydrogen molecular ion. This is an ab-initio deep learning method that solves the Schrodinger equation with the Coulomb potential yielding realistic wavefunctions that include a cusp at the ion positions. The neural solutions are continuous and differentiable functions of the interatomic distance and their derivatives are analytically calculated by applying automatic differentiation. Such a parametric and analytical form of the solutions is useful for further calculations such as the determination of force fields.",2211.04607v3,cs.LG,2022-11-08 23:22:42+00:00,https://arxiv.org/pdf/2211.04607v3,"""quantum machine learning"" AND ""differential equation"""
Gibbs Sampling of Continuous Potentials on a Quantum Computer,"['Arsalan Motamedi', 'Pooya Ronagh']","Gibbs sampling from continuous real-valued functions is a challenging problem of interest in machine learning. Here we leverage quantum Fourier transforms to build a quantum algorithm for this task when the function is periodic. We use the quantum algorithms for solving linear ordinary differential equations to solve the Fokker--Planck equation and prepare a quantum state encoding the Gibbs distribution. We show that the efficiency of interpolation and differentiation of these functions on a quantum computer depends on the rate of decay of the Fourier coefficients of the Fourier transform of the function. We view this property as a concentration of measure in the Fourier domain, and also provide functional analytic conditions for it. Our algorithm makes zeroeth order queries to a quantum oracle of the function. Despite suffering from an exponentially long mixing time, this algorithm allows for exponentially improved precision in sampling, and polynomial quantum speedups in mean estimation in the general case, and particularly under geometric conditions we identify for the critical points of the energy function.",2210.08104v4,quant-ph,2022-10-14 20:56:44+00:00,https://arxiv.org/pdf/2210.08104v4,"""quantum machine learning"" AND ""differential equation"""
Action Matching: Learning Stochastic Dynamics from Samples,"['Kirill Neklyudov', 'Rob Brekelmans', 'Daniel Severo', 'Alireza Makhzani']","Learning the continuous dynamics of a system from snapshots of its temporal marginals is a problem which appears throughout natural sciences and machine learning, including in quantum systems, single-cell biological data, and generative modeling. In these settings, we assume access to cross-sectional samples that are uncorrelated over time, rather than full trajectories of samples. In order to better understand the systems under observation, we would like to learn a model of the underlying process that allows us to propagate samples in time and thereby simulate entire individual trajectories. In this work, we propose Action Matching, a method for learning a rich family of dynamics using only independent samples from its time evolution. We derive a tractable training objective, which does not rely on explicit assumptions about the underlying dynamics and does not require back-propagation through differential equations or optimal transport solvers. Inspired by connections with optimal transport, we derive extensions of Action Matching to learn stochastic differential equations and dynamics involving creation and destruction of probability mass. Finally, we showcase applications of Action Matching by achieving competitive performance in a diverse set of experiments from biology, physics, and generative modeling.",2210.06662v3,cs.LG,2022-10-13 01:49:48+00:00,https://arxiv.org/pdf/2210.06662v3,"""quantum machine learning"" AND ""differential equation"""
Equivariant Energy-Guided SDE for Inverse Molecular Design,"['Fan Bao', 'Min Zhao', 'Zhongkai Hao', 'Peiyao Li', 'Chongxuan Li', 'Jun Zhu']","Inverse molecular design is critical in material science and drug discovery, where the generated molecules should satisfy certain desirable properties. In this paper, we propose equivariant energy-guided stochastic differential equations (EEGSDE), a flexible framework for controllable 3D molecule generation under the guidance of an energy function in diffusion models. Formally, we show that EEGSDE naturally exploits the geometric symmetry in 3D molecular conformation, as long as the energy function is invariant to orthogonal transformations. Empirically, under the guidance of designed energy functions, EEGSDE significantly improves the baseline on QM9, in inverse molecular design targeted to quantum properties and molecular structures. Furthermore, EEGSDE is able to generate molecules with multiple target properties by combining the corresponding energy functions linearly.",2209.15408v3,physics.chem-ph,2022-09-30 12:10:15+00:00,https://arxiv.org/pdf/2209.15408v3,"""quantum machine learning"" AND ""differential equation"""
Exact conservation laws for neural network integrators of dynamical systems,['Eike Hermann Müller'],"The solution of time dependent differential equations with neural networks has attracted a lot of attention recently. The central idea is to learn the laws that govern the evolution of the solution from data, which might be polluted with random noise. However, in contrast to other machine learning applications, usually a lot is known about the system at hand. For example, for many dynamical systems physical quantities such as energy or (angular) momentum are exactly conserved. Hence, the neural network has to learn these conservation laws from data and they will only be satisfied approximately due to finite training time and random noise. In this paper we present an alternative approach which uses Noether's Theorem to inherently incorporate conservation laws into the architecture of the neural network. We demonstrate that this leads to better predictions for three model systems: the motion of a non-relativistic particle in a three-dimensional Newtonian gravitational potential, the motion of a massive relativistic particle in the Schwarzschild metric and a system of two interacting particles in four dimensions.",2209.11661v2,math.DS,2022-09-23 15:45:05+00:00,https://arxiv.org/pdf/2209.11661v2,"""quantum machine learning"" AND ""differential equation"""
Gradient Flows for L2 Support Vector Machine Training,"['Christian Bauckhage', 'Helen Schneider', 'Benjamin Wulff', 'Rafet Sifa']",We explore the merits of training of support vector machines for binary classification by means of solving systems of ordinary differential equations. We thus assume a continuous time perspective on a machine learning problem which may be of interest for implementations on (re)emerging hardware platforms such as analog- or quantum computers.,2208.04365v1,cs.LG,2022-08-08 18:56:47+00:00,https://arxiv.org/pdf/2208.04365v1,"""quantum machine learning"" AND ""differential equation"""
Cosmology-informed neural networks to solve the background dynamics of the Universe,"['Augusto T. Chantada', 'Susana J. Landau', 'Pavlos Protopapas', 'Claudia G. Scóccola', 'Cecilia Garraffo']","The field of machine learning has drawn increasing interest from various other fields due to the success of its methods at solving a plethora of different problems. An application of these has been to train artificial neural networks to solve differential equations without the need of a numerical solver. This particular application offers an alternative to conventional numerical methods, with advantages such as lower memory required to store solutions, parallelization, and, in some cases, a lower overall computational cost than its numerical counterparts. In this work, we train artificial neural networks to represent a bundle of solutions of the differential equations that govern the background dynamics of the Universe for four different models. The models we have chosen are $Λ\mathrm{CDM}$, the Chevallier-Polarski-Linder parametric dark energy model, a quintessence model with an exponential potential, and the Hu-Sawicki $f(R)$ model. We use the solutions that the networks provide to perform statistical analyses to estimate the values of each model's parameters with observational data; namely, estimates of the Hubble parameter from cosmic chronometers, type Ia supernovae data from the Pantheon compilation, and measurements from baryon acoustic oscillations. The results we obtain for all models match similar estimations done in the literature using numerical solvers. In addition, we estimate the error of the solutions that the trained networks provide by comparing them with the analytical solution when there is one, or to a high-precision numerical solution when there is not. Through these estimations we find that the error of the solutions is at most $\sim1\%$ in the region of the parameter space that concerns the $95\%$ confidence regions that we find using the data, for all models and all statistical analyses performed in this work.",2205.02945v3,astro-ph.CO,2022-05-05 21:56:43+00:00,https://arxiv.org/pdf/2205.02945v3,"""quantum machine learning"" AND ""differential equation"""
Quantum Extremal Learning,"['Savvas Varsamopoulos', 'Evan Philip', 'Herman W. T. van Vlijmen', 'Sairam Menon', 'Ann Vos', 'Natalia Dyubankova', 'Bert Torfs', 'Anthony Rowe', 'Vincent E. Elfving']","We propose a quantum algorithm for `extremal learning', which is the process of finding the input to a hidden function that extremizes the function output, without having direct access to the hidden function, given only partial input-output (training) data. The algorithm, called quantum extremal learning (QEL), consists of a parametric quantum circuit that is variationally trained to model data input-output relationships and where a trainable quantum feature map, that encodes the input data, is analytically differentiated in order to find the coordinate that extremizes the model. This enables the combination of established quantum machine learning modelling with established quantum optimization, on a single circuit/quantum computer. We have tested our algorithm on a range of classical datasets based on either discrete or continuous input variables, both of which are compatible with the algorithm. In case of discrete variables, we test our algorithm on synthetic problems formulated based on Max-Cut problem generators and also considering higher order correlations in the input-output relationships. In case of the continuous variables, we test our algorithm on synthetic datasets in 1D and simple ordinary differential functions. We find that the algorithm is able to successfully find the extremal value of such problems, even when the training dataset is sparse or a small fraction of the input configuration space. We additionally show how the algorithm can be used for much more general cases of higher dimensionality, complex differential equations, and with full flexibility in the choice of both modeling and optimization ansatz. We envision that due to its general framework and simple construction, the QEL algorithm will be able to solve a wide variety of applications in different fields, opening up areas of further research.",2205.02807v1,quant-ph,2022-05-05 17:37:26+00:00,https://arxiv.org/pdf/2205.02807v1,"""quantum machine learning"" AND ""differential equation"""
Qade: Solving Differential Equations on Quantum Annealers,"['Juan Carlos Criado', 'Michael Spannowsky']","We present a general method, called Qade, for solving differential equations using a quantum annealer. The solution is obtained as a linear combination of a set of basis functions. On current devices, Qade can solve systems of coupled partial differential equations that depend linearly on the solution and its derivatives, with non-linear variable coefficients and arbitrary inhomogeneous terms. We test the method with several examples and find that state-of-the-art quantum annealers can find the solution accurately for problems requiring a small enough function basis. We provide a Python package implementing the method at gitlab.com/jccriado/qade.",2204.03657v1,quant-ph,2022-04-07 18:00:00+00:00,https://arxiv.org/pdf/2204.03657v1,"""quantum machine learning"" AND ""differential equation"""
Applications of physics informed neural operators,"['Shawn G. Rosofsky', 'Hani Al Majed', 'E. A. Huerta']","We present an end-to-end framework to learn partial differential equations that brings together initial data production, selection of boundary conditions, and the use of physics-informed neural operators to solve partial differential equations that are ubiquitous in the study and modeling of physics phenomena. We first demonstrate that our methods reproduce the accuracy and performance of other neural operators published elsewhere in the literature to learn the 1D wave equation and the 1D Burgers equation. Thereafter, we apply our physics-informed neural operators to learn new types of equations, including the 2D Burgers equation in the scalar, inviscid and vector types. Finally, we show that our approach is also applicable to learn the physics of the 2D linear and nonlinear shallow water equations, which involve three coupled partial differential equations. We release our artificial intelligence surrogates and scientific software to produce initial data and boundary conditions to study a broad range of physically motivated scenarios. We provide the source code, an interactive website to visualize the predictions of our physics informed neural operators, and a tutorial for their use at the Data and Learning Hub for Science.",2203.12634v2,physics.comp-ph,2022-03-23 18:00:05+00:00,https://arxiv.org/pdf/2203.12634v2,"""quantum machine learning"" AND ""differential equation"""
Adapting reservoir computing to solve the Schrödinger equation,"['L. Domingo', 'J. Borondo', 'F. Borondo']","Reservoir computing is a machine learning algorithm that excels at predicting the evolution of time series, in particular, dynamical systems. Moreover, it has also shown superb performance at solving partial differential equations. In this work, we adapt this methodology to integrate the time-dependent Schrödinger equation, propagating an initial wavefunction in time. Since such wavefunctions are complex-valued high-dimensional arrays the reservoir computing formalism needs to be extended to cope with complex-valued data. Furthermore, we propose a multi-step learning strategy that avoids overfitting the training data. We illustrate the performance of our adapted reservoir computing method by application to four standard problems in molecular vibrational dynamics.",2202.06130v1,quant-ph,2022-02-12 19:28:11+00:00,https://arxiv.org/pdf/2202.06130v1,"""quantum machine learning"" AND ""differential equation"""
Representation of the Fermionic Boundary Operator,"['Ismail Yunus Akhalwaya', 'Yang-Hui He', 'Lior Horesh', 'Vishnu Jejjala', 'William Kirby', 'Kugendran Naidoo', 'Shashanka Ubaru']","The boundary operator is a linear operator that acts on a collection of high-dimensional binary points (simplices) and maps them to their boundaries. This boundary map is one of the key components in numerous applications, including differential equations, machine learning, computational geometry, machine vision and control systems. We consider the problem of representing the full boundary operator on a quantum computer. We first prove that the boundary operator has a special structure in the form of a complete sum of fermionic creation and annihilation operators. We then use the fact that these operators pairwise anticommute to produce an $O(n)$-depth circuit that exactly implements the boundary operator without any Trotterization or Taylor series approximation errors. Having fewer errors reduces the number of shots required to obtain desired accuracies.",2201.11510v2,quant-ph,2022-01-27 13:42:57+00:00,https://arxiv.org/pdf/2201.11510v2,"""quantum machine learning"" AND ""differential equation"""
SPDCinv: Inverse Quantum-Optical Design of High-Dimensional Qudits,"['Eyal Rozenberg', 'Aviv Karnieli', 'Ofir Yesharim', 'Joshua Foley-Comer', 'Sivan Trajtenberg-Mills', 'Daniel Freedman', 'Alex M. Bronstein', 'Ady Arie']","Spontaneous parametric down-conversion in quantum optics is an invaluable resource for the realization of high-dimensional qudits with spatial modes of light. One of the main open challenges is how to directly generate a desirable qudit state in the SPDC process. This problem can be addressed through advanced computational learning methods; however, due to difficulties in modeling the SPDC process by a fully differentiable algorithm that takes into account all interaction effects, progress has been limited. Here, we overcome these limitations and introduce a physically-constrained and differentiable model, validated against experimental results for shaped pump beams and structured crystals, capable of learning every interaction parameter in the process. We avoid any restrictions induced by the stochastic nature of our physical model and integrate the dynamic equations governing the evolution under the SPDC Hamiltonian. We solve the inverse problem of designing a nonlinear quantum optical system that achieves the desired quantum state of down-converted photon pairs. The desired states are defined using either the second-order correlations between different spatial modes or by specifying the required density matrix. By learning nonlinear volume holograms as well as different pump shapes, we successfully show how to generate maximally entangled states. Furthermore, we simulate all-optical coherent control over the generated quantum state by actively changing the profile of the pump beam. Our work can be useful for applications such as novel designs of high-dimensional quantum key distribution and quantum information processing protocols. In addition, our method can be readily applied for controlling other degrees of freedom of light in the SPDC process, such as the spectral and temporal properties, and may even be used in condensed-matter systems having a similar interaction Hamiltonian.",2112.05934v1,quant-ph,2021-12-11 09:05:23+00:00,https://arxiv.org/pdf/2112.05934v1,"""quantum machine learning"" AND ""differential equation"""
Neural Tangent Kernel of Matrix Product States: Convergence and Applications,"['Erdong Guo', 'David Draper']","In this work, we study the Neural Tangent Kernel (NTK) of Matrix Product States (MPS) and the convergence of its NTK in the infinite bond dimensional limit. We prove that the NTK of MPS asymptotically converges to a constant matrix during the gradient descent (training) process (and also the initialization phase) as the bond dimensions of MPS go to infinity by the observation that the variation of the tensors in MPS asymptotically goes to zero during training in the infinite limit. By showing the positive-definiteness of the NTK of MPS, the convergence of MPS during the training in the function space (space of functions represented by MPS) is guaranteed without any extra assumptions of the data set. We then consider the settings of (supervised) Regression with Mean Square Error (RMSE) and (unsupervised) Born Machines (BM) and analyze their dynamics in the infinite bond dimensional limit. The ordinary differential equations (ODEs) which describe the dynamics of the responses of MPS in the RMSE and BM are derived and solved in the closed-form. For the Regression, we consider Mercer Kernels (Gaussian Kernels) and find that the evolution of the mean of the responses of MPS follows the largest eigenvalue of the NTK. Due to the orthogonality of the kernel functions in BM, the evolution of different modes (samples) decouples and the ""characteristic time"" of convergence in training is obtained.",2111.14046v1,stat.ML,2021-11-28 04:10:06+00:00,https://arxiv.org/pdf/2111.14046v1,"""quantum machine learning"" AND ""differential equation"""
Quantum Model-Discovery,"['Niklas Heim', 'Atiyo Ghosh', 'Oleksandr Kyriienko', 'Vincent E. Elfving']","Quantum computing promises to speed up some of the most challenging problems in science and engineering. Quantum algorithms have been proposed showing theoretical advantages in applications ranging from chemistry to logistics optimization. Many problems appearing in science and engineering can be rewritten as a set of differential equations. Quantum algorithms for solving differential equations have shown a provable advantage in the fault-tolerant quantum computing regime, where deep and wide quantum circuits can be used to solve large linear systems like partial differential equations (PDEs) efficiently. Recently, variational approaches to solving non-linear PDEs also with near-term quantum devices were proposed. One of the most promising general approaches is based on recent developments in the field of scientific machine learning for solving PDEs. We extend the applicability of near-term quantum computers to more general scientific machine learning tasks, including the discovery of differential equations from a dataset of measurements. We use differentiable quantum circuits (DQCs) to solve equations parameterized by a library of operators, and perform regression on a combination of data and equations. Our results show a promising path to Quantum Model Discovery (QMoD), on the interface between classical and quantum machine learning approaches. We demonstrate successful parameter inference and equation discovery using QMoD on different systems including a second-order, ordinary differential equation and a non-linear, partial differential equation.",2111.06376v1,quant-ph,2021-11-11 18:45:52+00:00,https://arxiv.org/pdf/2111.06376v1,"""quantum machine learning"" AND ""differential equation"""
A Review of Physics-based Machine Learning in Civil Engineering,"['Shashank Reddy Vadyala', 'Sai Nethra Betgeri1', 'John C. Matthews', 'Elizabeth Matthews']","The recent development of machine learning (ML) and Deep Learning (DL) increases the opportunities in all the sectors. ML is a significant tool that can be applied across many disciplines, but its direct application to civil engineering problems can be challenging. ML for civil engineering applications that are simulated in the lab often fail in real-world tests. This is usually attributed to a data mismatch between the data used to train and test the ML model and the data it encounters in the real world, a phenomenon known as data shift. However, a physics-based ML model integrates data, partial differential equations (PDEs), and mathematical models to solve data shift problems. Physics-based ML models are trained to solve supervised learning tasks while respecting any given laws of physics described by general nonlinear equations. Physics-based ML, which takes center stage across many science disciplines, plays an important role in fluid dynamics, quantum mechanics, computational resources, and data storage. This paper reviews the history of physics-based ML and its application in civil engineering.",2110.04600v2,cs.LG,2021-10-09 15:50:21+00:00,https://arxiv.org/pdf/2110.04600v2,"""quantum machine learning"" AND ""differential equation"""
Machine-learning hidden symmetries,"['Ziming Liu', 'Max Tegmark']","We present an automated method for finding hidden symmetries, defined as symmetries that become manifest only in a new coordinate system that must be discovered. Its core idea is to quantify asymmetry as violation of certain partial differential equations, and to numerically minimize such violation over the space of all invertible transformations, parametrized as invertible neural networks. For example, our method rediscovers the famous Gullstrand-Painleve metric that manifests hidden translational symmetry in the Schwarzschild metric of non-rotating black holes, as well as Hamiltonicity, modularity and other simplifying traits not traditionally viewed as symmetries.",2109.09721v2,cs.LG,2021-09-20 17:55:02+00:00,https://arxiv.org/pdf/2109.09721v2,"""quantum machine learning"" AND ""differential equation"""
Quantum variational PDE solver with machine learning,"['Jaewoo Joo', 'Hyungil Moon']","To solve nonlinear partial differential equations (PDEs) is one of the most common but important tasks in not only basic sciences but also many practical industries. We here propose a quantum variational (QuVa) PDE solver with the aid of machine learning (ML) schemes to synergise two emerging technologies in mathematically hard problems. The core quantum processing in this solver is to calculate efficiently the expectation value of specially designed quantum operators. For a large quantum system, we only obtain data from measurements of few control qubits to avoid the exponential cost in the measurements of the whole quantum system and optimise a pathway to find possible solution sets of the desired PDEs using ML techniques. As an example, a few different types of the second-order DEs are examined with randomly chosen samples and a regression method is implemented to chase the best candidates of solution functions with another trial samples. We demonstrated that a three-qubit system successfully follows the pattern of analytical solutions of three different DEs with high fidelity since the variational solutions are given by a necessary condition to obtain the exact solution of the DEs. Thus, we believe that final solution candidate sets are efficiently extracted from the QuVa PDE solver with the support of ML techniques and this algorithm could be beneficial to search for the solutions of complex mathematical problems as well as to find good ansatzs for eigenstates in large quantum systems (e.g., for quantum chemistry).",2109.09216v1,quant-ph,2021-09-19 20:30:02+00:00,https://arxiv.org/pdf/2109.09216v1,"""quantum machine learning"" AND ""differential equation"""
QBoost for regression problems: solving partial differential equations,"['Caio B. D. Góes', 'Thiago O. Maciel', 'Giovani G. Pollachini', 'Rafael Cuenca', 'Juan P. L. C. Salazar', 'Eduardo I. Duzzioni']","A hybrid algorithm based on machine learning and quantum ensemble learning is proposed that is capable of finding a solution to a partial differential equation with good precision and favorable scaling in the required number of qubits. The classical part is composed by training several regressors (weak-learners), capable of solving a partial differential equation using machine learning. The quantum part consists of adapting the QBoost algorithm to solve regression problems. We have successfully applied our framework to solve the 1D Burgers' equation with viscosity, showing that the quantum ensemble method really improves the solutions produced by weak-learners. We also implemented the algorithm on the D-Wave Systems, confirming the best performance of the quantum solution compared to the simulated annealing and exact solver methods, given the memory limitations of our classical computer used in the comparison.",2108.13346v1,quant-ph,2021-08-30 16:13:04+00:00,https://arxiv.org/pdf/2108.13346v1,"""quantum machine learning"" AND ""differential equation"""
Quantum Quantile Mechanics: Solving Stochastic Differential Equations for Generating Time-Series,"['Annie E. Paine', 'Vincent E. Elfving', 'Oleksandr Kyriienko']","We propose a quantum algorithm for sampling from a solution of stochastic differential equations (SDEs). Using differentiable quantum circuits (DQCs) with a feature map encoding of latent variables, we represent the quantile function for an underlying probability distribution and extract samples as DQC expectation values. Using quantile mechanics we propagate the system in time, thereby allowing for time-series generation. We test the method by simulating the Ornstein-Uhlenbeck process and sampling at times different from the initial point, as required in financial analysis and dataset augmentation. Additionally, we analyse continuous quantum generative adversarial networks (qGANs), and show that they represent quantile functions with a modified (reordered) shape that impedes their efficient time-propagation. Our results shed light on the connection between quantum quantile mechanics (QQM) and qGANs for SDE-based distributions, and point the importance of differential constraints for model training, analogously with the recent success of physics informed neural networks.",2108.03190v3,quant-ph,2021-08-06 16:14:24+00:00,https://arxiv.org/pdf/2108.03190v3,"""quantum machine learning"" AND ""differential equation"""
Spacetime Neural Network for High Dimensional Quantum Dynamics,"['Jiangran Wang', 'Zhuo Chen', 'Di Luo', 'Zhizhen Zhao', 'Vera Mikyoung Hur', 'Bryan K. Clark']","We develop a spacetime neural network method with second order optimization for solving quantum dynamics from the high dimensional Schrödinger equation. In contrast to the standard iterative first order optimization and the time-dependent variational principle, our approach utilizes the implicit mid-point method and generates the solution for all spatial and temporal values simultaneously after optimization. We demonstrate the method in the Schrödinger equation with a self-normalized autoregressive spacetime neural network construction. Future explorations for solving different high dimensional differential equations are discussed.",2108.02200v1,cond-mat.dis-nn,2021-08-04 17:55:26+00:00,https://arxiv.org/pdf/2108.02200v1,"""quantum machine learning"" AND ""differential equation"""
Learning orbital dynamics of binary black hole systems from gravitational wave measurements,"['Brendan Keith', 'Akshay Khadse', 'Scott E. Field']","We introduce a gravitational waveform inversion strategy that discovers mechanical models of binary black hole (BBH) systems. We show that only a single time series of (possibly noisy) waveform data is necessary to construct the equations of motion for a BBH system. Starting with a class of universal differential equations parameterized by feed-forward neural networks, our strategy involves the construction of a space of plausible mechanical models and a physics-informed constrained optimization within that space to minimize the waveform error. We apply our method to various BBH systems including extreme and comparable mass ratio systems in eccentric and non-eccentric orbits. We show the resulting differential equations apply to time durations longer than the training interval, and relativistic effects, such as perihelion precession, radiation reaction, and orbital plunge, are automatically accounted for. The methods outlined here provide a new, data-driven approach to studying the dynamics of binary black hole systems.",2102.12695v3,gr-qc,2021-02-25 05:46:14+00:00,https://arxiv.org/pdf/2102.12695v3,"""quantum machine learning"" AND ""differential equation"""
On solving classes of positive-definite quantum linear systems with quadratically improved runtime in the condition number,"['Davide Orsucci', 'Vedran Dunjko']","Quantum algorithms for solving the Quantum Linear System (QLS) problem are among the most investigated quantum algorithms of recent times, with potential applications including the solution of computationally intractable differential equations and speed-ups in machine learning. A fundamental parameter governing the efficiency of QLS solvers is $κ$, the condition number of the coefficient matrix $A$, as it has been known since the inception of the QLS problem that for worst-case instances the runtime scales at least linearly in $κ$ [Harrow, Hassidim and Lloyd, PRL 103, 150502 (2009)]. However, for the case of positive-definite matrices classical algorithms can solve linear systems with a runtime scaling as $\sqrtκ$, a quadratic improvement compared to the the indefinite case. It is then natural to ask whether QLS solvers may hold an analogous improvement. In this work we answer the question in the negative, showing that solving a QLS entails a runtime linear in $κ$ also when $A$ is positive definite. We then identify broad classes of positive-definite QLS where this lower bound can be circumvented and present two new quantum algorithms featuring a quadratic speed-up in $κ$: the first is based on efficiently implementing a matrix-block-encoding of $A^{-1}$, the second constructs a decomposition of the form $A = L L^\dagger$ to precondition the system. These methods are widely applicable and both allow to efficiently solve BQP-complete problems.",2101.11868v3,quant-ph,2021-01-28 08:41:21+00:00,https://arxiv.org/pdf/2101.11868v3,"""quantum machine learning"" AND ""differential equation"""
Data-driven rogue waves and parameter discovery in the defocusing NLS equation with a potential using the PINN deep learning,"['Li Wang', 'Zhenya Yan']","The physics-informed neural networks (PINNs) can be used to deep learn the nonlinear partial differential equations and other types of physical models. In this paper, we use the multi-layer PINN deep learning method to study the data-driven rogue wave solutions of the defocusing nonlinear Schrödinger (NLS) equation with the time-dependent potential by considering several initial conditions such as the rogue wave, Jacobi elliptic cosine function, two-Gaussian function, or three-hyperbolic-secant function, and periodic boundary conditions. Moreover, the multi-layer PINN algorithm can also be used to learn the parameter in the defocusing NLS equation with the time-dependent potential under the sense of the rogue wave solution. These results will be useful to further discuss the rogue wave solutions of the defocusing NLS equation with a potential in the study of deep learning neural networks.",2012.09984v1,nlin.PS,2020-12-18 00:09:21+00:00,https://arxiv.org/pdf/2012.09984v1,"""quantum machine learning"" AND ""differential equation"""
Quantum advantage for differential equation analysis,"['Bobak T. Kiani', 'Giacomo De Palma', 'Dirk Englund', 'William Kaminsky', 'Milad Marvian', 'Seth Lloyd']","Quantum algorithms for both differential equation solving and for machine learning potentially offer an exponential speedup over all known classical algorithms. However, there also exist obstacles to obtaining this potential speedup in useful problem instances. The essential obstacle for quantum differential equation solving is that outputting useful information may require difficult post-processing, and the essential obstacle for quantum machine learning is that inputting the training set is a difficult task just by itself. In this paper, we demonstrate, when combined, these difficulties solve one another. We show how the output of quantum differential equation solving can serve as the input for quantum machine learning, allowing dynamical analysis in terms of principal components, power spectra, and wavelet decompositions. To illustrate this, we consider continuous time Markov processes on epidemiological and social networks. These quantum algorithms provide an exponential advantage over existing classical Monte Carlo methods.",2010.15776v2,quant-ph,2020-10-29 17:19:04+00:00,https://arxiv.org/pdf/2010.15776v2,"""quantum machine learning"" AND ""differential equation"""
Time-Reversal Symmetric ODE Network,"['In Huh', 'Eunho Yang', 'Sung Ju Hwang', 'Jinwoo Shin']","Time-reversal symmetry, which requires that the dynamics of a system should not change with the reversal of time axis, is a fundamental property that frequently holds in classical and quantum mechanics. In this paper, we propose a novel loss function that measures how well our ordinary differential equation (ODE) networks comply with this time-reversal symmetry; it is formally defined by the discrepancy in the time evolutions of ODE networks between forward and backward dynamics. Then, we design a new framework, which we name as Time-Reversal Symmetric ODE Networks (TRS-ODENs), that can learn the dynamics of physical systems more sample-efficiently by learning with the proposed loss function. We evaluate TRS-ODENs on several classical dynamics, and find they can learn the desired time evolution from observed noisy and complex trajectories. We also show that, even for systems that do not possess the full time-reversal symmetry, TRS-ODENs can achieve better predictive performances over baselines.",2007.11362v3,cs.LG,2020-07-22 12:19:40+00:00,https://arxiv.org/pdf/2007.11362v3,"""quantum machine learning"" AND ""differential equation"""
A Multiscale Graph Convolutional Network Using Hierarchical Clustering,"['Alex Lipov', 'Pietro Liò']","The information contained in hierarchical topology, intrinsic to many networks, is currently underutilised. A novel architecture is explored which exploits this information through a multiscale decomposition. A dendrogram is produced by a Girvan-Newman hierarchical clustering algorithm. It is segmented and fed through graph convolutional layers, allowing the architecture to learn multiple scale latent space representations of the network, from fine to coarse grained. The architecture is tested on a benchmark citation network, demonstrating competitive performance. Given the abundance of hierarchical networks, possible applications include quantum molecular property prediction, protein interface prediction and multiscale computational substrates for partial differential equations.",2006.12542v1,cs.LG,2020-06-22 18:13:03+00:00,https://arxiv.org/pdf/2006.12542v1,"""quantum machine learning"" AND ""differential equation"""
Neural ODE and Holographic QCD,"['Koji Hashimoto', 'Hong-Ye Hu', 'Yi-Zhuang You']","The neural ordinary differential equation (Neural ODE) is a novel machine learning architecture whose weights are smooth functions of the continuous depth. We apply the Neural ODE to holographic QCD by regarding the weight functions as a bulk metric, and train the machine with lattice QCD data of chiral condensate at finite temperature. The machine finds consistent bulk geometry at various values of temperature and discovers the emergent black hole horizon in the holographic bulk automatically. The holographic Wilson loops calculated with the emergent machine-learned bulk spacetime have consistent temperature dependence of confinement and Debye-screening behavior. In machine learning models with physically interpretable weights, the Neural ODE frees us from discretization artifact leading to difficult ingenuity of hyperparameters, and improves numerical accuracy to make the model more trustworthy.",2006.00712v1,hep-th,2020-06-01 04:41:38+00:00,https://arxiv.org/pdf/2006.00712v1,"""quantum machine learning"" AND ""differential equation"""
Kernel-based approximation of the Koopman generator and Schrödinger operator,"['Stefan Klus', 'Feliks Nüske', 'Boumediene Hamzi']","Many dimensionality and model reduction techniques rely on estimating dominant eigenfunctions of associated dynamical operators from data. Important examples include the Koopman operator and its generator, but also the Schrödinger operator. We propose a kernel-based method for the approximation of differential operators in reproducing kernel Hilbert spaces and show how eigenfunctions can be estimated by solving auxiliary matrix eigenvalue problems. The resulting algorithms are applied to molecular dynamics and quantum chemistry examples. Furthermore, we exploit that, under certain conditions, the Schrödinger operator can be transformed into a Kolmogorov backward operator corresponding to a drift-diffusion process and vice versa. This allows us to apply methods developed for the analysis of high-dimensional stochastic differential equations to quantum mechanical systems.",2005.13231v3,math.DS,2020-05-27 08:23:29+00:00,https://arxiv.org/pdf/2005.13231v3,"""quantum machine learning"" AND ""differential equation"""
Recurrent Neural Networks in the Eye of Differential Equations,"['Murphy Yuezhen Niu', 'Lior Horesh', 'Isaac Chuang']","To understand the fundamental trade-offs between training stability, temporal dynamics and architectural complexity of recurrent neural networks~(RNNs), we directly analyze RNN architectures using numerical methods of ordinary differential equations~(ODEs). We define a general family of RNNs--the ODERNNs--by relating the composition rules of RNNs to integration methods of ODEs at discrete time steps. We show that the degree of RNN's functional nonlinearity $n$ and the range of its temporal memory $t$ can be mapped to the corresponding stage of Runge-Kutta recursion and the order of time-derivative of the ODEs. We prove that popular RNN architectures, such as LSTM and URNN, fit into different orders of $n$-$t$-ODERNNs. This exact correspondence between RNN and ODE helps us to establish the sufficient conditions for RNN training stability and facilitates more flexible top-down designs of new RNN architectures using large varieties of toolboxes from numerical integration of ODEs. We provide such an example: Quantum-inspired Universal computing Neural Network~(QUNN), which reduces the required number of training parameters from polynomial in both data length and temporal memory length to only linear in temporal memory length.",1904.12933v1,cs.LG,2019-04-29 20:16:20+00:00,https://arxiv.org/pdf/1904.12933v1,"""quantum machine learning"" AND ""differential equation"""
Isotope Effects in Liquid Water via Deep Potential Molecular Dynamics,"['Hsin-Yu Ko', 'Linfeng Zhang', 'Biswajit Santra', 'Han Wang', 'Weinan E', 'Robert A. DiStasio', 'Roberto Car']","A comprehensive microscopic understanding of ambient liquid water is a major challenge for $ab$ $initio$ simulations as it simultaneously requires an accurate quantum mechanical description of the underlying potential energy surface (PES) as well as extensive sampling of configuration space. Due to the presence of light atoms (e.g., H or D), nuclear quantum fluctuations lead to observable changes in the structural properties of liquid water (e.g., isotope effects), and therefore provide yet another challenge for $ab$ $initio$ approaches. In this work, we demonstrate that the combination of dispersion-inclusive hybrid density functional theory (DFT), the Feynman discretized path-integral (PI) approach, and machine learning (ML) constitutes a versatile $ab$ $initio$ based framework that enables extensive sampling of both thermal and nuclear quantum fluctuations on a quite accurate underlying PES. In particular, we employ the recently developed deep potential molecular dynamics (DPMD) model---a neural-network representation of the $ab$ $initio$ PES---in conjunction with a PI approach based on the generalized Langevin equation (PIGLET) to investigate how isotope effects influence the structural properties of ambient liquid H$_2$O and D$_2$O. Through a detailed analysis of the interference differential cross sections as well as several radial and angular distribution functions, we demonstrate that this approach can furnish a semi-quantitative prediction of these subtle isotope effects.",1904.04930v2,physics.chem-ph,2019-04-09 22:00:52+00:00,https://arxiv.org/pdf/1904.04930v2,"""quantum machine learning"" AND ""differential equation"""
"Connections between physics, mathematics and deep learning",['Jean Thierry-Mieg'],"Starting from the Fermat's principle of least action, which governs classical and quantum mechanics and from the theory of exterior differential forms, which governs the geometry of curved manifolds, we show how to derive the equations governing neural networks in an intrinsic, coordinate invariant way, where the loss function plays the role of the Hamiltonian. To be covariant, these equations imply a layer metric which is instrumental in pretraining and explains the role of conjugation when using complex numbers. The differential formalism also clarifies the relation of the gradient descent optimizer with Aristotelian and Newtonian mechanics and why large learning steps break the logic of the linearization procedure. We hope that this formal presentation of the differential geometry of neural networks will encourage some physicists to dive into deep learning, and reciprocally, that the specialists of deep learning will better appreciate the close interconnection of their subject with the foundations of classical and quantum field theory.",1811.00576v3,cs.LG,2018-11-01 18:21:42+00:00,https://arxiv.org/pdf/1811.00576v3,"""quantum machine learning"" AND ""differential equation"""
Quantum algorithm for non-homogeneous linear partial differential equations,"['Juan Miguel Arrazola', 'Timjan Kalajdzievski', 'Christian Weedbrook', 'Seth Lloyd']","We describe a quantum algorithm for preparing states that encode solutions of non-homogeneous linear partial differential equations. The algorithm is a continuous-variable version of matrix inversion: it efficiently inverts differential operators that are polynomials in the variables and their partial derivatives. The output is a quantum state whose wavefunction is proportional to a specific solution of the non-homogeneous differential equation, which can be measured to reveal features of the solution. The algorithm consists of three stages: preparing fixed resource states in ancillary systems, performing Hamiltonian simulation, and measuring the ancilla systems. The algorithm can be carried out using standard methods for gate decompositions, but we improve this in two ways. First, we show that for a wide class of differential operators, it is possible to derive exact decompositions for the gates employed in Hamiltonian simulation. This avoids the need for costly commutator approximations, reducing gate counts by orders of magnitude. Additionally, we employ methods from machine learning to find explicit circuits that prepare the required resource states. We conclude by studying an example application of the algorithm: solving Poisson's equation in electrostatics.",1809.02622v1,quant-ph,2018-09-07 18:04:32+00:00,https://arxiv.org/pdf/1809.02622v1,"""quantum machine learning"" AND ""differential equation"""
Quantum machine learning and quantum-inspired methods applied to computational fluid dynamics: a short review,"['Cesar A. Amaral', 'Vinícius L. Oliveira', 'Juan P. L. C. Salazar', 'Eduardo I. Duzzioni']","Computational Fluid Dynamics (CFD) is central to science and engineering, but faces severe scalability challenges, especially in high-dimensional, multiscale, and turbulent regimes. Traditional numerical methods often become prohibitively expensive under these conditions. Quantum computing and quantum-inspired methods have been investigated as promising alternatives. This review surveys advances at the intersection of quantum computing, quantum algorithms, machine learning, and tensor network techniques for CFD. We discuss the use of Variational Quantum Algorithms as hybrid quantum-classical solvers for PDEs, emphasizing their ability to incorporate nonlinearities through Quantum Nonlinear Processing Units. We further review Quantum Neural Networks and Quantum Physics-Informed Neural Networks, which extend classical machine learning frameworks to quantum hardware and have shown advantages in parameter efficiency and solution accuracy for certain CFD benchmarks. Beyond quantum computing, we examine tensor network methods, originally developed for quantum many-body systems and now adapted to CFD as efficient high-dimensional compression and solver tools. Reported studies include several orders of magnitude reductions in memory and runtime while preserving accuracy. Together, these approaches highlight quantum and quantum-inspired strategies that may enable more efficient CFD solvers. This review closes with perspectives: quantum CFD remains out of reach in the NISQ era, but quantum-inspired tensor networks already show practical benefits, with hybrid approaches offering the most promising near-term strategy.",2510.14099v1,quant-ph,2025-10-15 21:15:23+00:00,https://arxiv.org/pdf/2510.14099v1,"""quantum neural"" AND PDE"
Inferring Cosmological Parameters with Evidential Physics-Informed Neural Networks,['Hai Siong Tan'],"We examine the use of a novel variant of Physics-Informed Neural Networks to predict cosmological parameters from recent supernovae and baryon acoustic oscillations (BAO) datasets. Our machine learning framework generates uncertainty estimates for target variables and the inferred unknown parameters of the underlying PDE descriptions. Built upon a hybrid of the principles of Evidential Deep Learning, Physics-Informed Neural Networks, Bayesian Neural Networks and Gaussian Processes, our model enables learning of the posterior distribution of the unknown PDE parameters through standard gradient-descent based training. We apply our model to an up-to-date BAO dataset (Bousis et al. 2024) calibrated with the CMB-inferred sound horizon, and the Pantheon$+$ Sne Ia distances (Scolnic et al. 2018), examining the relative effectiveness and mutual consistency among the standard $Λ$CDM, $w$CDM and $Λ_s$CDM models. Unlike previous results arising from the standard approach of minimizing an appropriate $χ^2$ function, the posterior distributions for parameters in various models trained purely on Pantheon$+$ data were found to be largely contained within the $2σ$ contours of their counterparts trained on BAO data. Their posterior medians for $h_0$ were within about $2σ$ of one another, indicating that our machine learning-guided approach provides a different measure of the Hubble tension.",2509.24327v1,astro-ph.CO,2025-09-29 06:25:53+00:00,https://arxiv.org/pdf/2509.24327v1,"""quantum neural"" AND PDE"
KANO: Kolmogorov-Arnold Neural Operator,"['Jin Lee', 'Ziming Liu', 'Xinling Yu', 'Yixuan Wang', 'Haewon Jeong', 'Murphy Yuezhen Niu', 'Zheng Zhang']","We introduce Kolmogorov--Arnold Neural Operator (KANO), a dual-domain neural operator jointly parameterized by both spectral and spatial bases with intrinsic symbolic interpretability. We theoretically demonstrate that KANO overcomes the pure-spectral bottleneck of Fourier Neural Operator (FNO): KANO remains expressive over generic position-dependent dynamics (variable coefficient PDEs) for any physical input, whereas FNO stays practical only for spectrally sparse operators and strictly imposes a fast-decaying input Fourier tail. We verify our claims empirically on position-dependent differential operators, for which KANO robustly generalizes but FNO fails to. In the quantum Hamiltonian learning benchmark, KANO reconstructs ground-truth Hamiltonians in closed-form symbolic representations accurate to the fourth decimal place in coefficients and attains $\approx 6\times10^{-6}$ state infidelity from projective measurement data, substantially outperforming that of the FNO trained with ideal full wave function data, $\approx 1.5\times10^{-2}$, by orders of magnitude.",2509.16825v3,cs.LG,2025-09-20 22:32:58+00:00,https://arxiv.org/pdf/2509.16825v3,"""quantum neural"" AND PDE"
Quantum-Informed Machine Learning for Predicting Spatiotemporal Chaos,"['Maida Wang', 'Xiao Xue', 'Mingyang Gao', 'Peter V. Coveney']","We introduce a quantum-informed machine learning (QIML) framework for the long-term dynamical behavior of high-dimensional chaotic systems. The method combines a one-time, offline-trained quantum generative model with a classical autoregressive predictor for spatiotemporal field generation. The quantum model learns a quantum prior (Q-Prior) that guides the representation of small-scale interactions and improves the modeling of fine-scale dynamics. We evaluate QIML on three representative systems: the Kuramoto-Sivashinsky equation, the two-dimensional Kolmogorov flow, and a cross-section of fully developed three-dimensional turbulent channel flow used as a realistic inflow condition. Compared to the classical baseline, QIML yields up to 17.25% improvement in predictive distribution accuracy and a 29.36% improvement in the fidelity of the predicted full energy spectrum. For turbulent channel inflow, the Q-Prior is essential: without it, the model fails to evolve in time, while QIML produces stable, physically consistent forecasts that surpass leading machine learning models for PDEs, including the Fourier Neural Operator and Markov Neural Operator, whose errors diverge. Beyond accuracy, QIML also achieves a memory advantage, compressing multi-megabyte datasets into a kilobyte-scale Q-Prior that captures only the invariant measure needed to guide the classical model, thus circumventing Holevo's bound by avoiding full data reconstruction. Our findings provide a practical and scalable pathway for integrating the advantages brought by quantum devices into large-scale scientific, engineering modeling and simulation.",2507.19861v4,quant-ph,2025-07-26 08:36:16+00:00,https://arxiv.org/pdf/2507.19861v4,"""quantum neural"" AND PDE"
Segmentation-Based Regression for Quantum Neural Networks,['James C. Hateley'],"Recent advances in quantum hardware motivate the development of algorithmic frameworks that integrate quantum sampling with classical inference. This work introduces a segmentation-based regression method tailored to quantum neural networks (QNNs), where real-valued outputs are encoded as base-b digit sequences and inferred through greedy digitwise optimization. By casting the regression task as a constrained combinatorial problem over a structured digit lattice, the method replaces continuous inference with interpretable and tractable updates. A hybrid quantum-classical architecture is employed: quantum circuits generate candidate digits through projective measurement, while classical forward models evaluate these candidates based on task-specific error functionals. We formalize the algorithm from first principles, derive convergence and complexity bounds, and demonstrate its effectiveness on inverse problems involving PDE-constrained models. The resulting framework provides a robust, high-precision interface between quantum outputs and continuous scientific inference.",2507.00065v1,quant-ph,2025-06-27 20:11:43+00:00,https://arxiv.org/pdf/2507.00065v1,"""quantum neural"" AND PDE"
Physics-Informed Neural Networks for One-Dimensional Quantum Well Problems,['Soumyadip Sarkar'],"We implement physics-informed neural networks (PINNs) to solve the time-independent Schrödinger equation for three canonical one-dimensional quantum potentials: an infinite square well, a finite square well, and a finite barrier. The PINN models incorporate trial wavefunctions that exactly satisfy boundary conditions (Dirichlet zeros at domain boundaries), and they optimize a loss functional combining the PDE residual with a normalization constraint. For the infinite well, the ground-state energy is known (E = pi^2 in dimensionless units) and held fixed in training, whereas for the finite well and barrier, the eigenenergy is treated as a trainable parameter. We use fully-connected neural networks with smooth activation functions to represent the wavefunction and demonstrate that PINNs can learn the ground-state eigenfunctions and eigenvalues for these quantum systems. The results show that the PINN-predicted wavefunctions closely match analytical solutions or expected behaviors, and the learned eigenenergies converge to known values. We present training logs and convergence of the energy parameter, as well as figures comparing the PINN solutions to exact results. The discussion addresses the performance of PINNs relative to traditional numerical methods, highlighting challenges such as convergence to the correct eigenvalue, sensitivity to initialization, and the difficulty of modeling discontinuous potentials. We also discuss the importance of the normalization term to resolve the scaling ambiguity of the wavefunction. Finally, we conclude that PINNs are a viable approach for quantum eigenvalue problems, and we outline future directions including extensions to higher-dimensional and time-dependent Schrödinger equations.",2504.05367v1,quant-ph,2025-04-07 16:18:26+00:00,https://arxiv.org/pdf/2504.05367v1,"""quantum neural"" AND PDE"
Machine Learning Gravity Compactifications on Negatively Curved Manifolds,['G. Bruno De Luca'],"Constructing the landscape of vacua of higher-dimensional theories of gravity by directly solving the low-energy (semi-)classical equations of motion is notoriously difficult. In this work, we investigate the feasibility of Machine Learning techniques as tools for solving the equations of motion for general warped gravity compactifications. As a proof-of-concept we use Neural Networks to solve the Einstein PDEs on non-trivial three manifolds obtained by filling one or more cusps of hyperbolic manifolds. While in three dimensions an Einstein metric is also locally hyperbolic, the generality and scalability of Machine Learning methods, the availability of explicit families of hyperbolic manifolds in higher dimensions, and the universality of the filling procedure strongly suggest that the methods and code developed in this work can be of broader applicability. Specifically, they can be used to tackle both the geometric problem of numerically constructing novel higher-dimensional negatively curved Einstein metrics, as well as the physical problem of constructing four-dimensional de Sitter compactifications of M-theory on the same manifolds.",2501.00093v1,hep-th,2024-12-30 19:00:00+00:00,https://arxiv.org/pdf/2501.00093v1,"""quantum neural"" AND PDE"
From {\tt Ferminet} to PINN. Connections between neural network-based algorithms for high-dimensional Schrödinger Hamiltonian,"['Mashhood Khan', 'Emmanuel Lorin']","In this note, we establish some connections between standard (data-driven) neural network-based solvers for PDE and eigenvalue problems developed on one side in the applied mathematics and engineering communities (e.g. Deep-Ritz and Physics Informed Neural Networks (PINN)), and on the other side in quantum chemistry (e.g. Variational Monte Carlo algorithms, {\tt Ferminet} or {\tt Paulinet} following the pioneer work of {\it Carleo et. al}. In particular, we re-formulate a PINN algorithm as a {\it fitting} problem with data corresponding to the solution to a standard Diffusion Monte Carlo algorithm initialized thanks to neural network-based Variational Monte Carlo. Connections at the level of the optimization algorithms are also established.",2410.09177v2,physics.comp-ph,2024-10-11 18:27:58+00:00,https://arxiv.org/pdf/2410.09177v2,"""quantum neural"" AND PDE"
Annealing-based approach to solving partial differential equations,['Kazue Kudo'],"Solving partial differential equations (PDEs) using an annealing-based approach involves solving generalized eigenvalue problems. Discretizing a PDE yields a system of linear equations (SLE). Solving an SLE can be formulated as a general eigenvalue problem, which can be transformed into an optimization problem with an objective function given by a generalized Rayleigh quotient. The proposed algorithm requires iterative computations. However, it enables efficient annealing-based computation of eigenvectors to arbitrary precision without increasing the number of variables. Investigations using simulated annealing demonstrate how the number of iterations scales with system size and annealing time. Computational performance depends on system size, annealing time, and problem characteristics.",2406.17364v3,math.NA,2024-06-25 08:30:00+00:00,https://arxiv.org/pdf/2406.17364v3,"""quantum neural"" AND PDE"
Interpretable Neural PDE Solvers using Symbolic Frameworks,['Yolanne Yi Ran Lee'],"Partial differential equations (PDEs) are ubiquitous in the world around us, modelling phenomena from heat and sound to quantum systems. Recent advances in deep learning have resulted in the development of powerful neural solvers; however, while these methods have demonstrated state-of-the-art performance in both accuracy and computational efficiency, a significant challenge remains in their interpretability. Most existing methodologies prioritize predictive accuracy over clarity in the underlying mechanisms driving the model's decisions. Interpretability is crucial for trustworthiness and broader applicability, especially in scientific and engineering domains where neural PDE solvers might see the most impact. In this context, a notable gap in current research is the integration of symbolic frameworks (such as symbolic regression) into these solvers. Symbolic frameworks have the potential to distill complex neural operations into human-readable mathematical expressions, bridging the divide between black-box predictions and solutions.",2310.20463v2,cs.AI,2023-10-31 13:56:25+00:00,https://arxiv.org/pdf/2310.20463v2,"""quantum neural"" AND PDE"
Quantum-inspired tensor network for Earth science,"['Soronzonbold Otgonbaatar', 'Dieter Kranzlmüller']","Deep Learning (DL) is one of many successful methodologies to extract informative patterns and insights from ever increasing noisy large-scale datasets (in our case, satellite images). However, DL models consist of a few thousand to millions of training parameters, and these training parameters require tremendous amount of electrical power for extracting informative patterns from noisy large-scale datasets (e.g., computationally expensive). Hence, we employ a quantum-inspired tensor network for compressing trainable parameters of physics-informed neural networks (PINNs) in Earth science. PINNs are DL models penalized by enforcing the law of physics; in particular, the law of physics is embedded in DL models. In addition, we apply tensor decomposition to HyperSpectral Images (HSIs) to improve their spectral resolution. A quantum-inspired tensor network is also the native formulation to efficiently represent and train quantum machine learning models on big datasets on GPU tensor cores. Furthermore, the key contribution of this paper is twofold: (I) we reduced a number of trainable parameters of PINNs by using a quantum-inspired tensor network, and (II) we improved the spectral resolution of remotely-sensed images by employing tensor decomposition. As a benchmark PDE, we solved Burger's equation. As practical satellite data, we employed HSIs of Indian Pine, USA and of Pavia University, Italy.",2301.07528v1,physics.geo-ph,2023-01-15 08:35:37+00:00,https://arxiv.org/pdf/2301.07528v1,"""quantum neural"" AND PDE"
Quantum-Inspired Tensor Neural Networks for Option Pricing,"['Raj G. Patel', 'Chia-Wei Hsing', 'Serkan Sahin', 'Samuel Palmer', 'Saeed S. Jahromi', 'Shivam Sharma', 'Tomas Dominguez', 'Kris Tziritas', 'Christophe Michel', 'Vincent Porte', 'Mustafa Abid', 'Stephane Aubert', 'Pierre Castellani', 'Samuel Mugel', 'Roman Orus']","Recent advances in deep learning have enabled us to address the curse of dimensionality (COD) by solving problems in higher dimensions. A subset of such approaches of addressing the COD has led us to solving high-dimensional PDEs. This has resulted in opening doors to solving a variety of real-world problems ranging from mathematical finance to stochastic control for industrial applications. Although feasible, these deep learning methods are still constrained by training time and memory. Tackling these shortcomings, Tensor Neural Networks (TNN) demonstrate that they can provide significant parameter savings while attaining the same accuracy as compared to the classical Dense Neural Network (DNN). In addition, we also show how TNN can be trained faster than DNN for the same accuracy. Besides TNN, we also introduce Tensor Network Initializer (TNN Init), a weight initialization scheme that leads to faster convergence with smaller variance for an equivalent parameter count as compared to a DNN. We benchmark TNN and TNN Init by applying them to solve the parabolic PDE associated with the Heston model, which is widely used in financial pricing theory.",2212.14076v2,q-fin.PR,2022-12-28 19:39:55+00:00,https://arxiv.org/pdf/2212.14076v2,"""quantum neural"" AND PDE"
"A physics-informed search for metric solutions to Ricci flow, their embeddings, and visualisation","['Aarjav Jain', 'Challenger Mishra', 'Pietro Liò']","Neural networks with PDEs embedded in their loss functions (physics-informed neural networks) are employed as a function approximators to find solutions to the Ricci flow (a curvature based evolution) of Riemannian metrics. A general method is developed and applied to the real torus. The validity of the solution is verified by comparing the time evolution of scalar curvature with that found using a standard PDE solver, which decreases to a constant value of 0 on the whole manifold. We also consider certain solitonic solutions to the Ricci flow equation in two real dimensions. We create visualisations of the flow by utilising an embedding into $\mathbb{R}^3$. Snapshots of highly accurate numerical evolution of the toroidal metric over time are reported. We provide guidelines on applications of this methodology to the problem of determining Ricci flat Calabi--Yau metrics in the context of String theory, a long standing problem in complex geometry.",2212.05892v1,gr-qc,2022-11-30 08:17:06+00:00,https://arxiv.org/pdf/2212.05892v1,"""quantum neural"" AND PDE"
On quantum and relativistic mechanical analogues in mean field spin models,"['Adriano Barra', 'Andrea Di Lorenzo', 'Francesco Guerra', 'Antonio Moro']","Conceptual analogies among statistical mechanics and classical (or quantum) mechanics often appeared in the literature. For classical two-body mean field models, an analogy develops into a proper identification between the free energy of Curie-Weiss type magnetic models and the Hamilton-Jacobi action for a one dimensional mechanical system. Similarly, the partition function plays the role of the wave function in quantum mechanics and satisfies the heat equation that plays, in this context, the role of the Schrodinger equation in quantum mechanics. We show that this identification can be remarkably extended to include a wide family of magnetic models classified by normal forms of suitable real algebraic dispersion curves. In all these cases, the model turns out to be completely solvable as the free energy as well as the order parameter are obtained as solutions of an integrable nonlinear PDE of Hamilton-Jacobi type. We observe that the mechanical analog of these models can be viewed as the relativistic analog of the Curie-Weiss model and this helps to clarify the connection between generalised self-averaging and in statistical thermodynamics and the semi-classical dynamics of viscous conservation laws.",1407.5009v2,cond-mat.dis-nn,2014-07-18 14:25:25+00:00,https://arxiv.org/pdf/1407.5009v2,"""quantum neural"" AND PDE"
Proof of Partial Equivalence of Classical and Quantum Dynamics in Bosonic Systems,['Paul J. Werbos'],"Quantum Field Theory (QFT) makes predictions by combining assumptions about (1) quantum dynamics, typically a Schrodinger or Liouville equation; (2) quantum measurement, usually via a collapse formalism. Here I define a ""classical density matrix"" rho to describe ensembles of states of ordinary second-order classical systems (ODE or PDE). I prove that the dynamics of the field observables, phi and pi, defined as operators over rho, obey precisely the usual Louiville equation for the same field operators in QFT, following Weinberg's treatment. I discuss implications in detail - particularly the implication that the difference between quantum computing and quantum mechanics versus classical systems lies mainly on the measurement side, not the dynamic side. But what if measurement itself were to be derived from dynamics and boundary conditions? An heretical realistic approach to building finite field theory is proposed, linked to the backwards time interpretation of quantum mechanics.",quant-ph/0309031v2,quant-ph,2003-09-02 17:50:46+00:00,https://arxiv.org/pdf/quant-ph/0309031v2,"""quantum neural"" AND PDE"
Time-series forecasting with multiphoton quantum states and integrated photonics,"['Rosario Di Bartolo', 'Simone Piacentini', 'Francesco Ceccarelli', 'Giacomo Corrielli', 'Roberto Osellame', 'Valeria Cimini', 'Fabio Sciarrino']","Quantum machine learning algorithms have very recently attracted significant attention in photonic platforms. In particular, reconfigurable integrated photonic circuits offer a promising route, thanks to the possibility of implementing adaptive feedback loops, which is an essential ingredient for achieving the necessary nonlinear behavior characteristic of neural networks. Here, we implement a quantum reservoir computing protocol in which information is processed through a reconfigurable linear optical integrated photonic circuit and measured using single-photon detectors. We exploit a multiphoton-based setup for time-series forecasting tasks in a variety of scenarios, where the input signal is encoded in one of the circuit's optical phases, thus modulating the quantum reservoir state. The resulting output probabilities are used to set the feedback phases and, at the end of the computation, are fed to a classical digital layer trained via linear regression to perform predictions. We then focus on the investigation of the role of input photon indistinguishability in the reservoir's capabilities of predicting time-series. We experimentally demonstrate that two-photon indistinguishable input states lead to significantly better performance compared to distinguishable ones. This enhancement arises from the quantum correlations present in indistinguishable states, which enable the system to approximate higher-order nonlinear functions when using comparable physical resources, highlighting the importance of quantum interference and indistinguishability as a resource in photonic quantum reservoir computing.",2512.02928v1,quant-ph,2025-12-02 16:51:22+00:00,https://arxiv.org/pdf/2512.02928v1,"""quantum"" AND ""physics-informed neural networks"""
Universal convolution from wave dynamics: photonic processing and encryption in synthetic dimension,"['Xiaolong Su', 'Weiwei Liu', 'Ruiqian Cheng', 'Haoru Zhang', 'Xinyao Guo', 'He Huang', 'Chengzhi Qin', 'Peixiang Lu', 'Bing Wang']","Convolution, a cornerstone of signal processing and optical neural networks, has traditionally been implemented by mapping mathematical operations onto complex hardware. Here, we overcome this challenge by revealing that wave dynamics in translation-symmetric lattices intrinsically performs convolution, with the dispersion relation uniquely defining the complex-valued kernel. Leveraging this universal principle, we develop a convolutional architecture of minimal complexity through wave evolution in programmable photonic synthetic lattices, delivering high-throughput, multifunctional capabilities at a rate of 13.5 tera-operations per second (TOPS) for image processing. Beyond convolution acceleration, the kernel's complex nature facilitates the photonic simulation of both irreversible diffusion and reversible unitary quantum dynamics under classical incoherent excitation. Capitalizing on the physics-based reversibility and undetectable phase information, we demonstrate a novel convolution-driven optical encryption strategy. This work establishes a unified framework for photonic computing by grounding convolution in wave dynamics, opening avenues toward scalable, multifunctional photonic processors with high integration potential.",2511.22426v1,physics.optics,2025-11-27 13:08:21+00:00,https://arxiv.org/pdf/2511.22426v1,"""quantum"" AND ""physics-informed neural networks"""
Beyond Atoms: Evaluating Electron Density Representation for 3D Molecular Learning,"['Patricia Suriana', 'Joshua A. Rackers', 'Ewa M. Nowara', 'Pedro O. Pinheiro', 'John M. Nicoloudis', 'Vishnu Sresht']","Machine learning models for 3D molecular property prediction typically rely on atom-based representations, which may overlook subtle physical information. Electron density maps -- the direct output of X-ray crystallography and cryo-electron microscopy -- offer a continuous, physically grounded alternative. We compare three voxel-based input types for 3D convolutional neural networks (CNNs): atom types, raw electron density, and density gradient magnitude, across two molecular tasks -- protein-ligand binding affinity prediction (PDBbind) and quantum property prediction (QM9). We focus on voxel-based CNNs because electron density is inherently volumetric, and voxel grids provide the most natural representation for both experimental and computed densities. On PDBbind, all representations perform similarly with full data, but in low-data regimes, density-based inputs outperform atom types, while a shape-based baseline performs comparably -- suggesting that spatial occupancy dominates this task. On QM9, where labels are derived from Density Functional Theory (DFT) but input densities from a lower-level method (XTB), density-based inputs still outperform atom-based ones at scale, reflecting the rich structural and electronic information encoded in density. Overall, these results highlight the task- and regime-dependent strengths of density-derived inputs, improving data efficiency in affinity prediction and accuracy in quantum property modeling.",2511.21900v1,cs.LG,2025-11-26 20:42:31+00:00,https://arxiv.org/pdf/2511.21900v1,"""quantum"" AND ""physics-informed neural networks"""
Performance Guarantees for Quantum Neural Estimation of Entropies,"['Sreejith Sreekumar', 'Ziv Goldfeld', 'Mark M. Wilde']","Estimating quantum entropies and divergences is an important problem in quantum physics, information theory, and machine learning. Quantum neural estimators (QNEs), which utilize a hybrid classical-quantum architecture, have recently emerged as an appealing computational framework for estimating these measures. Such estimators combine classical neural networks with parametrized quantum circuits, and their deployment typically entails tedious tuning of hyperparameters controlling the sample size, network architecture, and circuit topology. This work initiates the study of formal guarantees for QNEs of measured (Rényi) relative entropies in the form of non-asymptotic error risk bounds. We further establish exponential tail bounds showing that the error is sub-Gaussian, and thus sharply concentrates about the ground truth value. For an appropriate sub-class of density operator pairs on a space of dimension $d$ with bounded Thompson metric, our theory establishes a copy complexity of $O(|Θ(\mathcal{U})|d/ε^2)$ for QNE with a quantum circuit parameter set $Θ(\mathcal{U})$, which has minimax optimal dependence on the accuracy $ε$. Additionally, if the density operator pairs are permutation invariant, we improve the dimension dependence above to $O(|Θ(\mathcal{U})|\mathrm{polylog}(d)/ε^2)$. Our theory aims to facilitate principled implementation of QNEs for measured relative entropies and guide hyperparameter tuning in practice.",2511.19289v1,quant-ph,2025-11-24 16:36:06+00:00,https://arxiv.org/pdf/2511.19289v1,"""quantum"" AND ""physics-informed neural networks"""
Neural network approximation of regularized density functionals,"['Mihály A. Csirik', 'Andre Laestadius', 'Mathias Oster']","Density functional theory is one of the most efficient and widely used computational methods of quantum mechanics, especially in fields such as solid state physics and quantum chemistry. From the theoretical perspecive, its central object is the universal density functional which contains all intrinsic information about the quantum system in question. Once the external potential is provided, in principle one can obtain the exact ground-state energy via a simple minimization. However, the universal density functional is a very complicated mathematical object and almost always it is replaced with its approximate variants. So far, no ``first principles'', mathematically consistent and convergent approximation procedure has been devised that has general applicability. In this paper, we propose such a procedure by first applying Moreau--Yosida regularization to make the exact functionals continuous (even differentiable) and then approximate the regularized functional by a neural network. The resulting neural network preserves the positivity and convexity of the exact functionals. More importantly, it is differentiable, so it can be directly used in a Kohn--Sham calculation.",2511.18512v1,physics.chem-ph,2025-11-23 16:08:24+00:00,https://arxiv.org/pdf/2511.18512v1,"""quantum"" AND ""physics-informed neural networks"""
Teukolsky by Design: A Hybrid Spectral-PINN solver for Kerr Quasinormal Modes,"['Alexandre M. Pombo', 'Lorenzo Pizzuti']","We introduce SpectralPINN, a hybrid pseudo-spectral/physics-informed neural network (PINN) solver for Kerr quasinormal modes that targets the Teukolsky equation in both the separated (radial/angular) and joint two-dimensional formulations. The solver replaces standard neural activation functions with Chebyshev polynomials of the first kind and supports both soft -- via loss penalties -- and hard -- enforced by analytic masks -- implementations of Leaver's normalization. Benchmarking against Leaver's continued-fraction method shows cumulative (real+imaginary part) relative frequency errors of $\sim 0.001\%$ for the separated formulation with hard normalization, $\sim 0.1\%$ for both the soft separated and soft joint formulations, and $\sim 0.01\%$ for the hard joint case. Exploiting our ability to solve the joint equation, we add a small quadrupolar perturbation to the Teukolsky operator, effectively rendering the problem non-separable. The resulting perturbed quasinormal modes are compared against the expected precision of the Einstein Telescope, allowing us to constrain the magnitude of the perturbation. These proof-of-concept results demonstrate that hybrid spectral-PINN solvers can provide a flexible pathway to quasinormal spectra in settings where separability, asymptotics, or field content become more intricate and high accuracy is required.",2511.15796v1,gr-qc,2025-11-19 19:00:03+00:00,https://arxiv.org/pdf/2511.15796v1,"""quantum"" AND ""physics-informed neural networks"""
Addressing the gravitational collapse of a massless scalar field with Physics-Informed Neural Networks,"['Antonio Ferrer-Sánchez', 'Nino Villanueva-Espinosa', 'Carlos Hernani Morales', 'Roberto Ruiz de Austri-Bazan', 'José A. Font', 'José David Martín-Guerrero', 'Matthew W. Choptuik']","The gravitational collapse of a massless scalar field remains a demanding benchmark for numerical methods in numerical relativity, as it exhibits critical behavior at the boundary between dispersion and black hole formation. In this work we revisit this problem by relying on Physics-Informed Neural Networks (PINNs) as flexible solvers for partial differential equations, thereby providing a comparative assessment of several recent neural architectures. Building on the Einstein-massless-Klein-Gordon formulation in polar-areal coordinates, we consider four initial-value problems encompassing subcritical, critical, and supercritical regimes and use high-resolution finite-difference simulations as reference solutions. Our study is primarily comparative: we evaluate several state-of-the-art deep learning architectures, including vanilla and high-precision PINNs, sinusoidal-feature and quadratic-residual variants, and Kolmogorov-Arnold Networks, all trained under a common loss design that encodes the field equations, boundary conditions, and causal time-space enforcement, together with a novel adaptive spacetime sampling. Within this framework we also introduce ModPINN, a modest modification of standard PINNs that augments standard multilayer perceptrons with coordinate embeddings, quadratic layers, and other common ingredients in recent literature. This study shows that deep-learning-based methods can reproduce finite-difference solutions for the scalar field and the spacetime metric with competitive accuracy using significantly fewer collocation points than more traditional methodologies. While no single architecture dominates in all regimes, ModPINN achieves particularly stable and accurate solutions near criticality, indicating that suitably designed embeddings and adaptive sampling can enhance the robustness of PINNs for challenging gravitational-collapse scenarios.",2511.15247v2,gr-qc,2025-11-19 09:06:29+00:00,https://arxiv.org/pdf/2511.15247v2,"""quantum"" AND ""physics-informed neural networks"""
Machine Learning Framework for Efficient Prediction of Quantum Wasserstein Distance,"['Changchun Feng', 'Xinyu Qiu', 'Laifa Tao', 'Lin Chen']","The quantum Wasserstein distance (W-distance) is a fundamental metric for quantifying the distinguishability of quantum operations, with critical applications in quantum error correction. However, computing the W-distance remains computationally challenging for multiqubit systems due to exponential scaling. We present a machine learning framework that efficiently predicts the quantum W-distance by extracting physically meaningful features from quantum state pairs, including Pauli measurements, statistical moments, quantum fidelity, and entanglement measures. Our approach employs both classical neural networks and traditional machine learning models. On three-qubit systems, the best-performing Random Forest model achieves near-perfect accuracy ($R^2 = 0.9999$) with mean absolute errors on the order of $10^{-5}$. We further validate the framework's practical utility by successfully verifying two fundamental theoretical propositions in quantum information theory: the bound on measurement probability differences between unitary operations and the $W_1$ gate error rate bound. The results establish machine learning as a viable and scalable alternative to traditional numerical methods for W-distance computation, with particular promise for real-time quantum circuit assessment and error correction protocol design in NISQ devices.",2511.12443v1,quant-ph,2025-11-16 04:07:13+00:00,https://arxiv.org/pdf/2511.12443v1,"""quantum"" AND ""physics-informed neural networks"""
Learning Post-Newtonian Corrections from Numerical Relativity,"['Jooheon Yoo', 'Michael Boyle', 'Nils Deppe']","Accurate modeling of gravitational waveforms from compact binary coalescences remains central to gravitational-wave (GW) astronomy. Post-Newtonian (PN) approximations capture the early inspiral dynamics analytically but break down near merger, while numerical relativity (NR) provides the accurate yet computationally expensive waveforms over limited parameter ranges. We develop a physics-informed neural network (PINN) framework that learns corrections mapping PN dynamics and waveforms to their NR counterparts. As a demonstration of the approach, we use the TaylorT4 PN model as the baseline, and train the network on hybridized NR surrogate data (NRHybSur3dq8) to learn higher-order corrections to the orbital dynamics and waveform modes for nonspinning noneccentric systems. Physically motivated loss terms enforce known limits and symmetries, such as vanishing corrections in the Newtonian limit and suppression of odd-$m$ modes in equal-mass systems, promoting consistent and reliable extrapolation beyond the training region. We simultaneously incorporate corrections that account for the different meaning of mass parameters in PN and NR descriptions. The learned corrections significantly reduce the phase and amplitude error through the inspiral up to about $200M$ before the merger. This approach provides a differentiable and computationally efficient bridge between PN and NR, offering a path toward waveform models that generalize more robustly beyond existing NR datasets.",2511.10522v1,gr-qc,2025-11-13 17:25:31+00:00,https://arxiv.org/pdf/2511.10522v1,"""quantum"" AND ""physics-informed neural networks"""
Towards a Machine Learning Solution for Hubble Tension: Physics-Informed Neural Network (PINN) Analysis of Tsallis Holographic Dark Energy in Presence of Neutrinos,"['Muhammad Yarahmadi', 'Amin Salehi']","We present a Physics-Informed Neural Network (PINN) framework for reconstructing the redshift-dependent Hubble parameter \(H(z)\) within the Tsallis Holographic Dark Energy (THDE) model extended by massive neutrinos. In this approach, the modified Friedmann equation is incorporated into the neural network loss function, enabling training on Cosmic Chronometers data up to \(z \leq 2\). The framework allows for the simultaneous estimation of the Hubble constant \(H_0\), the neutrino density parameter \(Ω_ν\), and the Tsallis non-extensivity index \(δ\). Uncertainty quantification is performed through dropout simulations, resulting in statistically consistent \(1σ\) confidence bands. Our results show that the THDE+$ν$ model, reconstructed via PINN, alleviates the statistical Hubble tension from the canonical \(\sim 5σ\) level down to a range of \(0.5σ\leq T \leq 2.2σ\), depending on the redshift sampling. Additionally, we constrain the total neutrino mass to \(Σm_ν< 0.11\,\text{eV}\). A detailed comparison with the traditional Markov Chain Monte Carlo (MCMC) analysis demonstrates the consistency of both methods, while highlighting the competitiveness of the PINN-based THDE framework as a robust, data-driven approach for non-parametric cosmological inference within generalized thermodynamics.",2511.09706v1,astro-ph.CO,2025-11-12 20:06:10+00:00,https://arxiv.org/pdf/2511.09706v1,"""quantum"" AND ""physics-informed neural networks"""
"Dark matter by design: $Q$-balls, neural networks and galaxy rotation curves","['Alexandre M. Pombo', 'Lorenzo Pizzuti', 'Alessandra di Giacomo']","Can a dynamically robust (\textit{aka} stable) $Q$-ball reproduce the rotation curve of a disk galaxy? In an astrophysical environment, $Q$-balls are non-topological solitons that are transparent and only perceived by their gravitational effects. Traditionally, scalar $Q$-balls are modelled with a polynomial potential, but axion-like periodic potentials are also expected to support such solitonic configurations. In the presence of angular momentum, $Q$-balls acquire a toroidal structure with a central density void, qualitatively resembling the structure of disk galaxies. Motivated by this similarity, we investigate whether rotating scalar $Q$-balls can reproduce the observed galactic rotation curves. In this work, we use a recently developed hybrid numerical framework that combines a high-accuracy pseudo-spectral method with a physics-informed neural network approach to construct both static and rotating $Q$-ball solutions. We then assess their ability to act as the dark matter halos in galaxies by fitting the observed rotation curves of a sample of disk galaxies from the SPARC catalogue. Our simplified model provides an overall good agreement with observational data; we have further found an average constraint on the scalar field particle's mass $m\sim 10^{-27}$ eV, in agreement with similar galactic-scale soliton solutions.",2511.09634v1,gr-qc,2025-11-12 19:00:03+00:00,https://arxiv.org/pdf/2511.09634v1,"""quantum"" AND ""physics-informed neural networks"""
Physics-Informed Neural Networks for Gate Design using Quantum Optimal Control,"['Sofiia Lauten', 'Matthew Otten']","Implementing quantum gates on quantum computers can require the application of carefully shaped pulses for high-fidelity operations. We explore the use of physics-informed neural networks (PINNs) for quantum optimal control to assess their usefulness in predicting such pulses. Our PINN is a feedforward neural network that utilizes an unsupervised learning approach, whose loss function includes terms that enforce the equations that govern the evolution of a quantum system, measure how close the learned unitary is to the target unitary operation, and ensure state normalization. We use a sinusoidal activation function and adopt variance-type weight initialization, tailored to our activation function. By analyzing the model's performance with important machine learning metrics, we demonstrate that the choice of our architecture is well-suited for this type of problem. We ensure that our network avoids the vanishing and exploding gradients with our relevant choices. We build two different PINNs, one based on the Schrödinger equation and another one based on the Lindblad equation. Our PINNs are able to discover high-fidelity two-qubit gate pulses for a variety of quantum operations, demonstrating its flexibility and robustness. We build two different PINNs, one based on the Schrödinger equation and another one based on the Lindblad equation. Our PINNs are able to discover high-fidelity two-qubit gate pulses for a variety of quantum operations, demonstrating its flexibility and robustness.",2511.09463v1,quant-ph,2025-11-12 16:29:09+00:00,https://arxiv.org/pdf/2511.09463v1,"""quantum"" AND ""physics-informed neural networks"""
A Classical-Quantum Hybrid Architecture for Physics-Informed Neural Networks,"['Said Lantigua', 'Gilson Giraldi', 'Renato Portugal']","In this work, we introduce the Quantum-Classical Hybrid Physics-Informed Neural Network with Multiplicative and Additive Couplings (QPINN-MAC): a novel hybrid architecture that integrates the framework of Physics-Informed Neural Networks (PINNs) with that of Quantum Neural Networks (QNNs). Specifically, we prove that through strategic couplings between classical and quantum components, the QPINN-MAC retains the universal approximation property, ensuring its theoretical capacity to represent complex solutions of ordinary differential equations (ODEs). Simultaneously, we demonstrate that the hybrid QPINN-MAC architecture actively mitigates the barren plateau problem, regions in parameter space where cost-function gradients decay exponentially with circuit depth, a fundamental obstacle in QNNs that hinders optimization during training. Furthermore, we prove that these couplings prevent gradient collapse, ensuring trainability even in high-dimensional regimes. Thus, our results establish a new pathway for constructing quantum-classical hybrid models with theoretical convergence guarantees, which are essential for the practical application of QPINNs.",2511.07216v1,quant-ph,2025-11-10 15:39:18+00:00,https://arxiv.org/pdf/2511.07216v1,"""quantum"" AND ""physics-informed neural networks"""
Focus Point on Tensions in Cosmology from Early to Late Universe: Part II: New Directions in the Light of Observations from the Most Modern Astronomical Facilities,"['S. Capozziello', 'E. Di Valentino', 'V. G. Gurzadyan']","The papers included in this Focus Point collection are devoted to the studies on the cosmological tensions and challenges stimulated by the latest observational data. The first results of the LARES-2 laser ranging satellite on the high precision testing of the frame-dragging effect predicted by General Relativity are presented. The data on the S-stars monitoring in the Galactic center obtained by GRAVITY collaboration were analysed within the Physics-informed neural network (PINN) approach. The results enabled to probe the role of the cosmological constant, of the dark matter, the star cluster in the core of the Galaxy obtaining an upper limit for the star density. The topics include the conversion of high-frequency relic gravitational waves into photons in cosmological magnetic field, cosmological gravitational waves stochastic background generation through the spontaneous breaking of a global baryon number symmetry, observational predictions of the Starobinsky inflation model and other studies.",2511.05279v1,astro-ph.CO,2025-11-07 14:39:35+00:00,https://arxiv.org/pdf/2511.05279v1,"""quantum"" AND ""physics-informed neural networks"""
Fuzzy Neural Network Performance and Interpretability of Quantum Wavefunction Probability Predictions,"['Pedro H. M. Zanineli', 'Matheus Zaia Monteiro', 'Vinicius Francisco Wasques', 'Francielle Santo Pedro Simões', 'Gabriel R. Schleder']","Predicting quantum wavefunction probability distributions is crucial for computational chemistry and materials science, yet machine learning (ML) models often face a trade-off between accuracy and interpretability. This study compares Artificial Neural Networks (ANNs) and Adaptive Neuro-Fuzzy Inference Systems (ANFIS) in modeling quantum probability distributions for the H$_{2}^+$ ion, leveraging data generated via Physics-Informed Neural Networks (PINNs). While ANN achieved superior accuracy (R$^2$ = 0.99 vs ANFIS's 0.95 with Gaussian membership functions), it required over 50x more parameters (2,305 vs 39-45). ANFIS, however, provided unique interpretability: its Gaussian membership functions encoded spatial electron localization near proton positions ($μ= 1.2 A$), mirroring Born probability densities, while fuzzy rules reflected quantum superposition principles. Rules prioritizing the internuclear direction revealed the system's 1D symmetry, aligning with Linear Combination of Atomic Orbitals theory--a novel data-driven perspective on orbital hybridization. Membership function variances ($σ$) further quantified electron delocalization trends, and peak prediction errors highlighted unresolved quantum cusps. The choice of functions critically impacted performance: Gaussian/Generalized Bell outperformed Sigmoid, with errors improving as training data increased, showing scalability. This study underscores the context-dependent value of ML: ANN for precision and ANFIS for interpretable, parameter-efficient approximations that link inputs to physical behavior. These findings advocate hybrid approaches in quantum simulations, balancing accuracy with explainability to accelerate discovery. Future work should extend ANFIS to multi-electron systems and integrate domain-specific constraints (e.g., kinetic energy terms), bridging data-driven models and fundamental physics.",2511.05261v1,physics.chem-ph,2025-11-07 14:24:49+00:00,https://arxiv.org/pdf/2511.05261v1,"""quantum"" AND ""physics-informed neural networks"""
QINNs: Quantum-Informed Neural Networks,"['Aritra Bal', 'Markus Klute', 'Benedikt Maier', 'Melik Oughton', 'Eric Pezone', 'Michael Spannowsky']","Classical deep neural networks can learn rich multi-particle correlations in collider data, but their inductive biases are rarely anchored in physics structure. We propose quantum-informed neural networks (QINNs), a general framework that brings quantum information concepts and quantum observables into purely classical models. While the framework is broad, in this paper, we study one concrete realisation that encodes each particle as a qubit and uses the Quantum Fisher Information Matrix (QFIM) as a compact, basis-independent summary of particle correlations. Using jet tagging as a case study, QFIMs act as lightweight embeddings in graph neural networks, increasing model expressivity and plasticity. The QFIM reveals distinct patterns for QCD and hadronic top jets that align with physical expectations. Thus, QINNs offer a practical, interpretable, and scalable route to quantum-informed analyses, that is, tomography, of particle collisions, particularly by enhancing well-established deep learning approaches.",2510.17984v1,hep-ph,2025-10-20 18:03:15+00:00,https://arxiv.org/pdf/2510.17984v1,"""quantum"" AND ""physics-informed neural networks"""
Privacy-Aware Framework of Robust Malware Detection in Indoor Robots: Hybrid Quantum Computing and Deep Neural Networks,"['Tan Le', 'Van Le', 'Sachin Shetty']","Indoor robotic systems within Cyber-Physical Systems (CPS) are increasingly exposed to Denial of Service (DoS) attacks that compromise localization, control and telemetry integrity. We propose a privacy-aware malware detection framework for indoor robotic systems, which leverages hybrid quantum computing and deep neural networks to counter DoS threats in CPS, while preserving privacy information. By integrating quantum-enhanced feature encoding with dropout-optimized deep learning, our architecture achieves up to 95.2% detection accuracy under privacy-constrained conditions. The system operates without handcrafted thresholds or persistent beacon data, enabling scalable deployment in adversarial environments. Benchmarking reveals robust generalization, interpretability and resilience against training instability through modular circuit design. This work advances trustworthy AI for secure, autonomous CPS operations.",2510.13136v1,cs.CR,2025-10-15 04:25:33+00:00,https://arxiv.org/pdf/2510.13136v1,"""quantum"" AND ""physics-informed neural networks"""
Hierarchical Qubit-Merging Transformer for Quantum Error Correction,"['Seong-Joon Park', 'Hee-Youl Kwak', 'Yongjune Kim']","For reliable large-scale quantum computation, a quantum error correction (QEC) scheme must effectively resolve physical errors to protect logical information. Leveraging recent advances in deep learning, neural network-based decoders have emerged as a promising approach to enhance the reliability of QEC. We propose the Hierarchical Qubit-Merging Transformer (HQMT), a novel and general decoding framework that explicitly leverages the structural graph of stabilizer codes to learn error correlations across multiple scales. Our architecture first computes attention locally on structurally related groups of stabilizers and then systematically merges these qubit-centric representations to build a global view of the error syndrome. The proposed HQMT achieves substantially lower logical error rates for surface codes by integrating a dedicated qubit-merging layer within the transformer architecture. Across various code distances, HQMT significantly outperforms previous neural network-based QEC decoders as well as a powerful belief propagation with ordered statistics decoding (BP+OSD) baseline. This hierarchical approach provides a scalable and effective framework for surface code decoding, advancing the realization of reliable quantum computing.",2510.11593v1,quant-ph,2025-10-13 16:31:46+00:00,https://arxiv.org/pdf/2510.11593v1,"""quantum"" AND ""physics-informed neural networks"""
Diffusion-Guided Renormalization of Neural Systems via Tensor Networks,['Nathan X. Kodama'],"Far from equilibrium, neural systems self-organize across multiple scales. Exploiting multiscale self-organization in neuroscience and artificial intelligence requires a computational framework for modeling the effective non-equilibrium dynamics of stochastic neural trajectories. Non-equilibrium thermodynamics and representational geometry offer theoretical foundations, but we need scalable data-driven techniques for modeling collective properties of high-dimensional neural networks from partial subsampled observations. Renormalization is a coarse-graining technique central to studying emergent scaling properties of many-body and nonlinear dynamical systems. While widely applied in physics and machine learning, coarse-graining complex dynamical networks remains unsolved, affecting many computational sciences. Recent diffusion-based renormalization, inspired by quantum statistical mechanics, coarse-grains networks near entropy transitions marked by maximal changes in specific heat or information transmission. Here I explore diffusion-based renormalization of neural systems by generating symmetry-breaking representations across scales and offering scalable algorithms using tensor networks. Diffusion-guided renormalization bridges microscale and mesoscale dynamics of dissipative neural systems. For microscales, I developed a scalable graph inference algorithm for discovering community structure from subsampled neural activity. Using community-based node orderings, diffusion-guided renormalization generates renormalization group flow through metagraphs and joint probability functions. Towards mesoscales, diffusion-guided renormalization targets learning the effective non-equilibrium dynamics of dissipative neural trajectories occupying lower-dimensional subspaces, enabling coarse-to-fine control in systems neuroscience and artificial intelligence.",2510.06361v1,q-bio.NC,2025-10-07 18:26:10+00:00,https://arxiv.org/pdf/2510.06361v1,"""quantum"" AND ""physics-informed neural networks"""
"Curvature-Aware Deep Learning for Vector Boson Fusion: Differential Geometry, Physics-Inspired Features, and Quantum Method Limitations",['Alibordi Muhammad'],"Particle physics classification often assumes flat geometry, ignoring the curved statistical structure of collision data. We present a geometric framework for Vector Boson Fusion Higgs classification that combines physics-inspired observables with product manifold neural networks. The method unifies Euclidean, hyperbolic, and spherical representations to capture nonlinear correlations among kinematic features. Geometric embedding yields measurable improvements over flat baselines, demonstrating that curvature-aware architectures recover information lost in standard approaches. The study highlights how incorporating geometric structure enhances discrimination power in high-energy collision data.",2510.04887v1,hep-ph,2025-10-06 15:09:04+00:00,https://arxiv.org/pdf/2510.04887v1,"""quantum"" AND ""physics-informed neural networks"""
PINNGraPE: Physics Informed Neural Network for Gravitational wave Parameter Estimation,"['Leigh Smith', 'Matteo Scialpi', 'Francesco di Clemente', 'Michał Bejger']","Weakly-modelled searches for gravitational waves are essential for ensuring that all potential sources are accounted for in detection efforts, as they make minimal assumptions regarding source morphology. While these searches primarily target generic transient sources, they are also highly effective at identifying a broad range of compact binary coalescences, demonstrated by the weakly-modelled search algorithm coherent WaveBurst being the first to detect GW150914. Despite their ability to detect compact binaries with diverse properties, the accurate estimation of source parameters from their output remains to be a challenging task. To overcome this, we leverage physics-informed neural networks, which serve as a powerful tool for parameter estimation by applying physical constraints through the universal differential equation governing a compact binary system. With this approach, we rapidly infer the mass parameters of binary black hole merger systems to within 7% from only the time-frequency representation of the gravitational wave signal.",2510.02858v1,gr-qc,2025-10-03 09:53:42+00:00,https://arxiv.org/pdf/2510.02858v1,"""quantum"" AND ""physics-informed neural networks"""
Nondestructive characterization of laser-cooled atoms using machine learning,"['G. De Sousa', 'M. Doris', ""D. D'Amato"", 'B. Egleston', 'J. P. Zwolak', 'I. B. Spielman']","We develop machine learning techniques for estimating physical properties of laser-cooled potassium-39 atoms in a magneto-optical trap using only the scattered light -- i.e., fluorescence -- that is intrinsic to the cooling process. In-situ snap-shot images of fluorescing atomic ensembles directly reveal the spatial structure of these millimeter-scale objects but contain no obvious information regarding internal properties such as the temperature. We first assembled and labeled a balanced dataset sampling $8\times10^3$ different experimental parameters that includes examples with: large and dense atomic ensembles, a complete absence of atoms, and everything in between. We describe a range of models trained to predict atom number and temperature solely from fluorescence images. These run the gamut from a poorly performing linear regression model based only on integrated fluorescence to deep neural networks that give number and temperature with fractional uncertainties of $0.1$ and $0.2$ respectively.",2509.26479v1,physics.atom-ph,2025-09-30 16:26:42+00:00,https://arxiv.org/pdf/2509.26479v1,"""quantum"" AND ""physics-informed neural networks"""
SQuaD: Smart Quantum Detection for Photon Recognition and Dark Count Elimination,"['Karl C. Linne', 'Sho Uemura', 'Yue Ji', 'Allen Zang', 'Martin Di Federico', 'Orlando Quaranta', 'Gustavo Cancelo', 'Tian Zhong']","Quantum detectors of single photons are an essential component for quantum information processing across computing, communication and networking. Today's quantum detection system, which consists of single photon detectors, timing electronics, control and data processing software, is primarily used for counting the number of single photon detection events. However, it is largely incapable of extracting other rich physical characteristics of the detected photons, such as their wavelengths, polarization states, photon numbers, or temporal waveforms. This work, for the first time, demonstrates a smart quantum detection system, SQuaD, which integrates a field programmable gate array (FPGA) with a neural network model, and is designed to recognize the features of photons and to eliminate detector dark-count. The SQuaD is a fully integrated quantum system with high timing-resolution data acquisition, onboard multi-scale data analysis, intelligent feature recognition and extraction, and feedback-driven system control. Our \name experimentally demonstrates 1) reliable photon counting on par with the state-of-the art commercial systems; 2) high-throughput data processing for each individual detection events; 3) efficient dark count recognition and elimination; 4) up to 100\% accurate feature recognition of photon wavelength and polarization. Additionally, we deploy the SQuaD to an atomic (erbium ion) photon emitter source to realize noise-free control and readout of a spin qubit in the telecom band, enabling critical advances in quantum networks and distributed quantum information processing.",2509.24383v3,quant-ph,2025-09-29 07:33:21+00:00,https://arxiv.org/pdf/2509.24383v3,"""quantum"" AND ""physics-informed neural networks"""
Physics-informed time series analysis with Kolmogorov-Arnold Networks under Ehrenfest constraints,"['Abhijit Sen', 'Illya V. Lukin', 'Kurt Jacobs', 'Lev Kaplan', 'Andrii G. Sotnikov', 'Denys I. Bondar']","The prediction of quantum dynamical responses lies at the heart of modern physics. Yet, modeling these time-dependent behaviors remains a formidable challenge because quantum systems evolve in high-dimensional Hilbert spaces, often rendering traditional numerical methods computationally prohibitive. While large language models have achieved remarkable success in sequential prediction, quantum dynamics presents a fundamentally different challenge: forecasting the entire temporal evolution of quantum systems rather than merely the next element in a sequence. Existing neural architectures such as recurrent and convolutional networks often require vast training datasets and suffer from spurious oscillations that compromise physical interpretability. In this work, we introduce a fundamentally new approach: Kolmogorov Arnold Networks (KANs) augmented with physics-informed loss functions that enforce the Ehrenfest theorems. Our method achieves superior accuracy with significantly less training data: it requires only 5.4 percent of the samples (200) compared to Temporal Convolution Networks (3,700). We further introduce the Chain of KANs, a novel architecture that embeds temporal causality directly into the model design, making it particularly well-suited for time series modeling. Our results demonstrate that physics-informed KANs offer a compelling advantage over conventional black-box models, maintaining both mathematical rigor and physical consistency while dramatically reducing data requirements.",2509.18483v1,cs.LG,2025-09-23 00:37:04+00:00,https://arxiv.org/pdf/2509.18483v1,"""quantum"" AND ""physics-informed neural networks"""
Solving Differential Equation with Quantum-Circuit Enhanced Physics-Informed Neural Networks,['Rachana Soni'],"I present a simple hybrid framework that combines physics informed neural networks (PINNs) with features generated from small quantum circuits. As a proof of concept, a first-order equation is solved by feeding quantum measurement probabilities into the neural model. The architecture enforces the initial condition exactly, and training is guided by the ODE residual loss. Numerical results show that the hybrid model reproduces the analytical solution, illustrating the potential of quantum-enhanced PINNs for differential equation solving.",2509.16247v1,quant-ph,2025-09-17 11:10:09+00:00,https://arxiv.org/pdf/2509.16247v1,"""quantum"" AND ""physics-informed neural networks"""
Machine Learning for Quantum Noise Reduction,['Karan Kendre'],"Quantum noise fundamentally limits the utility of near-term quantum devices, making error mitigation essential for practical quantum computation. While traditional quantum error correction codes require substantial qubit overhead and complex syndrome decoding, we propose a machine learning approach that directly reconstructs clean quantum states from noisy density matrices without additional qubits. We formulate quantum noise reduction as a supervised learning problem using a convolutional neural network (CNN) autoencoder architecture with a novel fidelity-aware composite loss function. Our method is trained and evaluated on a comprehensive synthetic dataset of 10,000 density matrices derived from random 5-qubit quantum circuits, encompassing five noise types (depolarizing, amplitude damping, phase damping, bit-flip, and mixed noise) across four intensity levels (0.05-0.20). The CNN successfully reconstructs quantum states across all noise conditions, achieving an average fidelity improvement from 0.298 to 0.774 (Δ = 0.476). Notably, the model demonstrates superior performance on complex mixed noise scenarios and higher noise intensities, with mixed noise showing the highest corrected fidelity (0.807) and improvement (0.567). The approach effectively preserves both diagonal elements (populations) and off-diagonal elements (quantum coherences), making it suitable for entanglement-dependent quantum algorithms. While phase damping presents fundamental information-theoretic limitations, our results suggest that CNN-based density matrix reconstruction offers a promising, resource-efficient alternative to traditional quantum error correction for NISQ-era devices. This data-driven approach could enable practical quantum advantage with fewer physical qubits than conventional error correction schemes require.",2509.16242v1,quant-ph,2025-09-17 00:13:07+00:00,https://arxiv.org/pdf/2509.16242v1,"""quantum"" AND ""physics-informed neural networks"""
Learning spatially structured open quantum dynamics with regional-attention transformers,"['Dounan Du', 'Eden Figueroa']","Simulating the dynamics of open quantum systems with spatial structure and external control is an important challenge in quantum information science. Classical numerical solvers for such systems require integrating coupled master and field equations, which is computationally demanding for simulation and optimization tasks and often precluding real-time use in network-scale simulations or feedback control. We introduce a regional attention-based neural architecture that learns the spatiotemporal dynamics of structured open quantum systems. The model incorporates translational invariance of physical laws as an inductive bias to achieve scalable complexity, and supports conditioning on time-dependent global control parameters. We demonstrate learning on two representative systems: a driven dissipative single qubit and an electromagnetically induced transparency (EIT) quantum memory. The model achieves high predictive fidelity under both in-distribution and out-of-distribution control protocols, and provides substantial acceleration up to three orders of magnitude over numerical solvers. These results demonstrate that the architecture establishes a general surrogate modeling framework for spatially structured open quantum dynamics, with immediate relevance to large-scale quantum network simulation, quantum repeater and protocol design, real-time experimental optimization, and scalable device modeling across diverse light-matter platforms.",2509.06871v1,quant-ph,2025-09-08 16:40:32+00:00,https://arxiv.org/pdf/2509.06871v1,"""quantum"" AND ""physics-informed neural networks"""
Multiscale light-matter dynamics in quantum materials: from electrons to topological superlattices,"['Taufeq Mohammed Razakh', 'Thomas Linker', 'Ye Luo', 'Nariman Piroozan', 'John Pennycook', 'Nalini Kumar', 'Albert Musaelian', 'Anders Johansson', 'Boris Kozinsky', 'Rajiv K. Kalia', 'Priya Vashishta', 'Fuyuki Shimojo', 'Shinnosuke Hattori', 'Ken-ichi Nomura', 'Aiichiro Nakano']","Light-matter dynamics in topological quantum materials enables ultralow-power, ultrafast devices. A challenge is simulating multiple field and particle equations for light, electrons, and atoms over vast spatiotemporal scales on Exaflop/s computers with increased heterogeneity and low-precision focus. We present a paradigm shift that solves the multiscale/multiphysics/heterogeneity challenge harnessing hardware heterogeneity and low-precision arithmetic. Divide-conquer-recombine algorithms divide the problem into not only spatial but also physical subproblems of small dynamic ranges and minimal mutual information, which are mapped onto best-characteristics-matching hardware units, while metamodel-space algebra minimizes communication and precision requirements. Using 60,000 GPUs of Aurora, DC-MESH (divide-and-conquer Maxwell-Ehrenfest-surface hopping) and XS-NNQMD (excited-state neural-network quantum molecular dynamics) modules of MLMD (multiscale light-matter dynamics) software were 152- and 3,780-times faster than the state-of-the-art for 15.4 million-electron and 1.23 trillion-atom PbTiO3 material, achieving 1.87 EFLOP/s for the former. This enabled the first study of light-induced switching of topological superlattices for future ferroelectric 'topotronics'.",2509.00966v1,physics.comp-ph,2025-08-31 19:14:52+00:00,https://arxiv.org/pdf/2509.00966v1,"""quantum"" AND ""physics-informed neural networks"""
Quantum Phase Space Tomography for Electromagnetic Biomaterial Imaging,['Alessandro Settimi'],"I present a concise, first principles metrological framework for imaging dielectric biomaterials by probing the full phase space (Wigner) distribution of a quantum electromagnetic field. Building on a rigorous multilayer Maxwell and Cole Cole model for stratified tissue, my method (Quantum Phase space Tomography, QPST) couples analytical forward theory with quantum metrology and Bayesian inference. I prepare a structured quantum EM probe (e.g. a squeezed microwave pulse) that interacts with tissue and then perform full quantum state tomography of the outgoing field. The recovered Wigner quasi probability reveals subwavelength and non classical features lost in classical imaging. By projecting the measurement onto the analytically derived tissue response manifold, I recover key physiological parameters (e.g. layer thickness, dispersion). I further define a Dielectric Anaplasia Metric (DAM) that quantifies tissue microstructural heterogeneity (e.g. malignancy) via deviations in Cole Cole parameters. My design leverages state of the art quantum sensors (e.g. NV diamond magnetometers) and advanced inverse algorithms (physics informed neural networks, diffusion priors). Numerical examples demonstrate that QPST can non invasively map tissue permittivity with unprecedented sensitivity. This work bridges fundamental electromagnetic theory and emerging quantum technologies, promising a new paradigm for medical imaging.",2509.00534v1,physics.optics,2025-08-30 15:27:28+00:00,https://arxiv.org/pdf/2509.00534v1,"""quantum"" AND ""physics-informed neural networks"""
Physics-informed Hamiltonian learning for large-scale optoelectronic property prediction,"['Martin Schwade', 'Shaoming Zhang', 'Frederik Vonhoff', 'Frederico P. Delgado', 'David A. Egger']","Predicting optoelectronic properties of large-scale atomistic systems under realistic conditions is crucial for rational materials design, yet computationally prohibitive with first-principles simulations. Recent neural network models have shown promise in overcoming these challenges, but typically require large datasets and lack physical interpretability. Physics-inspired approximate models offer greater data efficiency and intuitive understanding, but often sacrifice accuracy and transferability. Here we present HAMSTER, a physics-informed machine learning framework for predicting the quantum-mechanical Hamiltonian of complex chemical systems. Starting from an approximate model encoding essential physical effects, HAMSTER captures the critical influence of dynamic environments on Hamiltonians using only few explicit first-principles calculations. We demonstrate our approach on halide perovskites, achieving accurate prediction of optoelectronic properties across temperature and compositional variations, and scalability to systems containing tens of thousands of atoms. This work highlights the power of physics-informed Hamiltonian learning for accurate and interpretable optoelectronic property prediction in large, complex systems.",2508.20536v1,cond-mat.mtrl-sci,2025-08-28 08:25:55+00:00,https://arxiv.org/pdf/2508.20536v1,"""quantum"" AND ""physics-informed neural networks"""
Estimating classical mutual information between quantum subsystems with neural networks,"['D. A. Konyshev', 'V. V. Mazurenko']","Characterizing correlations in a quantum system on the basis of the results of the projective measurements can be performed with different means including the calculation of the classical mutual information. Generally, estimating such information-entropy-based quantities requires having complete statistics of the system's states. Here we explore the possibility to reconstruct the classical mutual information and specific entropy of a quantum system with neural network approach on the basis of limited number of projective measurements. As a prominent example we consider the antiferromagnetic quantum Ising model in transverse and longitudinal magnetic fields which is in demand in both condensed matter physics and quantum computing. We show that the neural network approach gives reliable estimates of the classical mutual information even in the case of paramagnetic wave functions delocalized in the state space. In addition, the phase diagram of the considered quantum system is reconstructed with a special focus on discriminating various types of disordered states.",2508.07652v1,quant-ph,2025-08-11 06:04:38+00:00,https://arxiv.org/pdf/2508.07652v1,"""quantum"" AND ""physics-informed neural networks"""
Local Diffusion Models and Phases of Data Distributions,"['Fangjun Hu', 'Guangkuo Liu', 'Yifan Zhang', 'Xun Gao']","As a class of generative artificial intelligence frameworks inspired by statistical physics, diffusion models have shown extraordinary performance in synthesizing complicated data distributions through a denoising process gradually guided by score functions. Real-life data, like images, is often spatially structured in low-dimensional spaces. However, ordinary diffusion models ignore this local structure and learn spatially global score functions, which are often computationally expensive. In this work, we introduce a new perspective on the phases of data distributions, which provides insight into constructing local denoisers with reduced computational costs. We define two distributions as belonging to the same data distribution phase if they can be mutually connected via spatially local operations such as local denoisers. Then, we show that the reverse denoising process consists of an early trivial phase and a late data phase, sandwiching a rapid phase transition where local denoisers must fail. To diagnose such phase transitions, we prove an information-theoretic bound on the fidelity of local denoisers based on conditional mutual information, and conduct numerical experiments in a real-world dataset. This work suggests simpler and more efficient architectures of diffusion models: far from the phase transition point, we can use small local neural networks to compute the score function; global neural networks are only necessary around the narrow time interval of phase transitions. This result also opens up new directions for studying phases of data distributions, the broader science of generative artificial intelligence, and guiding the design of neural networks inspired by physics concepts.",2508.06614v1,cs.LG,2025-08-08 18:01:01+00:00,https://arxiv.org/pdf/2508.06614v1,"""quantum"" AND ""physics-informed neural networks"""
Quantum Spectral Reasoning: A Non-Neural Architecture for Interpretable Machine Learning,['Andrew Kiruluta'],"We propose a novel machine learning architecture that departs from conventional neural network paradigms by leveraging quantum spectral methods, specifically Pade approximants and the Lanczos algorithm, for interpretable signal analysis and symbolic reasoning. The core innovation of our approach lies in its ability to transform raw time-domain signals into sparse, physically meaningful spectral representations without the use of backpropagation, high-dimensional embeddings, or data-intensive black-box models. Through rational spectral approximation, the system extracts resonant structures that are then mapped into symbolic predicates via a kernel projection function, enabling logical inference through a rule-based reasoning engine. This architecture bridges mathematical physics, sparse approximation theory, and symbolic artificial intelligence, offering a transparent and physically grounded alternative to deep learning models. We develop the full mathematical formalism underlying each stage of the pipeline, provide a modular algorithmic implementation, and demonstrate the system's effectiveness through comparative evaluations on time-series anomaly detection, symbolic classification, and hybrid reasoning tasks. Our results show that this spectral-symbolic architecture achieves competitive accuracy while maintaining interpretability and data efficiency, suggesting a promising new direction for physically-informed, reasoning-capable machine learning.",2508.03170v1,cs.LG,2025-08-05 07:16:45+00:00,https://arxiv.org/pdf/2508.03170v1,"""quantum"" AND ""physics-informed neural networks"""
Double descent: When do neural quantum states generalize?,"['M. Schuyler Moss', 'Alev Orfi', 'Christopher Roth', 'Anirvan M. Sengupta', 'Antoine Georges', 'Dries Sels', 'Anna Dawid', 'Agnes Valenti']","Neural quantum states (NQS) provide flexible wavefunction parameterizations for numerical studies of quantum many-body physics. While inspired by deep learning, it remains unclear to what extent NQS share characteristics with neural networks used for standard machine learning tasks. We demonstrate that NQS exhibit the double descent phenomenon, a key feature of modern deep learning, where generalization worsens as network size increases before improving again in an overparameterized regime. Notably, we find the second descent to occur only for network sizes much larger than the Hilbert space dimension, indicating that NQS typically operate in an underparameterized regime, where increasing network size can degrade generalization. Our analysis reveals that the optimal network size in this regime depends on the number of unique training samples, highlighting the importance of sampling strategies. These findings suggest the need for symmetry-aware, physics-informed architecture design, rather than directly adopting machine learning heuristics.",2508.00068v2,cond-mat.dis-nn,2025-07-31 18:00:22+00:00,https://arxiv.org/pdf/2508.00068v2,"""quantum"" AND ""physics-informed neural networks"""
Search for $t\bar tt\bar tW$ Production at $\sqrt{s} = 13$ TeV Using a Modified Graph Neural Network at the LHC,"['Syed Haider Ali', 'Ashfaq Ahmad', 'Muhammad Saiel', 'Nadeem Shaukat']","The simultaneous production of four top quarks in association with a ($W$) boson at $(\sqrt{s} = 13)$ TeV is an rare SM process with a next-to-leading-order (NLO) cross-section of $(6.6^{+2.4}_{-2.6} {ab})$\cite{saiel}. Identifying this process in the fully hadronic decay channel is particularly challenging due to overwhelming backgrounds from $t\bar{t}, t\bar{t}W, t\bar{t}Z$, and triple-top production processes. This study introduces a modified physics informed Neural Network, a hybrid graph neural network (GNN) enhancing event classification. The proposed model integrates Graph layers for particle-level features, a custom Multi Layer Perceptron(MLP) based global stream with a quantum circuit and cross-attention fusion to combine local and global representations. Physics-informed Loss function enforce jet multiplicity constraints, derived from event decay dynamics. Benchmarked against conventional methods, the GNN achieves a signal significance $(S/\sqrt{S+B})$ of $0.174$ and ROC-AUC of 0.974, surpassing BDT's significance of $0.148$ and ROC of $0.913$, while Xgboost achieves a significance of $0.149$ and ROC of $0.920$. The classification models are trained on Monte Carlo (MC) simulations, with events normalized using cross-section-based reweighting to reflect their expected contributions in a dataset corresponding to $350\;$fb$^{-1}$ of integrated luminosity. This enhanced approach offers a framework for precision event selection at the LHC, leveraging high dimensional statistical learning and physics informed inference to tackle fundamental HEP challenges, aligning with ML developments.",2507.23723v1,hep-ex,2025-07-31 16:57:08+00:00,https://arxiv.org/pdf/2507.23723v1,"""quantum"" AND ""physics-informed neural networks"""
Neural Network Architectures for Scalable Quantum State Tomography: Benchmarking and Memristor-Based Acceleration,"['Erbing Hua', 'Steven van Ommen', 'King Yiu Yu', 'Jim van Leeuven', 'Rajendra Bishnoi', 'Heba Abunahla', 'Salahuddin Nur', 'Sebastian Feld', 'Ryoichi Ishihara']","Quantum State Tomography (QST) is essential for characterizing and validating quantum systems, but its practical use is severely limited by the exponential growth of the Hilbert space and the number of measurements required for informational completeness. Many prior claims of performance have relied on architectural assumptions rather than systematic validation. We benchmark several neural network architectures to determine which scale effectively with qubit number and which fail to maintain high fidelity as system size increases.To address this, we perform a comprehensive benchmarking of diverse neural architectures across two quantum measurement strategies to evaluate their effectiveness in reconstructing both pure and mixed quantum states. Our results reveal that CNN and CGAN scale more robustly and achieve the highest fidelities, while Spiking Variational Autoencoder (SVAE) demonstrates moderate fidelity performance, making it a strong candidate for embedded, low-power hardware implementations.Recognizing that practical quantum diagnostics will require embedded, energy-efficient computation, we also discuss how memristor-based Computation-in-Memory (CiM) platforms can accelerate these models in hardware, mitigating memory bottlenecks and reducing energy consumption to enable scalable in-situ QST. This work identifies which architectures scale favorably for future quantum systems and lays the groundwork for quantum-classical co-design that is both computationally and physically scalable.",2507.23007v1,quant-ph,2025-07-30 18:12:10+00:00,https://arxiv.org/pdf/2507.23007v1,"""quantum"" AND ""physics-informed neural networks"""
Quantum-Efficient Convolution through Sparse Matrix Encoding and Low-Depth Inner Product Circuits,"['Mohammad Rasoul Roshanshah', 'Payman Kazemikhah', 'Hossein Aghababa']","Convolution operations are foundational to classical image processing and modern deep learning architectures, yet their extension into the quantum domain has remained algorithmically and physically costly due to inefficient data encoding and prohibitive circuit complexity. In this work, we present a resource-efficient quantum algorithm that reformulates the convolution product as a structured matrix multiplication via a novel sparse reshaping formalism. Leveraging the observation that localized convolutions can be encoded as doubly block-Toeplitz matrix multiplications, we construct a quantum framework wherein sparse input patches are prepared using optimized key-value QRAM state encoding, while convolutional filters are represented as quantum states in superposition. The convolution outputs are computed through inner product estimation using a low-depth SWAP test circuit, which yields probabilistic amplitude information with reduced sampling overhead. Our architecture supports batched convolution across multiple filters using a generalized SWAP circuit. Compared to prior quantum convolutional approaches, our method eliminates redundant preparation costs, scales logarithmically with input size under sparsity, and enables direct integration into hybrid quantum-classical machine learning pipelines. This work provides a scalable and physically realizable pathway toward quantum-enhanced feature extraction, opening up new possibilities for quantum convolutional neural networks and data-driven quantum inference.",2507.19658v1,quant-ph,2025-07-25 20:08:12+00:00,https://arxiv.org/pdf/2507.19658v1,"""quantum"" AND ""physics-informed neural networks"""
Inverse Design using Physics-Informed Quantum GANs for Tailored Absorption in Dielectric Metasurfaces,"['Sreeraj Rajan Warrier', 'Jayasri Dontabhaktuni']","High Q-factor narrow-band absorption exhibits high spectral selectivity enabling high-sensitive photodetectors, sensors and thermal emitters. All-dielectric metasurfaces are widely regarded as excellent candidates for giving rise to such narrow-band absorption. However, designing metasurfaces with specific functionalities remains a challenging task both experimentally and computationally, which is why inverse design methods are increasingly being explored. Inverse design process is highly complex due to its non-unique solutions and the higher dimensionality of the design space, making it challenging to precisely control the resonance wavelength, linewidth, and absorption intensity. In this paper, we present a novel hybrid methodology that integrates generative adversarial networks (GANs) (both classical and quantum) with physics-informed neural networks (PINNs) for the inverse design of narrow-band absorbing metasurfaces. By introducing a Fano-shaped absorption spectrum equation into the PINN loss function, we enforce physical constraints on the resonance behavior, ensuring outputs that are both spectrally accurate and physically consistent. The study presents a comparison between a conventional GAN + PINN framework and a PINN augmented by a hybrid quantum-classical GAN (QGAN). The findings indicate that the integrated PINN + QGAN model achieves faster convergence, requires 99.5\% fewer training samples, and yields an order of magnitude lower MSE compared to conventional GANs. Remarkably, even though the training dataset only contains metasurfaces with Q-factors on the order of $10^3$, the model is able to generate highly asymmetric metasurface structures with Q-factors exceeding $10^5$. This study presents a novel framework that integrates quantum machine learning with physics-based modeling, providing a promising method for quantum-enhanced inverse design in nanophotonic systems.",2507.18132v1,physics.optics,2025-07-24 06:47:04+00:00,https://arxiv.org/pdf/2507.18132v1,"""quantum"" AND ""physics-informed neural networks"""
"Quantum computational sensing using quantum signal processing, quantum neural networks, and Hamiltonian engineering","['Saeed A. Khan', 'Sridhar Prabhu', 'Logan G. Wright', 'Peter L. McMahon']","Combining quantum sensing with quantum computing can lead to quantum computational sensors that are able to more efficiently extract task-specific information from physical signals than is possible otherwise. Early examples of quantum computational sensing (QCS) have largely focused on protocols where only a single sensing operation appears before measurement -- with an exception being the recent application of Grover's algorithm to signal detection. In this paper we present, in theory and numerical simulations, the application of two quantum algorithms -- quantum signal processing and quantum neural networks -- to various binary and multiclass machine-learning classification tasks in sensing. Here sensing operations are interleaved with computing operations, giving rise to nonlinear functions of the sensed signals. We have evaluated tasks based on static and time-varying signals, including spatiotemporal signals. Our approach to optimizing the circuit parameters in a QCS protocol takes into account quantum sampling noise and allows us to engineer protocols that can yield accurate results with as few as just a single measurement shot. In all cases, we have been able to show a regime of operation where a quantum computational sensor can achieve higher accuracy than a conventional quantum sensor, with a simulated accuracy advantage of $>$20 percentage points for some tasks. We also present protocols for performing nonlinear tasks using Hamiltonian-engineered bosonic systems and quantum signal processing with hybrid qubit-bosonic systems. Overall, we have shown that substantial quantum computational-sensing advantages can be obtained even if the quantum system is small, including few-qubit systems, systems comprising a single qubit and a single bosonic mode, and even just a single qubit alone -- raising the prospects for experimental proof-of-principle and practical realizations.",2507.15845v1,quant-ph,2025-07-21 17:53:15+00:00,https://arxiv.org/pdf/2507.15845v1,"""quantum"" AND ""physics-informed neural networks"""
Machine Learning-aided Optimal Control of a noisy qubit,"['Riccardo Cantone', 'Shreyasi Mukherjee', 'Luigi Giannelli', 'Elisabetta Paladino', 'Giuseppe Falci']","We apply a graybox machine-learning framework to model and control a qubit undergoing Markovian and non-Markovian dynamics from environmental noise. The approach combines physics-informed equations with a lightweight transformer neural network based on the self-attention mechanism. The model is trained on simulated data and learns an effective operator that predicts observables accurately, even in the presence of memory effects. We benchmark both non-Gaussian random-telegraph noise and Gaussian Ornstein-Uhlenbeck noise and achieve low prediction errors even in challenging noise coupling regimes. Using the model as a dynamics emulator, we perform gradient-based optimal control to identify pulse sequences implementing a universal set of single-qubit gates, achieving fidelities above 99% for the lowest considered value of the coupling and remaining above 90% for the highest.",2507.14085v1,quant-ph,2025-07-18 17:06:58+00:00,https://arxiv.org/pdf/2507.14085v1,"""quantum"" AND ""physics-informed neural networks"""
Artificial Intelligence for Quantum Matter: Finding a Needle in a Haystack,"['Khachatur Nazaryan', 'Filippo Gaggioli', 'Yi Teng', 'Liang Fu']","Neural networks (NNs) have great potential in solving the ground state of various many-body problems. However, several key challenges remain to be overcome before NNs can tackle problems and system sizes inaccessible with more established tools. Here, we present a general and efficient method for learning the NN representation of an arbitrary many-body complex wave function from its $N$-particle probability density and probability current density. Having reached overlaps as large as $99.9\%$, we employ our neural wave function for pre-training to effortlessly solve the fractional quantum Hall problem with Coulomb interactions and realistic Landau-level mixing for as many as $25$ particles. Our work demonstrates efficient, accurate simulation of highly-entangled quantum matter using general-purpose deep NNs enhanced with physics-informed initialization.",2507.13322v2,cond-mat.str-el,2025-07-17 17:42:21+00:00,https://arxiv.org/pdf/2507.13322v2,"""quantum"" AND ""physics-informed neural networks"""
Inverse Physics-informed neural networks procedure for detecting noise in open quantum systems,"['Gubio G. de Lima', 'Iann Cunha', 'Leonardo Kleber Castelano']","Accurate characterization of quantum systems is essential for the development of quantum technologies, particularly in the noisy intermediate-scale quantum (NISQ) era. While traditional methods for Hamiltonian learning and noise characterization often require extensive measurements and scale poorly with system size, machine learning approaches offer promising alternatives. In this work, we extend the inverse physics-informed neural network (referred to as PINNverse) framework to open quantum systems governed by Lindblad master equations. By incorporating both coherent and dissipative dynamics into the neural network training, our method enables simultaneous identification of Hamiltonian parameters and decay rates from noisy experimental data. We demonstrate the effectiveness and robustness of the approach through numerical simulations of two-qubit open systems. Our results show that PINNverse provides a scalable and noise-resilient framework for quantum system identification, with potential applications in quantum control and error mitigation.",2507.12552v1,quant-ph,2025-07-16 18:03:48+00:00,https://arxiv.org/pdf/2507.12552v1,"""quantum"" AND ""physics-informed neural networks"""
Polaritonic Machine Learning for Graph-based Data Analysis,"['Yuan Wang', 'Stefano Scali', 'Oleksandr Kyriienko']","Photonic and polaritonic systems offer a fast and efficient platform for accelerating machine learning (ML) through physics-based computing. To gain a computational advantage, however, polaritonic systems must: (1) exploit features that specifically favor nonlinear optical processing; (2) address problems that are computationally hard and depend on these features; (3) integrate photonic processing within broader ML pipelines. In this letter, we propose a polaritonic machine learning approach for solving graph-based data problems. We demonstrate how lattices of condensates can efficiently embed relational and topological information from point cloud datasets. This information is then incorporated into a pattern recognition workflow based on convolutional neural networks (CNNs), leading to significantly improved learning performance compared to physics-agnostic methods. Our extensive benchmarking shows that photonic machine learning achieves over 90\% accuracy for Betti number classification and clique detection tasks - a substantial improvement over the 35\% accuracy of bare CNNs. Our study introduces a distinct way of using photonic systems as fast tools for feature engineering, while building on top of high-performing digital machine learning.",2507.10415v1,cond-mat.dis-nn,2025-07-14 15:57:22+00:00,https://arxiv.org/pdf/2507.10415v1,"""quantum"" AND ""physics-informed neural networks"""
OrbitAll: A Unified Quantum Mechanical Representation Deep Learning Framework for All Molecular Systems,"['Beom Seok Kang', 'Vignesh C. Bhethanabotla', 'Amin Tavakoli', 'Maurice D. Hanisch', 'William A. Goddard', 'Anima Anandkumar']","Despite the success of deep learning methods in quantum chemistry, their representational capacity is most often confined to neutral, closed-shell molecules. However, real-world chemical systems often exhibit complex characteristics, including varying charges, spins, and environments. We introduce OrbitAll, a geometry- and physics-informed deep learning framework that can represent all molecular systems with electronic structure information. OrbitAll utilizes spin-polarized orbital features from the underlying quantum mechanical method, and combines it with graph neural networks satisfying SE(3)-equivariance. The resulting framework can represent and process any molecular system with arbitrary charges, spins, and environmental effects. OrbitAll demonstrates superior performance and generalization on predicting charged, open-shell, and solvated molecules, while also robustly extrapolating to molecules significantly larger than the training data by leveraging a physics-informed architecture. OrbitAll achieves chemical accuracy using 10 times fewer training data than competing AI models, with a speedup of approximately $10^3$ - $10^4$ compared to density functional theory.",2507.03853v1,cs.LG,2025-07-05 01:21:56+00:00,https://arxiv.org/pdf/2507.03853v1,"""quantum"" AND ""physics-informed neural networks"""
Continuous-variable Quantum Diffusion Model for State Generation and Restoration,"['Haitao Huang', 'Chuangtao Chen', 'Qinglin Zhao']","The generation and preservation of complex quantum states against environmental noise are paramount challenges in advancing continuous-variable (CV) quantum information processing. This paper introduces a novel framework based on continuous-variable quantum diffusion principles, synergizing them with CV quantum neural networks (CVQNNs) to address these dual challenges. For the task of state generation, our Continuous-Variable Quantum Diffusion Generative model (CVQD-G) employs a physically driven forward diffusion process using a thermal loss channel, which is then inverted by a learnable, parameter-efficient backward denoising process based on a CVQNN with time-embedding. This framework's capability is further extended for state recovery by the Continuous-Variable Quantum Diffusion Restoration model (CVQD-R), a specialized variant designed to restore quantum states, particularly coherent states with unknown parameters, from thermal degradation. Extensive numerical simulations validate these dual capabilities, demonstrating the high-fidelity generation of diverse Gaussian (coherent, squeezed) and non-Gaussian (Fock, cat) states, typically with fidelities exceeding 99%, and confirming the model's ability to robustly restore corrupted states. Furthermore, a comprehensive complexity analysis reveals favorable training and inference costs, highlighting the framework's efficiency, scalability, and its potential as a robust tool for quantum state engineering and noise mitigation in realistic CV quantum systems.",2506.19270v1,quant-ph,2025-06-24 03:04:21+00:00,https://arxiv.org/pdf/2506.19270v1,"""quantum"" AND ""physics-informed neural networks"""
Variational Quantum Latent Encoding for Topology Optimization,['Alireza Tabarraei'],"A variational framework for structural topology optimization is developed, integrating quantum and classical latent encoding strategies within a coordinate-based neural decoding architecture. In this approach, a low-dimensional latent vector, generated either by a variational quantum circuit or sampled from a Gaussian distribution, is mapped to a higher-dimensional latent space via a learnable projection layer. This enriched representation is then decoded into a high-resolution material distribution using a neural network that takes both the latent vector and Fourier-mapped spatial coordinates as input. The optimization is performed directly on the latent parameters, guided solely by physics-based objectives such as compliance minimization and volume constraints evaluated through finite element analysis, without requiring any precomputed datasets or supervised training. Quantum latent vectors are constructed from the expectation values of Pauli observables measured on parameterized quantum circuits, providing a structured and entangled encoding of information. The classical baseline uses Gaussian-sampled latent vectors projected in the same manner. The proposed variational formulation enables the generation of diverse and physically valid topologies by exploring the latent space through sampling or perturbation, in contrast to traditional optimization methods that yield a single deterministic solution. Numerical experiments show that both classical and quantum encodings produce high-quality structural designs. However, quantum encodings demonstrate advantages in several benchmark cases in terms of compliance and design diversity. These results highlight the potential of quantum circuits as an effective and scalable tool for physics-constrained topology optimization and suggest promising directions for applying near-term quantum hardware in structural design.",2506.17487v1,cs.CE,2025-06-20 21:49:06+00:00,https://arxiv.org/pdf/2506.17487v1,"""quantum"" AND ""physics-informed neural networks"""
Quantum Recurrent Embedding Neural Network,"['Mingrui Jing', 'Erdong Huang', 'Xiao Shi', 'Shengyu Zhang', 'Xin Wang']","Quantum neural networks have emerged as promising quantum machine learning models, leveraging the properties of quantum systems and classical optimization to solve complex problems in physics and beyond. However, previous studies have demonstrated inevitable trainability issues that severely limit their capabilities in the large-scale regime. In this work, we propose a quantum recurrent embedding neural network (QRENN) inspired by fast-track information pathways in ResNet and general quantum circuit architectures in quantum information theory. By employing dynamical Lie algebras, we provide a rigorous proof of the trainability of QRENN circuits, demonstrating that this deep quantum neural network can avoid barren plateaus. Notably, the general QRENN architecture resists classical simulation as it encompasses powerful quantum circuits such as QSP, QSVT, and DQC1, which are widely believed to be classically intractable. Building on this theoretical foundation, we apply our QRENN to accurately classify quantum Hamiltonians and detect symmetry-protected topological phases, demonstrating its applicability in quantum supervised learning. Our results highlight the power of recurrent data embedding in quantum neural networks and the potential for scalable quantum supervised learning in predicting physical properties and solving complex problems.",2506.13185v1,quant-ph,2025-06-16 07:50:31+00:00,https://arxiv.org/pdf/2506.13185v1,"""quantum"" AND ""physics-informed neural networks"""
Hamiltonian Learning via Inverse Physics-Informed Neural Networks,"['Jie Liu', 'Xin Wang']","Hamiltonian learning (HL), enabling precise estimation of system parameters and underlying dynamics, plays a critical role in characterizing quantum systems. However, conventional HL methods face challenges in noise robustness and resource efficiency, especially under limited measurements. In this work, we present \textit{Inverse Physics-Informed Neural Networks for Hamiltonian Learning (iPINN-HL)}, an approach that incorporates the Schrödinger equation as a soft constraint via a loss function penalty into the ML procedure. This formulation allows the model to integrate both observational data and known physical laws to infer Hamiltonian parameters with greater accuracy and resource efficiency. We benchmark iPINN-HL against a deep-neural-network-based quantum state tomography method (denoted as DNN-HL) and demonstrate its effectiveness across several different scenarios, including one-dimensional spin chains, cross-resonance gate calibration, crosstalk identification, and real-time compensation to parameter drift. Our results show that iPINN-HL can approach the Heisenberg limit and exhibits robustness to noises, while outperforming DNN-HL in accuracy and resource efficiency. Therefore, iPINN-HL is a powerful and flexible framework for quantum system characterization for practical tasks.",2506.10379v2,quant-ph,2025-06-12 06:09:41+00:00,https://arxiv.org/pdf/2506.10379v2,"""quantum"" AND ""physics-informed neural networks"""
Physics-Informed Neural Network Approach to Quark-Antiquark Color Flux Tube,"['Wei Kou', 'Xiaoxuan Lin', ""Bing'ang Guo"", 'Xurong Chen']","We introduce a physics-informed neural network (PINNs) framework for modelling the spatial distribution of chromodynamic fields induced by quark-antiquark pairs, based on lattice Monte Carlo simulations. In contrast to conventional neural networks, PINNs incorporate physical laws-expressed here as differential equations governing type-II superconductivity-directly into the training objective. By embedding these equations into the loss function, we guide the network to learn physically consistent solutions. Adopting an inverse problem approach, we extract the parameters of the superconducting equations from lattice QCD data and subsequently solve them. To accommodate physical boundary conditions, we recast the system into an integro-differential form and extend the analysis within the fractional PINNs framework. The accuracy of the reconstructed field distribution is assessed via relative $L_2$-error norms. We further extract physical observables such as the string tension and the mean width of the flux tube, offering quantitative insight into the confinement mechanism. This method enables the reconstruction of colour field profiles as functions of quark-antiquark separation without recourse to predefined parametric models. Our results illuminate aspects of the dual Meissner effect and highlight the promise of data-driven strategies in addressing non-perturbative challenges in quantum chromodynamics.",2506.03513v2,hep-ph,2025-06-04 02:57:11+00:00,https://arxiv.org/pdf/2506.03513v2,"""quantum"" AND ""physics-informed neural networks"""
A Bayesian PINN Framework for Barrow-Tsallis Holographic Dark Energy with Neutrinos: Toward a Resolution of the Hubble Tension,"['Muhammad Yarahmadi', 'Amin Salehi']","We investigate the Barrow-Tsallis Holographic Dark Energy (BTHDE) model using both traditional Markov Chain Monte Carlo (MCMC) methods and a Bayesian Physics-Informed Neural Network (PINN) framework, employing a range of cosmological observations. Our analysis incorporates data from Cosmic Microwave Background (CMB), Baryon Acoustic Oscillations (BAO), CMB lensing, Cosmic Chronometers (CC), and the Pantheon+ Type Ia supernova compilation. We focus on constraining the Hubble constant $ H_0 $, the nonextensive entropy index $ q $, the Barrow exponent $ Δ$, and the Granda-Oliveros parameters $ α$ and $ β$, along with the total neutrino mass $ Σm_ν$. The Bayesian PINN approach yields more precise constraints than MCMC, particularly for $ β$, and tighter upper bounds on $ Σm_ν$. The inferred values of $ H_0 $ from both methods lie between those from Planck 2018 and SH$_0$ES (R22), alleviating the Hubble tension to within $ 1.3σ$-$2.1σ$ depending on the dataset combination. Notably, the Bayesian PINN achieves consistent results across CC and Pantheon+ datasets, while maintaining physical consistency via embedded differential constraints. The combination of CMB and late-time probes leads to the most stringent constraints, with $ Σm_ν< 0.114 $ eV and $ H_0 = 70.6 \pm 1.35 $ km/s/Mpc. These findings suggest that the BTHDE model provides a viable framework for addressing cosmological tensions and probing modified entropy scenarios, while highlighting the complementary strengths of machine learning and traditional Bayesian inference in cosmological modeling.",2506.02235v1,astro-ph.CO,2025-06-02 20:28:10+00:00,https://arxiv.org/pdf/2506.02235v1,"""quantum"" AND ""physics-informed neural networks"""
Physics-Informed Neural Networks for the Relativistic Burgers Equation in the Exterior of a Schwarzschild Black Hole,['Shuyang Xiang'],"We introduce a Physics-Informed Neural Networks(PINN) to solve a relativistic Burgers equation in the exterior domain of a Schwarzschild black hole. Our main contribution is a PINN architecture that is able to simulate shock wave formations in such curved spacetime, by training a shock-aware network block and introducing a Godunov-inspired residuals in the loss function. We validate our method with numerical experiments with different kinds of initial conditions. We show its ability to reproduce both smooth and discontinuous solutions in the context of general relativity.",2506.00951v2,math.NA,2025-06-01 10:51:34+00:00,https://arxiv.org/pdf/2506.00951v2,"""quantum"" AND ""physics-informed neural networks"""
Constructing a bridge between functioning of oscillatory neuronal networks and quantum-like cognition along with quantum-inspired computation and AI,"['Andrei Khrennikov', 'Atsushi Iriki', 'Irina Basieva']","Quantum-like (QL) modeling, one of the outcomes of the quantum information revolution, extends quantum theory methods beyond physics to decision theory and cognitive psychology. While effective in explaining paradoxes in decision making and effects in cognitive psychology, such as conjunction, disjunction, order, and response replicability, it lacks a direct link to neural information processing in the brain. This study bridges neurophysiology, neuropsychology, and cognitive psychology, exploring how oscillatory neuronal networks give rise to QL behaviors. Inspired by the computational power of neuronal oscillations and quantum-inspired computation (QIC), we propose a quantum-theoretical framework for coupling of cognition/decision making and neural oscillations - {\it QL oscillatory cognition.} This is a step, may be very small, towards clarification of the relation between mind and matter and the nature of perception and cognition. We formulate four conjectures within QL oscillatory cognition and in principle they can checkedAsanoexperimentally. But such experimental tests need further theoretical and experimental elaboration. One of the conjectures (Conjecture 4) is on resolution of the binding problem by exploring QL states entanglement generated by the oscillations in a few neuronal networks. Our findings suggest that fundamental cognitive processes align with quantum principles, implying that humanoid AI should process information using quantum-theoretic laws. Quantum-Like AI (QLAI) can be efficiently realized via oscillatory networks performing QIC.",2506.00040v1,q-bio.NC,2025-05-27 20:08:37+00:00,https://arxiv.org/pdf/2506.00040v1,"""quantum"" AND ""physics-informed neural networks"""
Physics-Informed Neural Network for Cross-Domain Predictive Control of Tapered Amplifier Thermal Stabilization,"['Yanpei Shi', 'Bo Feng', 'Yuxin Zhong', 'Haochen Guo', 'Bangcheng Han', 'Rui Feng']","Thermally induced laser noise poses a critical limitation to the sensitivity of quantum sensor arrays employing ultra-stable amplified lasers, primarily stemming from nonlinear gain-temperature coupling effects in tapered amplifiers (TAs). To address this challenge, we present a robust intelligent control strategy that synergistically integrates an encoder-decoder physics-informed gated recurrent unit (PI-GRU) network with a model predictive control (MPC) framework. Our methodology incorporates physical soft constraints into the neural network architecture, yielding a predictive model with enhanced physical consistency that demonstrates robust extrapolation capabilities beyond the training data distribution. Leveraging the PI-GRU model's accurate multi-step predictive performance, we implement a hierarchical parallel MPC architecture capable of real-time thermal instability compensation. This hybrid approach achieves cross-domain consistent thermal stabilization in TAs under diverse laser power operations. Remarkably, while trained exclusively on low-power operational data, our system demonstrates exceptional generalization, improving prediction accuracy by 58.2% and temperature stability by 69.1% in previously unseen high-power operating regimes, as experimentally validated. The novel synchronization of physics-informed neural networks with advanced MPC frameworks presented in this work establishes a groundbreaking paradigm for addressing robustness challenges in cross-domain predictive control applications, overcoming conventional modeling limitations.",2505.20769v1,eess.SY,2025-05-27 06:19:50+00:00,https://arxiv.org/pdf/2505.20769v1,"""quantum"" AND ""physics-informed neural networks"""
Learning and Interpreting Gravitational-Wave Features from CNNs with a Random Forest Approach,"['Jun Tian', 'He Wang', 'Jibo He', 'Yu Pan', 'Shuo Cao', 'Qingquan Jiang']","Convolutional neural networks (CNNs) have become widely adopted in gravitational wave (GW) detection pipelines due to their ability to automatically learn hierarchical features from raw strain data. However, the physical meaning of these learned features remains underexplored, limiting the interpretability of such models. In this work, we propose a hybrid architecture that combines a CNN-based feature extractor with a random forest (RF) classifier to improve both detection performance and interpretability. Unlike prior approaches that directly connect classifiers to CNN outputs, our method introduces four physically interpretable metrics - variance, signal-to-noise ratio (SNR), waveform overlap, and peak amplitude - computed from the final convolutional layer. These are jointly used with the CNN output in the RF classifier to enable more informed decision boundaries. Tested on long-duration strain datasets, our hybrid model outperforms a baseline CNN model, achieving a relative improvement of 21\% in sensitivity at a fixed false alarm rate of 10 events per month. Notably, it also shows improved detection of low-SNR signals (SNR $\le$ 10), which are especially vulnerable to misclassification in noisy environments. Feature attribution via the RF model reveals that both CNN-extracted and handcrafted features contribute significantly to classification decisions, with learned variance and CNN outputs ranked among the most informative. These findings suggest that physically motivated post-processing of CNN feature maps can serve as a valuable tool for interpretable and efficient GW detection, bridging the gap between deep learning and domain knowledge.",2505.20357v2,cs.LG,2025-05-26 07:33:27+00:00,https://arxiv.org/pdf/2505.20357v2,"""quantum"" AND ""physics-informed neural networks"""
A Hybrid Quantum-Classical Particle-in-Cell Method for Plasma Simulations,"['Pratibha Raghupati Hegde', 'Paolo Marcandelli', 'Yuanchun He', 'Luca Pennati', 'Jeremy J. Williams', 'Ivy Peng', 'Stefano Markidis']","We present a hybrid quantum-classical electrostatic Particle-in-Cell (PIC) method, where the electrostatic field Poisson solver is implemented on a quantum computer simulator using a hybrid classical-quantum Neural Network (HNN) using data-driven and physics-informed learning approaches. The HNN is trained on classical PIC simulation results and executed via a PennyLane quantum simulator. The remaining computational steps, including particle motion and field interpolation, are performed on a classical system. To evaluate the accuracy and computational cost of this hybrid approach, we test the hybrid quantum-classical electrostatic PIC against the two-stream instability, a standard benchmark in plasma physics. Our results show that the quantum Poisson solver achieves comparable accuracy to classical methods. It also provides insights into the feasibility of using quantum computing and HNNs for plasma simulations. We also discuss the computational overhead associated with current quantum computer simulators, showing the challenges and potential advantages of hybrid quantum-classical numerical methods.",2505.09260v2,quant-ph,2025-05-14 10:19:33+00:00,https://arxiv.org/pdf/2505.09260v2,"""quantum"" AND ""physics-informed neural networks"""
QSeer: A Quantum-Inspired Graph Neural Network for Parameter Initialization in Quantum Approximate Optimization Algorithm Circuits,"['Lei Jiang', 'Chi Zhang', 'Fan Chen']","To mitigate the barren plateau problem, effective parameter initialization is crucial for optimizing the Quantum Approximate Optimization Algorithm (QAOA) in the near-term Noisy Intermediate-Scale Quantum (NISQ) era. Prior physics-driven approaches leveraged the optimal parameter concentration phenomenon, utilizing medium values of previously optimized QAOA parameters stored in databases as initialization for new graphs. However, this medium-value-based strategy lacks generalization capability. Conversely, prior computer-science-based approaches employed graph neural networks (GNNs) trained on previously optimized QAOA parameters to predict initialization values for new graphs. However, these approaches neglect key physics-informed QAOA principles, such as parameter concentration, symmetry, and adiabatic evolution, resulting in suboptimal parameter predictions and limited performance improvements. Furthermore, no existing GNN-based methods support parameter initialization for QAOA circuits with variable depths or for solving weighted Max-Cut problems. This paper introduces QSeer, a quantum-inspired GNN designed for accurate QAOA parameter prediction. Compared to prior physics- and computer-science-driven methods, QSeer improves the initial approximation ratio and convergence speed of QAOA circuits across diverse graphs by 6%-68% and 5x-10x, respectively.",2505.06810v1,cs.ET,2025-05-11 01:53:34+00:00,https://arxiv.org/pdf/2505.06810v1,"""quantum"" AND ""physics-informed neural networks"""
HMAE: Self-Supervised Few-Shot Learning for Quantum Spin Systems,"['Ibne Farabi Shihab', 'Sanjeda Akter', 'Anuj Sharma']","Quantum machine learning for spin and molecular systems faces critical challenges of scarce labeled data and computationally expensive simulations. To address these limitations, we introduce Hamiltonian-Masked Autoencoding (HMAE), a novel self-supervised framework that pre-trains transformers on unlabeled quantum Hamiltonians, enabling efficient few-shot transfer learning. Unlike random masking approaches, HMAE employs a physics-informed strategy based on quantum information theory to selectively mask Hamiltonian terms based on their physical significance. Experiments on 12,500 quantum Hamiltonians (60% real-world, 40% synthetic) demonstrate that HMAE achieves 85.3% $\pm$ 1.5% accuracy in phase classification and 0.15 $\pm$ 0.02 eV MAE in ground state energy prediction with merely 10 labeled examples - a statistically significant improvement (p < 0.01) over classical graph neural networks (78.1% $\pm$ 2.1%) and quantum neural networks (76.8% $\pm$ 2.3%). Our method's primary advantage is exceptional sample efficiency - reducing required labeled examples by 3-5x compared to baseline methods - though we emphasize that ground truth values for fine-tuning and evaluation still require exact diagonalization or tensor networks. We explicitly acknowledge that our current approach is limited to small quantum systems (specifically limited to 12 qubits during training, with limited extension to 16-20 qubits in testing) and that, while promising within this regime, this size restriction prevents immediate application to larger systems of practical interest in materials science and quantum chemistry.",2505.03140v2,quant-ph,2025-05-06 03:32:16+00:00,https://arxiv.org/pdf/2505.03140v2,"""quantum"" AND ""physics-informed neural networks"""
Towards asteroseismology of neutron stars with physics-informed neural networks,"['Dimitra Tseneklidou', 'Alejandro Torres-Forne', 'Pablo Cerda-Duran']","The study of the gravitational wave signatures of neutron star oscillations may provide important information of their interior structure and Equation of State (EoS) at high densities. We present a novel technique based on physically informed neural networks (PINNs) to solve the eigenvalue problem associated with normal oscillation modes of neutron stars. The procedure is tested in a simplified scenario, with an analytical solution, that can be used to test the performance and the accuracy of the method. We show that it is possible to get accurate results of both the eigenfrequencies and the eigenfunctions with this scheme. The flexibility of the method and its capability of adapting to complex scenarios may serve in the future as a path to include more physics into these systems.",2504.12183v1,astro-ph.HE,2025-04-16 15:39:45+00:00,https://arxiv.org/pdf/2504.12183v1,"""quantum"" AND ""physics-informed neural networks"""
Efficient measurement of neutral-atom qubits with matched filters,"['Robert M. Kent', 'Linipun Phuttitarn', 'Chaithanya Naik Mude', 'Swamit Tannu', 'Mark Saffman', 'Gregory Lafyatis', 'Daniel J. Gauthier']","Quantum computers require high-fidelity measurement of many qubits to achieve a quantum advantage. Traditional approaches suffer from readout crosstalk for a neutral-atom quantum processor with a tightly spaced array. Although classical machine learning algorithms based on convolutional neural networks can improve fidelity, they are computationally expensive, making it difficult to scale them to large qubit counts. We present two simpler and scalable machine learning algorithms that realize matched filters for the readout problem. One is a local model that focuses on a single qubit, and the other uses information from neighboring qubits in the array to prevent crosstalk among the qubits. We demonstrate error reductions of up to 32% and 43% for the site and array models, respectively, compared to a conventional Gaussian threshold approach. Additionally, our array model uses two orders of magnitude fewer trainable parameters and four orders of magnitude fewer multiplications and nonlinear function evaluations than a recent convolutional neural network approach, with only a minor (3.5%) increase in error across different readout times. Another strength of our approach is its physical interpretability: the learned filter can be visualized to provide insights into experimental imperfections. We also show that a convolutional neural network model for improved can be pruned to have 70x and 4000x fewer parameters, respectively, while maintaining similar errors. Our work shows that simple machine learning approaches can achieve high-fidelity qubit measurements while remaining scalable to systems with larger qubit counts.",2504.08170v1,quant-ph,2025-04-10 23:44:46+00:00,https://arxiv.org/pdf/2504.08170v1,"""quantum"" AND ""physics-informed neural networks"""
From short-sighted to far-sighted: A comparative study of recursive machine learning approaches for open quantum systems,['Arif Ullah'],"Accurately modeling open quantum system dynamics is crucial for advancing quantum technologies, yet traditional methods struggle to balance accuracy and efficiency. Machine learning (ML) provides a promising alternative, particularly through recursive models that predict system evolution based on past history. While these models have shown success in predicting single observables, their effectiveness in more complex tasks, such as forecasting the full reduced density matrix (RDM), remains unclear. We extend history-based recursive ML approaches to complex quantum systems, comparing four physics-informed neural network (PINN) architectures: (i) single-RDM-predicting PINN (SR-PINN), (ii) SR-PINN with simulation parameters (PSR-PINN), (iii) multi-RDMs-predicting PINN (MR-PINN), and (iv) MR-PINN with simulation parameters (PMR-PINN). These models are applied to the spin-boson (SB) model and the Fenna-Matthews-Olson (FMO) complex. Our results show that SR-PINN and PSR-PINN, constrained by a narrow history window, fail to capture complex quantum evolution, leading to unstable long-term predictions, especially in nonlinear and highly correlated dynamics. In contrast, MR-PINN and PMR-PINN improve accuracy by extending the forecast horizon, incorporating long-range correlations, and reducing error propagation. Surprisingly, explicitly including simulation parameters such as temperature and reorganization energy in PSR-PINN and PMR-PINN does not consistently enhance accuracy and can even reduce performance, suggesting that these effects are already encoded in the RDM evolution. These findings highlight the limitations of short-sighted recursive forecasting and demonstrate the superior stability and accuracy of far-sighted approaches for long-term predictions.",2504.02218v2,physics.chem-ph,2025-04-03 02:14:47+00:00,https://arxiv.org/pdf/2504.02218v2,"""quantum"" AND ""physics-informed neural networks"""
Closing the detection loophole in the triangle network with high-dimensional photonic states,"['Tamás Kriváchy', 'Martin Kerschbaumer']","Bell nonlocality without input settings, e.g. in the triangle network, has been perceived to be particularly fragile, with low robustness to noise in physical implementations. Here we show to the contrary that nonlocality based on N00N states already for $N=2$ has an exceptionally high robustness to photon loss. For the dominant noise factor, single photon loss in the transmission channels, we can certify noise robustness up to $10\%$ loss, while for a realistic noise model we use neural network-based heuristics to observe $\sim 50\%$ robustness. Moreover we show that the robustness holds even for imperfect sources based on SPDC sources, where the heralding information of the sources can be used to avoid any global post-processing of the outcomes, such as discarding rounds when photons fail to arrive, and thus demonstrate how the detection loophole in the triangle network can be closed.",2503.24213v3,quant-ph,2025-03-31 15:31:34+00:00,https://arxiv.org/pdf/2503.24213v3,"""quantum"" AND ""physics-informed neural networks"""
Adiabatic Fine-Tuning of Neural Quantum States Enables Detection of Phase Transitions in Weight Space,"['Vinicius Hernandes', 'Thomas Spriggs', 'Saqar Khaleefah', 'Eliska Greplova']","Neural quantum states (NQS) have emerged as a powerful tool for approximating quantum wavefunctions using deep learning. While these models achieve remarkable accuracy, understanding how they encode physical information remains an open challenge. In this work, we introduce adiabatic fine-tuning, a scheme that trains NQS across a phase diagram, leading to strongly correlated weight representations across different models. This correlation in weight space enables the detection of phase transitions in quantum systems by analyzing the trained network weights alone. We validate our approach on the transverse field Ising model and the J1-J2 Heisenberg model, demonstrating that phase transitions manifest as distinct structures in weight space. Our results establish a connection between physical phase transitions and the geometry of neural network parameters, opening new directions for the interpretability of machine learning models in physics.",2503.17140v2,quant-ph,2025-03-21 13:42:11+00:00,https://arxiv.org/pdf/2503.17140v2,"""quantum"" AND ""physics-informed neural networks"""
Multi-timescale time encoding for CNN prediction of Fenna-Matthews-Olson energy-transfer dynamics,"['Shun-Cai Zhao', 'Yi-Meng Huang', 'Yi-Fan Yang', 'Zi-Ran Zhao']","Machine learning simulations of open quantum dynamics often rely on recursive predictors that accumulate error. We develop a non-recursive convolutional neural networks (CNNs) that maps system parameters and a redundant time encoding directly to excitation-energy-transfer populations in the Fenna-Matthews-Olson complex. The encoding-modified logistic plus $\tanh$ functions-normalizes time and resolves fast, transitional, and quasi-steady regimes, while physics-informed labels enforce population conservation and inter-site consistency. Trained only on $0\sim 7 ps$ reference trajectories generated with a Lindblad model in QuTiP, the network accurately predicts $0\sim100 ps$ dynamics across a range of reorganization energies, bath rates, and temperatures. Beyond $20 ps$, the absolute relative error remains below 0.05, demonstrating stable long-time extrapolation. By avoiding step-by-step recursion, the method suppresses error accumulation and generalizes across timescales. These results show that redundant time encoding enables data-efficient inference of long-time quantum dissipative dynamics in realistic pigment-protein complexes, and may aid the data-driven design of light-harvesting materials.",2503.17430v4,physics.chem-ph,2025-03-21 12:40:39+00:00,https://arxiv.org/pdf/2503.17430v4,"""quantum"" AND ""physics-informed neural networks"""
Using machine learning to map simulated noisy and laser-limited multidimensional spectra to molecular electronic couplings,"['Jonathan D. Schultz', 'Kelsey A. Parker', 'Bashir Sbaiti', 'David N. Beratan']","Two-dimensional electronic spectroscopy (2DES) has enabled significant discoveries in both biological and synthetic energy-transducing systems. Although deriving chemical information from 2DES is a complex task, machine learning (ML) offers exciting opportunities to translate complicated spectroscopic data into physical insight. Recent studies have found that neural networks (NNs) can map simulated multidimensional spectra to molecular-scale properties with high accuracy. However, simulations often do not capture experimental factors that influence real spectra, including noise and suboptimal pulse resonance conditions, bringing into question the experimental utility of NNs trained on simulated data. Here, we show how factors associated with experimental 2D spectral data influence the ability of NNs to map simulated 2DES spectra onto underlying intermolecular electronic couplings. By systematically introducing multisourced noise into a library of 356000 simulated 2D spectra, we show that noise does not hamper NN performance for spectra exceeding threshold signal-to-noise ratios (SNR) (> 6.6 if background noise dominates vs. > 2.5 for intensity-dependent noise). In stark contrast to human-based analyses of 2DES data, we find that the NN accuracy improves significantly (ca. 84% $\rightarrow$ 96%) when the data are constrained by the bandwidth and center frequency of the pump pulses. This result is consistent with the NN learning the optical trends described by Kasha's theory of molecular excitons. Our findings convey positive prospects for adapting simulation-trained NNs to extract molecular properties from inherently imperfect experimental 2DES data. More broadly, we propose that machine-learned perspectives of nonlinear spectroscopic data may produce unique and, perhaps, counterintuitive guidelines for experimental design.",2503.15706v1,physics.chem-ph,2025-03-19 21:40:00+00:00,https://arxiv.org/pdf/2503.15706v1,"""quantum"" AND ""physics-informed neural networks"""
LArTPC hit-based topology classification with quantum machine learning and symmetry,"['Callum Duffy', 'Marcin Jastrzebski', 'Stefano Vergani', 'Leigh H. Whitehead', 'Ryan Cross', 'Andrew Blake', 'Sarah Malik', 'John Marshall']","We present a new approach to separate track-like and shower-like topologies in liquid argon time projection chamber (LArTPC) experiments for neutrino physics using quantum machine learning. Effective reconstruction of neutrino events in LArTPCs requires accurate and granular information about the energy deposited in the detector. These energy deposits can be viewed as 2-D images. Simulated data from the MicroBooNE experiment and a simple custom dataset are used to perform pixel-level classification of the underlying particle topology. Images of the events have been studied by creating small patches around each pixel to characterise its topology based on its immediate neighbourhood. This classification is achieved using convolution-based learning models, including quantum-enhanced architectures known as quanvolutional neural networks. The quanvolutional networks are extended to symmetries beyond translation. Rotational symmetry has been incorporated into a subset of the models. Quantum-enhanced models perform better than their classical counterparts with a comparable number of parameters but are outperformed by classical models, which contain an order of magnitude more parameters. The inclusion of rotation symmetry appears to benefit only large models and remains to be explored further.",2503.12655v5,physics.ins-det,2025-03-16 21:20:42+00:00,https://arxiv.org/pdf/2503.12655v5,"""quantum"" AND ""physics-informed neural networks"""
Topological mechanical neural networks as classifiers through in situ backpropagation learning,"['Shuaifeng Li', 'Xiaoming Mao']","Recently, a new frontier in computing has emerged with physical neural networks(PNNs) harnessing intrinsic physical processes for learning. Here, we explore topological mechanical neural networks(TMNNs) inspired by the quantum spin Hall effect(QSHE) in topological metamaterials, for machine learning classification tasks. TMNNs utilize pseudospin states and the robustness of the QSHE, making them damage-tolerant for binary classification. We first demonstrate data clustering using untrained TMNNs. Then, for specific tasks, we derive an in situ backpropagation algorithm - a two-step, local-rule method that updates TMNNs using only local information, enabling in situ physical learning. TMNNs achieve high accuracy in classifications of Iris flowers, Penguins, and Seeds while maintaining robustness against bond pruning. Furthermore, we demonstrate parallel classification via frequency-division multiplexing, assigning different tasks to distinct frequencies for enhanced efficiency. Our work introduces in situ backpropagation for wave-based mechanical neural networks and positions TMNNs as promising neuromorphic computing hardware for classification tasks.",2503.07796v1,cond-mat.dis-nn,2025-03-10 19:25:29+00:00,https://arxiv.org/pdf/2503.07796v1,"""quantum"" AND ""physics-informed neural networks"""
Enhanced Hamiltonian Learning Precision with Multi-Stage Neural Networks,"['Zhengjie Kang', 'Hao Li', 'Shuo Wang', 'Jiaojiao Li', 'Yuanjie Zhang', 'Zhihuang Luo']","Learning quantum Hamiltonians with high precision is important for quantum physics and quantum information science. We propose a multi-stage neural network framework that significantly enhances Hamiltonian learning precision through successive network optimization of residual errors. Our approach utilizes time-series data from single-qubit Pauli measurements of random initial states, enabling the estimation of unknown Hamiltonian parameters without prior structural assumptions. We demonstrate the framework on two-qubit systems, achieving orders-of-magnitude improvement in parameter accuracy, and further extend the method to larger systems by integrating dynamical decoupling techniques. Additionally, the protocol exhibits robustness against experimental noise. This work bridges the gap between scalable Hamiltonian learning and high-precision requirements, offering a practical tool for precise quantum control and metrology.",2503.07356v1,quant-ph,2025-03-10 14:10:59+00:00,https://arxiv.org/pdf/2503.07356v1,"""quantum"" AND ""physics-informed neural networks"""
Seismic inversion using hybrid quantum neural networks,"['Divakar Vashisth', 'Rohan Sharma', 'Tejas Ganesh Iyer', 'Tapan Mukerji', 'Mrinal K. Sen']","Seismic inversion-including post-stack, pre-stack, and full waveform inversion is compute and memory-intensive. Recently, several approaches, including physics-informed machine learning, have been developed to address some of these limitations. Motivated by the potential of quantum computing, we report on our attempt to map one such classical physics-informed algorithm to a quantum framework. The primary goal is to investigate the technical challenges of this mapping, given that quantum algorithms rely on computing principles fundamentally different from those in classical computing. Quantum computers operate using qubits, which exploit superposition and entanglement, offering the potential to solve classically intractable problems. While current quantum hardware is limited, hybrid quantum-classical algorithms-particularly in quantum machine learning (QML)-demonstrate potential for near-term applications and can be readily simulated. We apply QML to subsurface imaging through the development of a hybrid quantum physics-informed neural network (HQ-PINN) for post-stack and pre-stack seismic inversion. The HQ-PINN architecture adopts an encoder-decoder structure: a hybrid quantum neural network encoder estimates P- and S-impedances from seismic data, while the decoder reconstructs seismic responses using geophysical relationships. Training is guided by minimizing the misfit between the input and reconstructed seismic traces. We systematically assess the impact of quantum layer design, differentiation strategies, and simulator backends on inversion performance. We demonstrate the efficacy of our approach through the inversion of both synthetic and the Sleipner field datasets. The HQ-PINN framework consistently yields accurate results, showcasing quantum computing's promise for geosciences and paving the way for future quantum-enhanced geophysical workflows.",2503.05009v2,quant-ph,2025-03-06 22:21:45+00:00,https://arxiv.org/pdf/2503.05009v2,"""quantum"" AND ""physics-informed neural networks"""
Hybrid Quantum Physics-informed Neural Network: Towards Efficient Learning of High-speed Flows,"['Fong Yew Leong', 'Wei-Bin Ewe', 'Tran Si Bui Quang', 'Zhongyuan Zhang', 'Jun Yong Khoo']","This study benchmarks hybrid quantum physics-informed neural network (HQPINN) to model high-speed flows, compared against classical physics-informed neural networks (PINNs) and fully quantum neural networks (QNNs). The HQPINN architecture integrates a parameterized quantum circuit (PQC) with a classical neural network in parallel, trained via a physics-informed loss. Across harmonic, non-harmonic, and transonic benchmarks, HQPINNs demonstrate balanced performance, offering competitive accuracy and stability with reduced parameter cost. Quantum PINNs are highly efficient for harmonic problems achieving the lowest loss with minimal parameters due to their Fourier structure, but struggle to generalize in non-harmonic settings involving shocks and discontinuities. HQPINNs mitigate such artifacts, and with sufficient parameterization, can match the performance of classical models in more complex regimes. Although constrained by current quantum emulation costs and scalability, HQPINNs show promise as general-purpose solvers, offering parameter efficiency with robust fallback behavior, particularly suited for problems where the nature of the solution is not known a-priori.",2503.02202v2,physics.comp-ph,2025-03-04 02:32:31+00:00,https://arxiv.org/pdf/2503.02202v2,"""quantum"" AND ""physics-informed neural networks"""
Efficient optimization of neural network backflow for ab-initio quantum chemistry,"['An-Jun Liu', 'Bryan K. Clark']","The ground state of second-quantized quantum chemistry Hamiltonians is key to determining molecular properties. Neural quantum states (NQS) offer flexible and expressive wavefunction ansatze for this task but face two main challenges: highly peaked ground-state wavefunctions hinder efficient sampling, and local energy evaluations scale quartically with system size, incurring significant computational costs. In this work, we overcome these challenges by introducing a suite of algorithmic enhancements, which includes efficient periodic compact subspace construction, truncated local energy evaluations, improved stochastic sampling, and physics-informed modifications.
  Applying these techniques to the neural network backflow (NNBF) ansatz, we demonstrate significant gains in both accuracy and scalability. Our enhanced method surpasses traditional quantum chemistry methods like CCSD and CCSD(T), outperforms other NQS approaches, and achieves competitive energies with state-of-the-art ab initio techniques such as HCI, ASCI, FCIQMC, and DMRG. A series of ablation and comparative studies quantifies the contribution of each enhancement to the observed improvements in accuracy and efficiency. Furthermore, we investigate the representational capacity of the ansatz, finding that its performance correlates with the inverse participation ratio (IPR), with more delocalized states being more challenging to approximate.",2502.18843v2,physics.chem-ph,2025-02-26 05:31:08+00:00,https://arxiv.org/pdf/2502.18843v2,"""quantum"" AND ""physics-informed neural networks"""
Percolation thresholds and connectivity in quantum networks,"['Andrea De Girolamo', 'Giuseppe Magnifico', 'Cosmo Lupo']","We study entanglement percolation in qubit-based planar quantum network models of arbitrary topology, where neighboring nodes are initially connected by pure states with quenched disorder in their entanglement. To address this, we develop a physics-informed heuristic algorithm designed to find a sequence of entanglement swapping and distillation operations to connect any pair of distant nodes. The algorithm combines locally optimal percolation strategies between nodes at a maximum distance of one swapping operation. If this fails to produce a maximally entangled state, it looks for alternative paths surrounding intermediate states within the process. We analytically find and numerically verify thresholds in quantum percolation, which depend on the initial network configuration and entanglement, and are associated with specific percolation strategies. We classify these strategies based on the connectivity, a quantity that relates the entanglement in the final state and the level of integrity of the network at the end of the process. We find distinct regimes of quantum percolation, which are clearly separated by the percolation thresholds of the employed strategies and vastly vary according to the network topology.",2502.17191v2,quant-ph,2025-02-24 14:26:09+00:00,https://arxiv.org/pdf/2502.17191v2,"""quantum"" AND ""physics-informed neural networks"""
Machine learning meets $\mathfrak{su}(n)$ Lie algebra: Enhancing quantum dynamics learning with exact trace conservation,"['Arif Ullah', 'Jeremy O. Richardson']","Machine learning (ML) has emerged as a promising tool for simulating quantum dissipative dynamics. However, existing methods often struggle to enforce key physical constraints, such as trace conservation, when modeling reduced density matrices (RDMs). While Physics-Informed Neural Networks (PINN) aim to address these challenges, they frequently fail to achieve full physical consistency. In this work, we introduce a novel approach that leverages the $\mathfrak{su}(n)$ Lie algebra to represent RDMs as a combination of an identity matrix and $n^2 - 1$ Hermitian, traceless, and orthogonal basis operators,where $n$ is the system's dimension. By learning only the coefficients associated with this basis, our framework inherently ensures exact trace conservation, as the traceless nature of the basis restricts the trace contribution solely to the identity matrix. This eliminates the need for explicit trace-preserving penalty terms in the loss function, simplifying optimization and improving learning efficiency. We validate our approach on two benchmark quantum systems: the spin-boson model and the Fenna-Matthews-Olson complex. By comparing the performance of four neural network (NN) architectures -- Purely Data-driven Physics-Uninformed Neural Networks (PUNN), $\mathfrak{su}(n)$ Lie algebra-based PUNN ($\mathfrak{su}(n)$-PUNN), traditional PINN, and $\mathfrak{su}(n)$ Lie algebra-based PINN ($\mathfrak{su}(n)$-PINN) -- we highlight the limitations of conventional methods and demonstrate the superior accuracy, robustness, and efficiency of our approach in learning quantum dissipative dynamics.",2502.15141v2,physics.chem-ph,2025-02-21 01:52:09+00:00,https://arxiv.org/pdf/2502.15141v2,"""quantum"" AND ""physics-informed neural networks"""
Quantum decision trees with information entropy,"['Zhelun Li', 'Koji Terashi']","We present a classification algorithm for quantum states, inspired by decision-tree methods. To adapt the decision-tree framework to the probabilistic nature of quantum measurements, we utilize conditional probabilities to compute information gain, thereby optimizing the measurement scheme. For each measurement shot on an unknown quantum state, the algorithm selects the observable with the highest expected information gain, continuing until convergence. We demonstrate using the simulations that this algorithm effectively identifies quantum states sampled from the Haar random distribution. However, despite not relying on circuit-based quantum neural networks, the algorithm still encounters challenges akin to the barren plateau problem. In the leading order, we show that the information gain is proportional to the variance of the observable's expectation values over candidate states. As the system size increases, this variance, and consequently the information gain, are exponentially suppressed, which poses significant challenges for classifying general Haar-random quantum states. Finally, we apply the quantum decision tree to classify the ground states of various Hamiltonians using physically-motivated observables. On both simulators and quantum computers, the quantum decision tree yields better performances when compared to methods that are not information-optimized. This indicates that the measurement of physically-motivated observables can significantly improve the classification performance, guiding towards the future direction of this approach.",2502.11412v3,quant-ph,2025-02-17 03:51:40+00:00,https://arxiv.org/pdf/2502.11412v3,"""quantum"" AND ""physics-informed neural networks"""
Deep learning-based holography for T-linear resistivity,"['Byoungjoon Ahn', 'Hyun-Sik Jeong', 'Chang-Woo Ji', 'Keun-Young Kim', 'Kwan Yun']","We employ deep learning within holographic duality to investigate $T$-linear resistivity, a hallmark of strange metals. Utilizing Physics-Informed Neural Networks, we incorporate boundary data for $T$-linear resistivity and bulk differential equations into a loss function. This approach allows us to derive dilaton potentials in Einstein-Maxwell-Dilaton-Axion theories, capturing essential features of strange metals, such as $T$-linear resistivity and linear specific heat scaling. We also explore the impact of the resistivity slope on dilaton potentials. Regardless of slope, dilaton potentials exhibit universal exponential growth at low temperatures, driving $T$-linear resistivity and matching infrared geometric analyses. At a specific slope, our method rediscovers the Gubser-Rocha model, a well-known holographic model of strange metals. Additionally, the robustness of $T$-linear resistivity at higher temperatures correlates with the asymptotic AdS behavior of the dilaton coupling to the Maxwell term. Our findings suggest that deep learning could help uncover mechanisms in holographic condensed matter systems and advance our understanding of strange metals.",2502.10245v1,hep-th,2025-02-14 15:55:26+00:00,https://arxiv.org/pdf/2502.10245v1,"""quantum"" AND ""physics-informed neural networks"""
Predictive Modeling of Classical and Quantum Mechanics Using Machine Learning: A Case Study with TensorFlow,['Enis Yazici'],"In this paper, we present several machine learning approaches for predicting the behavior of both classical and quantum systems. For the classical domain, we model a pendulum subject to multiple forces using both a standard artificial neural network (ANN) and a physics-informed neural network (PINN). For the quantum domain, we predict the ground state energy of a quantum anharmonic oscillator from discretized potential data using an ANN with convolutional layers (CNN), a long short-term memory (LSTM) network, and a PINN that incorporates the Schrödinger equation. Detailed training outputs and comparisons are provided.",2502.05621v1,quant-ph,2025-02-08 16:02:03+00:00,https://arxiv.org/pdf/2502.05621v1,"""quantum"" AND ""physics-informed neural networks"""
Expedited Noise Spectroscopy of Transmon Qubits,"['Bhavesh Gupta', 'Vismay Joshi', 'Udit Kandpal', 'Prabha Mandayam', 'Nicolas Gheeraert', 'Siddharth Dhomkar']","There has been tremendous progress in the physical realization of quantum computing hardware in recent times, bringing us closer than ever before to realizing the promise of quantum computing. However, noise continues to pose a crucial challenge when it comes to scaling up present day quantum processors. While decoherence limits the qubits ability to store information for long periods in the presence of uncontrollable noise sources, the erroneous implementation of control methods for state preparation and measurements leads to faulty implementations of quantum circuits. Conventional noise spectroscopy protocols can characterize and model environmental noise but are usually resource intensive and lengthy. Moreover, the underlying noise can vary in nature over time, making noise profile extraction futile as this new information cannot be harnessed to improve quantum error correction or dynamical decoupling protocols. In this work, we address this challenge using a machine learning-based methodology to quickly extract noise spectra of multiple qubits and demonstrate a possible noise mitigation strategy. The procedure involves implementing undemanding dynamical decoupling sequences to record coherence decays of the investigated qubits and then predict the underlying noise spectra with the help of a convolution neural network pre-trained on a synthetic dataset. While our protocol is virtually hardware-agnostic, we validate its effectiveness using superconducting qubits available on the IBM Quantum platform. We further use these rapidly obtained, yet accurate, noise spectra to design bespoke dynamic decoupling sequences and perform time-dependent noise spectroscopy.",2502.00679v2,quant-ph,2025-02-02 05:52:45+00:00,https://arxiv.org/pdf/2502.00679v2,"""quantum"" AND ""physics-informed neural networks"""
Exploring the Nexus of Many-Body Theories through Neural Network Techniques: the Tangent Model,"['Senwei Liang', 'Karol Kowalski', 'Chao Yang', 'Nicholas P. Bauman']","In this paper, we present a physically informed neural network representation of the effective interactions associated with coupled-cluster downfolding models to describe chemical systems and processes. The neural network representation not only allows us to evaluate the effective interactions efficiently for various geometrical configurations of chemical systems corresponding to various levels of complexity of the underlying wave functions, but also reveals that the bare and effective interactions are related by a tangent function of some latent variables. We refer to this characterization of the effective interaction as a tangent model. We discuss the connection between this tangent model for the effective interaction with the previously developed theoretical analysis that examines the difference between the bare and effective Hamiltonians in the corresponding active spaces.",2501.15792v1,quant-ph,2025-01-27 05:36:55+00:00,https://arxiv.org/pdf/2501.15792v1,"""quantum"" AND ""physics-informed neural networks"""
Physics-informed Transformers for Electronic Quantum States,"['João Augusto Sobral', 'Michael Perle', 'Mathias S. Scheurer']","Neural-network-based variational quantum states in general, and more recently autoregressive models in particular, have proven to be powerful tools to describe complex many-body wave functions. However, their performance crucially depends on the computational basis chosen and they often lack physical interpretability. To mitigate these issues, we here propose a modified variational Monte-Carlo framework which leverages prior physical information to construct a computational second-quantized basis containing a reference state that serves as a rough approximation to the true ground state. In this basis, a Transformer is used to parametrize and autoregressively sample the corrections to the reference state, giving rise to a more interpretable and computationally efficient representation of the ground state. We demonstrate this approach using a non-sparse fermionic model featuring a metal-insulator transition and employing Hartree-Fock and a strong-coupling limit to define physics-informed bases. We also show that the Transformer's hidden representation captures the natural energetic order of the different basis states. This work paves the way for more efficient and interpretable neural quantum-state representations.",2412.12248v1,cond-mat.str-el,2024-12-16 19:00:00+00:00,https://arxiv.org/pdf/2412.12248v1,"""quantum"" AND ""physics-informed neural networks"""
Using optimal control to guide neural-network interpolation of continuously-parameterized gates,"['Bikrant Bhattacharyya', 'Fredy An', 'Dominik Kozbiel', 'Andy J. Goldschmidt', 'Frederic T. Chong']","Control synthesis for continuously-parameterized families of quantum gates can enable critical advantages for mid-sized quantum computing applications in advance of fault-tolerance. We combine quantum optimal control with physics-informed machine learning to efficiently synthesize control surfaces that interpolate among continuously-parameterized gate families. Using optimal control as an active learning strategy to guide pretraining, we bootstrap a physics-informed neural network to achieve rapid convergence to nonlinear control surfaces sufficient for our desired gates. We find our approach is critical for enabling an expressiveness beyond linear interpolation, which is important in cases of hard quantum control. We show in simulation that by adapting our pretraining to use a few reference pulse calibrations, we can apply transfer learning to quickly calibrate our learned control surfaces when devices fluctuate over time.
  We demonstrate synthesis for one and two qubit gates with one or two parameters, focusing on gate families for variational quantum algorithm (VQA) ansatz. By avoiding the inefficient decomposition of VQA ansatz into basis gate sets, continuous gate families are a potential method to improve the noise robustness of VQAs in the near term. Our framework shows how accessible optimal control tools can be combined with simple machine learning to enable practitioners to achieve 3x speedups for their algorithms by going beyond the standard gate sets.",2412.06623v1,quant-ph,2024-12-09 16:16:18+00:00,https://arxiv.org/pdf/2412.06623v1,"""quantum"" AND ""physics-informed neural networks"""
Physics-informed neural network model for quantum impurity problems based on Lehmann representation,"['Fumiya Kakizawa', 'Satoshi Terasaki', 'Hiroshi Shinaoka']","We propose a physics-informed neural network (PINN) model to efficiently predict the self-energy of Anderson impurity models (AIMs) based on the Lehmann representation. As an example, we apply the PINN model to a single-orbital AIM (SAIM) for a noninteracting electron bath with a semicircular density of states. Trained across a wide range of onsite Coulomb interactions $U$ and hybridization strengths $V$, the PINN model demonstrates high accuracy in both $U$-$V$ and Matsubara-frequency spaces. Additionally, we investigate the effectiveness of physical constraints implemented in the PINN model. For example, We show that the Lehmann representation allows the PINN model to reduce the maximum test error in an electron filling by a factor of approximately 7.8.",2411.18835v1,cond-mat.str-el,2024-11-28 00:52:22+00:00,https://arxiv.org/pdf/2411.18835v1,"""quantum"" AND ""physics-informed neural networks"""
Advancing Hybrid Quantum Neural Network for Alternative Current Optimal Power Flow,"['Ze Hu', 'Ziqing Zhu', 'Linghua Zhu', 'Xiang Wei', 'Siqi Bu', 'Ka Wing Chan']","Alternative Current Optimal Power Flow (AC-OPF) is essential for efficient power system planning and real-time operation but remains an NP-hard and non-convex optimization problem with significant computational challenges. This paper proposes a novel hybrid classical-quantum deep learning framework for AC-OPF problem, integrating parameterized quantum circuits (PQCs) for feature extraction with classical deep learning for data encoding and decoding. The proposed framework integrates two types of residual connection structures to mitigate the ``barren plateau"" problem in quantum circuits, enhancing training stability and convergence. Furthermore, a physics-informed neural network (PINN) module is incorporated to guarantee tolerable constraint violation, improving the physical consistency and reliability of AC-OPF solutions. Experimental evaluations on multiple IEEE test systems demonstrate that the proposed approach achieves superior accuracy, generalization, and robustness to quantum noise while requiring minimal quantum resources.",2410.20275v4,eess.SY,2024-10-26 21:05:54+00:00,https://arxiv.org/pdf/2410.20275v4,"""quantum"" AND ""physics-informed neural networks"""
Discovery of Quasi-Integrable Equations from traveling-wave data using the Physics-Informed Neural Networks,"['A. Nakamula', 'K. Obuse', 'N. Sawado', 'K. Shimasaki', 'Y. Shimazaki', 'Y. Suzuki', 'K. Toda']","Physics-Informed Neural Networks (PINNs) have emerged as a powerful tool for analyzing nonlinear partial differential equations and identifying governing equations from observational data. In this study, we apply PINNs to investigate vortex-type solutions of quasi-integrable equations in two spatial dimensions, specifically the Zakharov-Kuznetsov (ZK) and the Regularized Long-Wave (RLW) equations. These equations are toy models for geostrophic shallow water dynamics in planetary atmospheres. We first demonstrate that PINNs can successfully solve these equations in the forward process using a mesh-free approach with automatic differentiation. However, in the inverse process, substantial misidentification occurs due to the structural similarities between the ZK and the RLW equations. To address this issue, we then introduce conservation law-enhanced PINNs, initial condition variations, and a friction-based perturbation approach to improve identification accuracy. Our results show that incorporating small perturbations while preserving conservation laws significantly enhances the resolution of equation identification. These findings may contribute to the broader goal of using deep learning techniques for discovering governing equations in complex fluid dynamical systems, such as Jupiter's Great Red Spot.",2410.19014v5,physics.flu-dyn,2024-10-23 08:29:13+00:00,https://arxiv.org/pdf/2410.19014v5,"""quantum"" AND ""physics-informed neural networks"""
First Photon Machine Learning,"['Lili Li', 'Santosh Kumar', 'Malvika Garikapati', 'Yu-Ping Huang']","Quantum techniques are expected to revolutionize how information is acquired, exchanged, and processed. Yet it has been a challenge to realize and measure their values in practical settings. We present first photon machine learning as a new paradigm of neural networks and establish the first unambiguous advantage of quantum effects for artificial intelligence. By extending the physics behind the double-slit experiment for quantum particles to a many-slit version, our experiment finds that a single photon can perform image recognition at around $30\%$ fidelity, which beats by a large margin the theoretical limit of what a similar classical system can possibly achieve (about 24\%). In this experiment, the entire neural network is implemented in sub-attojoule optics and the equivalent per-calculation energy cost is below $10^{-24}$ joule, highlighting the prospects of quantum optical machine learning for unparalleled advantages in speed, capacity, and energy efficiency.",2410.17471v1,quant-ph,2024-10-22 23:04:55+00:00,https://arxiv.org/pdf/2410.17471v1,"""quantum"" AND ""physics-informed neural networks"""
Quantum resources of quantum and classical variational methods,"['Thomas Spriggs', 'Arash Ahmadi', 'Bokai Chen', 'Eliska Greplova']","Variational techniques have long been at the heart of atomic, solid-state, and many-body physics. They have recently extended to quantum and classical machine learning, providing a basis for representing quantum states via neural networks. These methods generally aim to minimize the energy of a given ansätz, though open questions remain about the expressivity of quantum and classical variational ansätze. The connection between variational techniques and quantum computing, through variational quantum algorithms, offers opportunities to explore the quantum complexity of classical methods. We demonstrate how the concept of non-stabilizerness, or magic, can create a bridge between quantum information and variational techniques and we show that energy accuracy is a necessary but not always sufficient condition for accuracy in non-stabilizerness. Through systematic benchmarking of neural network quantum states, matrix product states, and variational quantum methods, we show that while classical techniques are more accurate in non-stabilizerness, not accounting for the symmetries of the system can have a severe impact on this accuracy. Our findings form a basis for a universal expressivity characterization of both quantum and classical variational methods.",2409.13008v2,quant-ph,2024-09-19 18:00:00+00:00,https://arxiv.org/pdf/2409.13008v2,"""quantum"" AND ""physics-informed neural networks"""
Memory-Augmented Hybrid Quantum Reservoir Computing,"['J. Settino', 'L. Salatino', 'L. Mariani', 'M. Channab', 'L. Bozzolo', 'S. Vallisa', 'P. Barillà', 'A. Policicchio', 'N. Lo Gullo', 'A. Giordano', 'C. Mastroianni', 'F. Plastina']","Reservoir computing (RC) is an effective method for predicting chaotic systems by using a high-dimensional dynamic reservoir with fixed internal weights, while keeping the learning phase linear, which simplifies training and reduces computational complexity compared to fully trained recurrent neural networks (RNNs). Quantum reservoir computing (QRC) uses the exponential growth of Hilbert spaces in quantum systems, allowing for greater information processing, memory capacity, and computational power. However, the original QRC proposal requires coherent injection of inputs multiple times, complicating practical implementation. We present a hybrid quantum-classical approach that implements memory through classical post-processing of quantum measurements. This approach avoids the need for multiple coherent input injections and is evaluated on benchmark tasks, including the chaotic Mackey-Glass time series prediction. We tested our model on two physical platforms: a fully connected Ising model and a Rydberg atom array. The optimized model demonstrates promising predictive capabilities, achieving a higher number of steps compared to previously reported approaches.",2409.09886v2,quant-ph,2024-09-15 22:44:09+00:00,https://arxiv.org/pdf/2409.09886v2,"""quantum"" AND ""physics-informed neural networks"""
Classifying Multipartite Continuous Variable Entanglement Structures through Data-augmented Neural Networks,"['Xiaoting Gao', 'Mingsheng Tian', 'Feng-Xiao Sun', 'Ya-Dong Wu', 'Yu Xiang', 'Qiongyi He']","Neural networks have emerged as a promising paradigm for quantum information processing, yet they confront the challenge of generating training datasets with sufficient size and rich diversity, which is particularly acute when dealing with multipartite quantum systems. For instance, in the task of classifying different structures of multipartite entanglement in continuous variable systems, it is necessary to simulate a large number of infinite-dimension state data that can cover as many types of non-Gaussian states as possible. Here, we develop a data-augmented neural network to complete this task with homodyne measurement data. A quantum data augmentation method based on classical data processing techniques and quantum physical principles is proposed to efficiently enhance the network performance. By testing on randomly generated tripartite and quadripartite states, we demonstrate that the network can indicate the entanglement structure among the various partitions and the accuracies are significantly improved with data augmentation. Our approach allows us to further extend the use of data-driven machine learning techniques to more complex tasks of learning quantum systems encoded in a large Hilbert space.",2409.07909v2,quant-ph,2024-09-12 10:25:37+00:00,https://arxiv.org/pdf/2409.07909v2,"""quantum"" AND ""physics-informed neural networks"""
Data-driven 2D stationary quantum droplets and wave propagations in the amended GP equation with two potentials via deep neural networks learning,"['Jin Song', 'Zhenya Yan']","In this paper, we develop a systematic deep learning approach to solve two-dimensional (2D) stationary quantum droplets (QDs) and investigate their wave propagation in the 2D amended Gross-Pitaevskii equation with Lee-Huang-Yang correction and two kinds of potentials. Firstly, we use the initial-value iterative neural network (IINN) algorithm for 2D stationary quantum droplets of stationary equations. Then the learned stationary QDs are used as the initial value conditions for physics-informed neural networks (PINNs) to explore their evolutions in the some space-time region. Especially, we consider two types of potentials, one is the 2D quadruple-well Gaussian potential and the other is the PT-symmetric HO-Gaussian potential, which lead to spontaneous symmetry breaking and the generation of multi-component QDs. The used deep learning method can also be applied to study wave propagations of other nonlinear physical models.",2409.02339v1,cs.LG,2024-09-04 00:01:15+00:00,https://arxiv.org/pdf/2409.02339v1,"""quantum"" AND ""physics-informed neural networks"""
AQ-PINNs: Attention-Enhanced Quantum Physics-Informed Neural Networks for Carbon-Efficient Climate Modeling,"['Siddhant Dutta', 'Nouhaila Innan', 'Sadok Ben Yahia', 'Muhammad Shafique']","The growing computational demands of artificial intelligence (AI) in addressing climate change raise significant concerns about inefficiencies and environmental impact, as highlighted by the Jevons paradox. We propose an attention-enhanced quantum physics-informed neural networks model (AQ-PINNs) to tackle these challenges. This approach integrates quantum computing techniques into physics-informed neural networks (PINNs) for climate modeling, aiming to enhance predictive accuracy in fluid dynamics governed by the Navier-Stokes equations while reducing the computational burden and carbon footprint. By harnessing variational quantum multi-head self-attention mechanisms, our AQ-PINNs achieve a 51.51% reduction in model parameters compared to classical multi-head self-attention methods while maintaining comparable convergence and loss. It also employs quantum tensor networks to enhance representational capacity, which can lead to more efficient gradient computations and reduced susceptibility to barren plateaus. Our AQ-PINNs represent a crucial step towards more sustainable and effective climate modeling solutions.",2409.01626v1,quant-ph,2024-09-03 05:52:04+00:00,https://arxiv.org/pdf/2409.01626v1,"""quantum"" AND ""physics-informed neural networks"""
Brain functions emerge as thermal equilibrium states of the connectome,"['Elkaïoum M. Moutuou', 'Habib Benali']","A fundamental idea in neuroscience is that cognitive functions -- such as perception, learning, memory, and locomotion -- are shaped and constrained by the brain's structural organization. Despite significant progress in mapping and analyzing structural connectomes, the principles linking the brain's physical architecture to its functional capabilities remain elusive. Here, we introduce an algebraic quantum model to bridge this theoretical gap, offering new insights into the relationship between the connectome and emergent brain functions, while connecting structural data to functional predictions. Using the well-mapped C. elegans anatomical and extrasynaptic connectomes, we demonstrate that brain functions, defined as functional networks of a neural system, emerge as thermal equilibrium states of an algebraic quantum system derived from the graph algebra of the underlying directed multigraph. Specifically, these equilibrium states, characterized by the Kubo-Martin-Schwinger (KMS) formalism, reveal how individual neurons contribute to functional network formation. Our model illuminates the structure-function relationship in neural circuits through two key features: (1) a functional connectome that delineates topologically driven neuronal interactions and (2) an Integration Capacity (IC) index that quantifies how effectively neurons coordinate and modulate diverse information flows. Together, these features provide a statistical and mechanistic account of information flow and reveal how the network topology of the connectome predicts cognition and complex behaviors.",2408.14221v3,q-bio.NC,2024-08-26 12:35:16+00:00,https://arxiv.org/pdf/2408.14221v3,"""quantum"" AND ""physics-informed neural networks"""
Advancing Molecular Machine Learning Representations with Stereoelectronics-Infused Molecular Graphs,"['Daniil A. Boiko', 'Thiago Reschützegger', 'Benjamin Sanchez-Lengeling', 'Samuel M. Blau', 'Gabe Gomes']","Molecular representation is a critical element in our understanding of the physical world and the foundation for modern molecular machine learning. Previous molecular machine learning models have employed strings, fingerprints, global features, and simple molecular graphs that are inherently information-sparse representations. However, as the complexity of prediction tasks increases, the molecular representation needs to encode higher fidelity information. This work introduces a novel approach to infusing quantum-chemical-rich information into molecular graphs via stereoelectronic effects, enhancing expressivity and interpretability. Learning to predict the stereoelectronics-infused representation with a tailored double graph neural network workflow enables its application to any downstream molecular machine learning task without expensive quantum chemical calculations. We show that the explicit addition of stereoelectronic information significantly improves the performance of message-passing 2D machine learning models for molecular property prediction. We show that the learned representations trained on small molecules can accurately extrapolate to much larger molecular structures, yielding chemical insight into orbital interactions for previously intractable systems, such as entire proteins, opening new avenues of molecular design. Finally, we have developed a web application (simg.cheme.cmu.edu) where users can rapidly explore stereoelectronic information for their own molecular systems.",2408.04520v2,cs.LG,2024-08-08 15:21:07+00:00,https://arxiv.org/pdf/2408.04520v2,"""quantum"" AND ""physics-informed neural networks"""
"AI-Driven Physics-Informed Bio-Silicon Intelligence System: Integrating Hybrid Systems, Biocomputing, Neural Networks, and Machine Learning, for Advanced Neurotechnology","['Vincent Jorgsson', 'Raghav Kumar', 'Mustaf Ahmed', 'Maxx Yung', 'Aryaman Pattnayak', 'Sri Pradhyumna Sridhar', 'Vaishnav Varma', 'Arun Ram Ponnambalam', 'Georg Weidlich', 'Dimitris Pinotsis']","We present the Bio-Silicon Intelligence System (BSIS), an innovative hybrid platform that integrates biological neural networks with silicon-based computing. The BSIS, a Physics-Informed Hybrid Hierarchical Reinforcement Learning State Machine, employs carbon nanotube-coated electrodes to interface rat brains with computational systems, enabling high-fidelity neural interfacing and bidirectional communication through self-organizing systems in both biological and silicon forms. Our system leverages both analogue and digital AI theory, incorporating concepts from computational theory, chaos theory, dynamical systems theory, physics, and quantum mechanics. Additionally, the BSIS replicates the neuronal dynamics typical of intelligent brain tissue, employing nonlinear operations underlying learning and information storage. Neural signals are read through the FreeEEG32 board and BrainFlow software, then features are extracted and mapped to game actions by tracking feature changes in continuous data. Metadata is encoded into both analogue and digital brain stimulation signals at the microvolt level using our proprietary software and hardware. The system employs a dual signaling approach for training the rat brain, incorporating a reward solution and sound as well as human-inaudible distress sounds. This paper details the design, theory, functionality, and technical specifications of the BSIS, highlighting its interdisciplinary approach and advanced technological integration.",2407.11939v3,q-bio.NC,2024-07-12 20:21:13+00:00,https://arxiv.org/pdf/2407.11939v3,"""quantum"" AND ""physics-informed neural networks"""
FreeCG: Free the Design Space of Clebsch-Gordan Transform for Machine Learning Force Fields,"['Shihao Shao', 'Haoran Geng', 'Zun Wang', 'Qinghua Cui']","Machine Learning Force Fields (MLFFs) are of great importance for chemistry, physics, materials science, and many other related fields. The Clebsch-Gordan Transform (CG transform) effectively encodes many-body interactions and is thus an important building block for many models of MLFFs. However, the permutation-equivariance requirement of MLFFs limits the design space of CG transform, that is, intensive CG transform has to be conducted for each neighboring edge and the operations should be performed in the same manner for all edges. This constraint results in reduced expressiveness of the model while simultaneously increasing computational demands. To overcome this challenge, we first implement the CG transform layer on the permutation-invariant abstract edges generated from real edge information. We show that this approach allows complete freedom in the design of the layer without compromising the crucial symmetry. Developing on this free design space, we further propose group CG transform with sparse path, abstract edges shuffling, and attention enhancer to form a powerful and efficient CG transform layer. Our method, known as FreeCG, achieves state-of-the-art (SOTA) results in force prediction for MD17, rMD17, MD22, and is well extended to property prediction in QM9 datasets with several improvements greater than 15% and the maximum beyond 20%. The extensive real-world applications showcase high practicality. FreeCG introduces a novel paradigm for carrying out efficient and expressive CG transform in future geometric neural network designs. To demonstrate this, the recent SOTA, QuinNet, is also enhanced under our paradigm. Code will be publicly available.",2407.02263v4,cs.LG,2024-07-02 13:40:29+00:00,https://arxiv.org/pdf/2407.02263v4,"""quantum"" AND ""physics-informed neural networks"""
Physics-informed neural network for quantum control of NMR registers,"['Priya Batra', 'T. S. Mahesh']","Classical and quantum machine learning are being increasingly applied to various tasks in quantum information technologies. Here, we present an experimental demonstration of quantum control using a physics-informed neural network (PINN). PINN's salient feature is how it encodes the entire control sequence in terms of its network parameters. This feature enables the control sequence to be later adopted to any hardware with optimal time discretization, which contrasts with conventional methods involving a priory time discretization. Here, we discuss two important quantum information tasks: gate synthesis and state preparation. First, we demonstrate quantum gate synthesis by designing a two-qubit CNOT gate and experimentally implementing it on a heteronuclear two-spin NMR register. Second, we demonstrate quantum state preparation by designing a control sequence to efficiently transfer the thermal state into the long-lived singlet state and experimentally implement it on a homonuclear two-spin NMR register. We present a detailed numerical analysis of the PINN control sequences regarding bandwidth, discretization levels, control field errors, and external noise.",2407.00444v1,quant-ph,2024-06-29 13:56:31+00:00,https://arxiv.org/pdf/2407.00444v1,"""quantum"" AND ""physics-informed neural networks"""
"Analyzing the effect of higher dimensions on the black hole silhouette, deflection angles, and PINN approximated quasinormal modes","['Nikko John Leo S. Lobos', 'Anele M. Ncube', 'Reggie C. Pantig', 'Alan S. Cornell']","This study investigates the effects of higher dimensions on the observable properties of Schwarzschild-Tangherlini black holes, focusing on the photonsphere, shadow radius, deflection angles, and quasinormal modes (QNMs). By extending classical methods with Physics-Informed Neural Networks (PINNs), the research examines how increasing dimensionality alters these properties, causing shadow size reduction, weaker deflection angles, and shifts in QNM frequencies. The findings suggest that as black holes increase in dimensionality, their gravitational influence diminishes, particularly affecting light deflection and the stability of photon orbits. Through both weak and strong deflection analyses, this study indicates the need for ultrasensitive technology to detect these higher-dimensional signatures. Remarks on the observational data constraints currently favor four-dimensional spacetime; however, the exploration of additional dimensions remains vital in advancing models of quantum gravity. This work provides a theoretical framework for understanding black hole behavior in higher dimensions, potentially informing future astrophysical observations.",2406.08078v3,gr-qc,2024-06-12 10:57:18+00:00,https://arxiv.org/pdf/2406.08078v3,"""quantum"" AND ""physics-informed neural networks"""
Residual neural networks to classify the high frequency emission in core-collapse supernova gravitational waves,"['Manuel D. Morales', 'Javier M. Antelis', 'Claudia Moreno']","We present a new methodology to explore the morphology of the High Frequency Feature (HFF), i.e., the dominant, rising-frequency GW emission from a proto-neutron star in core-collapse supernovae (CCSNe). We used a residual neural network (ResNet50) to perform multi-class classification of image samples constructed from time-frequency Morlet wavelet scalograms. We defined a three-class problem by categorizing the HFF slope as Steep, Moderate, or Low, according to physically informed ranges. The ResNet50 model was optimized with phenomenological waveforms injected into real noise from the LIGO-Virgo O3b observing run and then tested with numerically simulated CCSN waveforms embedded in the same real noise. At galactic distances of 1 kpc and 5 kpc with H1 and L1 data and 1 kpc with V1 data, we obtained highly accurate results (test accuracies from 0.8933 to 0.9867), which show the feasibility of our methodology. For further distances, we observed declines in test accuracy until 0.8000 with H1 and L1 data at 10 kpc and until 0.5933 with V1 data at 10 kpc, which we attribute to limitations in the input datasets. Our methodology is sufficiently general to enable early-stage characterization of the HFF in real interferometric data.",2406.00422v2,astro-ph.HE,2024-06-01 12:40:23+00:00,https://arxiv.org/pdf/2406.00422v2,"""quantum"" AND ""physics-informed neural networks"""
Quantum Active Learning,"['Yongcheng Ding', 'Yue Ban', 'Mikel Sanz', 'José D. Martín-Guerrero', 'Xi Chen']","Quantum machine learning, as an extension of classical machine learning that harnesses quantum mechanics, facilitates effiient learning from data encoded in quantum states. Training a quantum neural network typically demands a substantial labeled training set for supervised learning. Human annotators, often experts, provide labels for samples through additional experiments, adding to the training cost. To mitigate this expense, there is a quest for methods that maintain model performance over fully labeled datasets while requiring fewer labeled samples in practice, thereby extending few-shot learning to the quantum realm. Quantum active learning estimates the uncertainty of quantum data to select the most informative samples from a pool for labeling. Consequently, a QML model is supposed to accumulate maximal knowledge as the training set comprises labeled samples selected via sampling strategies. Notably, the QML models trained within the QAL framework are not restricted to specific types, enabling performance enhancement from the model architecture's perspective towards few-shot learning. Recognizing symmetry as a fundamental concept in physics ubiquitous across various domains, we leverage the symmetry inherent in quantum states induced by the embedding of classical data for model design. We employ an equivariant QNN capable of generalizing from fewer data with geometric priors. We benchmark the performance of QAL on two classification problems, observing both positive and negative results. QAL effectively trains the model, achieving performance comparable to that on fully labeled datasets by labeling less than 7\% of the samples in the pool with unbiased sampling behavior. Furthermore, we elucidate the negative result of QAL being overtaken by random sampling baseline through miscellaneous numerical experiments. (character count limit, see the main text)",2405.18230v1,quant-ph,2024-05-28 14:39:54+00:00,https://arxiv.org/pdf/2405.18230v1,"""quantum"" AND ""physics-informed neural networks"""
Beyond the Buzz: Strategic Paths for Enabling Useful NISQ Applications,"['Pratibha Raghupati Hegde', 'Oleksandr Kyriienko', 'Hermanni Heimonen', 'Panagiotis Tolias', 'Gilbert Netzer', 'Panagiotis Barkoutsos', 'Ricardo Vinuesa', 'Ivy Peng', 'Stefano Markidis']","There is much debate on whether quantum computing on current NISQ devices, consisting of noisy hundred qubits and requiring a non-negligible usage of classical computing as part of the algorithms, has utility and will ever offer advantages for scientific and industrial applications with respect to traditional computing. In this position paper, we argue that while real-world NISQ quantum applications have yet to surpass their classical counterparts, strategic approaches can be used to facilitate advancements in both industrial and scientific applications. We have identified three key strategies to guide NISQ computing towards practical and useful implementations. Firstly, prioritizing the identification of a ""killer app"" is a key point. An application demonstrating the distinctive capabilities of NISQ devices can catalyze broader development. We suggest focusing on applications that are inherently quantum, e.g., pointing towards quantum chemistry and material science as promising domains. These fields hold the potential to exhibit benefits, setting benchmarks for other applications to follow. Secondly, integrating AI and deep-learning methods into NISQ computing is a promising approach. Examples such as quantum Physics-Informed Neural Networks and Differentiable Quantum Circuits (DQC) demonstrate the synergy between quantum computing and AI. Lastly, recognizing the interdisciplinary nature of NISQ computing, we advocate for a co-design approach. Achieving synergy between classical and quantum computing necessitates an effort in co-designing quantum applications, algorithms, and programming environments, and the integration of HPC with quantum hardware. The interoperability of these components is crucial for enabling the full potential of NISQ computing.",2405.14561v1,quant-ph,2024-05-23 13:40:28+00:00,https://arxiv.org/pdf/2405.14561v1,"""quantum"" AND ""physics-informed neural networks"""
Addressing the Non-perturbative Regime of the Quantum Anharmonic Oscillator by Physics-Informed Neural Networks,"['Lorenzo Brevi', 'Antonio Mandarino', 'Enrico Prati']","The use of deep learning in physical sciences has recently boosted the ability of researchers to tackle physical systems where little or no analytical insight is available. Recently, the Physics-Informed Neural Networks (PINNs) have been introduced as one of the most promising tools to solve systems of differential equations guided by some physically grounded constraints. In the quantum realm, such approach paves the way to a novel approach to solve the Schroedinger equation for non-integrable systems. By following an unsupervised learning approach, we apply the PINNs to the anharmonic oscillator in which an interaction term proportional to the fourth power of the position coordinate is present. We compute the eigenenergies and the corresponding eigenfunctions while varying the weight of the quartic interaction. We bridge our solutions to the regime where both the perturbative and the strong coupling theory work, including the pure quartic oscillator. We investigate systems with real and imaginary frequency, laying the foundation for novel numerical methods to tackle problems emerging in quantum field theory.",2405.13442v2,quant-ph,2024-05-22 08:34:52+00:00,https://arxiv.org/pdf/2405.13442v2,"""quantum"" AND ""physics-informed neural networks"""
Deep TOV to characterize Neutron Stars,"['Praveer Tiwari', 'Archana Pai']","Astrophysical observations, theoretical models, and terrestrial experiments probe different regions of neutron star (NS) interior. Therefore, it is essential to consistently combine the information from these sources. This analysis requires multiple evaluations of Tolman Oppenheimer Volkoff equations which can become computationally expensive with a large number of observations. Further, multi-messenger astronomy requires rapid NS characterization via gravitational waves for efficient electromagnetic follow-up. In this work, we develop a novel neural network-based map from the EoS curve to the mass and radius of cold non-rotating NS. We estimate a speed-up of an order of magnitude when compared with the state-of-the-art RePrimAnd solver and an average error of 1e-3 when calculating the mass and radius of the neutron star. Additionally, we also develop neural network solvers for obtaining EoS curves from a physics conforming EoS model, FRZ$χ_{1.5}$. We utilize this efficient continuous map to measure the sensitivity of model parameters of FRZ$χ_{1.5}$ towards mass and radius. We show that 8 out of 18 parameters of this model are sensitive by at least three orders of magnitude higher than the remaining 10 parameters. This information will be useful in further speeding up, as well as probing the crucial parameter space, in the parameter estimation from astrophysical observations using this physics-conforming EoS model.",2405.08163v1,astro-ph.HE,2024-05-13 20:09:34+00:00,https://arxiv.org/pdf/2405.08163v1,"""quantum"" AND ""physics-informed neural networks"""
Hybrid Quantum Graph Neural Network for Molecular Property Prediction,"['Michael Vitz', 'Hamed Mohammadbagherpoor', 'Samarth Sandeep', 'Andrew Vlasic', 'Richard Padbury', 'Anh Pham']","To accelerate the process of materials design, materials science has increasingly used data driven techniques to extract information from collected data. Specially, machine learning (ML) algorithms, which span the ML discipline, have demonstrated ability to predict various properties of materials with the level of accuracy similar to explicit calculation of quantum mechanical theories, but with significantly reduced run time and computational resources. Within ML, graph neural networks have emerged as an important algorithm within the field of machine learning, since they are capable of predicting accurately a wide range of important physical, chemical and electronic properties due to their higher learning ability based on the graph representation of material and molecular descriptors through the aggregation of information embedded within the graph. In parallel with the development of state of the art classical machine learning applications, the fusion of quantum computing and machine learning have created a new paradigm where classical machine learning model can be augmented with quantum layers which are able to encode high dimensional data more efficiently. Leveraging the structure of existing algorithms, we developed a unique and novel gradient free hybrid quantum classical convoluted graph neural network (HyQCGNN) to predict formation energies of perovskite materials. The performance of our hybrid statistical model is competitive with the results obtained purely from a classical convoluted graph neural network, and other classical machine learning algorithms, such as XGBoost. Consequently, our study suggests a new pathway to explore how quantum feature encoding and parametric quantum circuits can yield drastic improvements of complex ML algorithm like graph neural network.",2405.05205v1,quant-ph,2024-05-08 16:43:25+00:00,https://arxiv.org/pdf/2405.05205v1,"""quantum"" AND ""physics-informed neural networks"""
A Hybrid Quantum-Classical Physics-Informed Neural Network Architecture for Solving Quantum Optimal Control Problems,"['Nahid Binandeh Dehaghani', 'A. Pedro Aguiar', 'Rafal Wisniewski']","This paper proposes an integrated quantum-classical approach that merges quantum computational dynamics with classical computing methodologies tailored to address control problems based on Pontryagin's minimum principle within a Physics-Informed Neural Network (PINN) framework. By leveraging a dynamic quantum circuit that combines Gaussian and non-Gaussian gates, the study showcases an innovative approach to optimizing quantum state manipulations. The proposed hybrid model effectively applies machine learning techniques to solve optimal control problems. This is illustrated through the design and implementation of a hybrid PINN network to solve a quantum state transition problem in a two and three-level system, highlighting its potential across various quantum computing applications.",2404.15015v1,quant-ph,2024-04-23 13:22:22+00:00,https://arxiv.org/pdf/2404.15015v1,"""quantum"" AND ""physics-informed neural networks"""
Unsupervised Learning of Individual Kohn-Sham States: Interpretable Representations and Consequences for Downstream Predictions of Many-Body Effects,"['Bowen Hou', 'Jinyuan Wu', 'Diana Y. Qiu']","Representation learning for the electronic structure problem is a major challenge of machine learning in computational condensed matter and materials physics. Within quantum mechanical first principles approaches, Kohn-Sham density functional theory (DFT) is the preeminent tool for understanding electronic structure, and the high-dimensional wavefunctions calculated in this approach serve as the building block for downstream calculations of correlated many-body excitations and related physical observables. Here, we use variational autoencoders (VAE) for the unsupervised learning of high-dimensional DFT wavefunctions and show that these wavefunctions lie in a low-dimensional manifold within the latent space. Our model autonomously determines the optimal representation of the electronic structure, avoiding limitations due to manual feature engineering and selection in prior work. To demonstrate the utility of the latent space representation of the DFT wavefunction, we use it for the supervised training of neural networks (NN) for downstream prediction of the quasiparticle bandstructures within the GW formalism, which includes many-electron correlations beyond DFT. The GW prediction achieves a low error of 0.11 eV for a combined test set of metals and semiconductors drawn from the Computational 2D Materials Database (C2DB), suggesting that latent space representation captures key physical information from the original data. Finally, we explore the interpretability of the VAE representation and show that the successful representation learning and downstream prediction by our model is derived from the smoothness of the VAE latent space, which also enables the generation of wavefunctions on arbitrary points in latent space. Our work provides a novel and general machine-learning framework for investigating electronic structure and many-body physics.",2404.14601v1,cond-mat.mtrl-sci,2024-04-22 21:50:50+00:00,https://arxiv.org/pdf/2404.14601v1,"""quantum"" AND ""physics-informed neural networks"""
Physics-Informed Neural Networks and Beyond: Enforcing Physical Constraints in Quantum Dissipative Dynamics,"['Arif Ullah', 'Yu Huang', 'Ming Yang', 'Pavlo O. Dral']","Neural networks (NNs) accelerate simulations of quantum dissipative dynamics. Ensuring that these simulations adhere to fundamental physical laws is crucial, but has been largely ignored in the state-of-the-art NN approaches. We show that this may lead to implausible results measured by violation of the trace conservation. To recover the correct physical behavior, we develop physics-informed NNs (PINNs) that mitigate the violations to a good extend. Beyond that, we propose a novel uncertainty-aware approach that enforces perfect trace conservation by design, surpassing PINNs.",2404.14021v2,physics.chem-ph,2024-04-22 09:35:48+00:00,https://arxiv.org/pdf/2404.14021v2,"""quantum"" AND ""physics-informed neural networks"""
Synergistic integration of physical embedding and machine learning enabling precise and reliable force field,"['Lifeng Xu', 'Jian Jiang']","The machine learning force field has achieved significant strides in accurately reproducing the potential energy surface with quantum chemical accuracy. However, it still faces significant challenges, e.g., extrapolating to uncharted chemical spaces, interpreting long-range electrostatics, and mapping complex macroscopic properties. To address these issues, we advocate for a synergistic integration of physical principles and machine learning techniques within the framework of a physically informed neural network (PINN). This innovative approach involves the incorporation of physical constraints directly into the parameters of the neural network, coupled with the implementation of a global optimization strategy. We choose the AMOEBA+ force field as the physics-based model for embedding, and then train and test it using the diethylene glycol dimethyl ether (DEGDME) dataset as a case study. The results reveal a significant breakthrough in constructing a precise and noise-robust machine learning force field. Utilizing two training sets with hundreds of samples, our model exhibits remarkable generalization and DFT accuracy in describing molecular interactions and enables a precise prediction of the macroscopic properties such as diffusion coefficient with minimal cost. This work provides a crucial insight into establishing a fundamental framework of PINN.",2404.13368v1,physics.chem-ph,2024-04-20 13:09:11+00:00,https://arxiv.org/pdf/2404.13368v1,"""quantum"" AND ""physics-informed neural networks"""
Quasinormal Modes in Modified Gravity using Physics-Informed Neural Networks,"['Raimon Luna', 'Daniela D. Doneva', 'José A. Font', 'Jr-Hua Lien', 'Stoytcho S. Yazadjiev']","In this paper, we apply a novel approach based on physics-informed neural networks to the computation of quasinormal modes of black hole solutions in modified gravity. In particular, we focus on the case of Einstein-scalar-Gauss-Bonnet theory, with several choices of the coupling function between the scalar field and the Gauss-Bonnet invariant. This type of calculation introduces a number of challenges with respect to the case of General Relativity, mainly due to the extra complexity of the perturbation equations and to the fact that the background solution is known only numerically. The solution of these perturbation equations typically requires sophisticated numerical techniques that are not easy to develop in computational codes. We show that physics-informed neural networks have an accuracy which is comparable to traditional numerical methods in the case of numerical backgrounds, while being very simple to implement. Additionally, the use of GPU parallelization is straightforward thanks to the use of standard machine learning environments.",2404.11583v2,gr-qc,2024-04-17 17:29:03+00:00,https://arxiv.org/pdf/2404.11583v2,"""quantum"" AND ""physics-informed neural networks"""
Gravitational Duals from Equations of State,"['Yago Bea', 'Raul Jimenez', 'David Mateos', 'Shuheng Liu', 'Pavlos Protopapas', 'Pedro Tarancón-Álvarez', 'Pablo Tejerina-Pérez']","Holography relates gravitational theories in five dimensions to four-dimensional quantum field theories in flat space. Under this map, the equation of state of the field theory is encoded in the black hole solutions of the gravitational theory. Solving the five-dimensional Einstein's equations to determine the equation of state is an algorithmic, direct problem. Determining the gravitational theory that gives rise to a prescribed equation of state is a much more challenging, inverse problem. We present a novel approach to solve this problem based on physics-informed neural networks. The resulting algorithm is not only data-driven but also informed by the physics of the Einstein's equations. We successfully apply it to theories with crossovers, first- and second-order phase transitions.",2403.14763v1,hep-th,2024-03-21 18:07:32+00:00,https://arxiv.org/pdf/2403.14763v1,"""quantum"" AND ""physics-informed neural networks"""
Neural Network Analysis of S2-Star Dynamics: Extended mass,"['N. Galikyan', 'Sh. Khlghatyan', 'A. A. Kocharyan', 'V. G. Gurzadyan']","Physics-informed neural network (PINN) analysis of the dynamics of S-stars in the vicinity of the supermassive black hole in the Galactic center is performed within General Relativity treatment. The aim is to reveal the role of possible extended mass (dark matter) configuration in the dynamics of the S-stars, in addition to the dominating central black hole's mass. The PINN training fails to detect the extended mass perturbation in the observational data for S2 star within the existing data accuracy, and the precession constraint indicates no signature of extended mass up to 0.01% of the central mass inside the apocenter of S2. Neural networks analysis thus confirm its efficiency in the analysis of the S-star dynamics.",2403.09748v1,gr-qc,2024-03-14 03:43:21+00:00,https://arxiv.org/pdf/2403.09748v1,"""quantum"" AND ""physics-informed neural networks"""
Reducing the error rate of a superconducting logical qubit using analog readout information,"['Hany Ali', 'Jorge Marques', 'Ophelia Crawford', 'Joonas Majaniemi', 'Marc Serra-Peralta', 'David Byfield', 'Boris Varbanov', 'Barbara M. Terhal', 'Leonardo DiCarlo', 'Earl T. Campbell']","Quantum error correction enables the preservation of logical qubits with a lower logical error rate than the physical error rate, with performance depending on the decoding method. Traditional error decoding approaches, relying on the binarization (`hardening') of readout data, often ignore valuable information embedded in the analog (`soft') readout signal. We present experimental results showcasing the advantages of incorporating soft information into the decoding process of a distance-three ($d=3$) bit-flip surface code with transmons. To this end, we use the $3\times3$ data-qubit array to encode each of the $16$ computational states that make up the logical state $\ket{0_{\mathrm{L}}}$, and protect them against bit-flip errors by performing repeated $Z$-basis stabilizer measurements. To infer the logical fidelity for the $\ket{0_{\mathrm{L}}}$ state, we average across the $16$ computational states and employ two decoding strategies: minimum weight perfect matching and a recurrent neural network. Our results show a reduction of up to $6.8\%$ in the extracted logical error rate with the use of soft information. Decoding with soft information is widely applicable, independent of the physical qubit platform, and could reduce the readout duration, further minimizing logical error rates.",2403.00706v2,quant-ph,2024-03-01 17:48:23+00:00,https://arxiv.org/pdf/2403.00706v2,"""quantum"" AND ""physics-informed neural networks"""
Emergence of Accurate Atomic Energies from Machine Learned Noble Gas Potentials,"['Frank Uhlig', 'Samuel Tovey', 'Christian Holm']","The quantum theory of atoms in molecules (QTAIM) gives access to well-defined local atomic energies. Due to their locality, these energies are potentially interesting in fitting atomistic machine learning models as they inform about physically relevant properties. However, computationally, quantum-mechanically accurate local energies are notoriously difficult to obtain for large systems. Here, we show that by employing semi-empirical correlations between different components of the total energy, we can obtain well-defined local energies at a moderate cost. We employ this methodology to investigate energetics in noble liquids or argon, krypton, and their mixture. Instead of using these local energies to fit atomistic models, we show how well these local energies are reproduced by machine-learned models trained on the total energies. The results of our investigation suggest that smaller neural networks, trained only on the total energy of an atomistic system, are more likely to reproduce the underlying local energy partitioning faithfully than larger networks. Furthermore, we demonstrate that networks more capable of this energy decomposition are, in turn, capable of transferring to previously unseen systems. Our results are a step towards understanding how much physics can be learned by neural networks and where this can be applied, particularly how a better understanding of physics aids in the transferability of these neural networks.",2403.00377v1,cond-mat.soft,2024-03-01 09:04:40+00:00,https://arxiv.org/pdf/2403.00377v1,"""quantum"" AND ""physics-informed neural networks"""
Solving the Regge-Wheeler and Teukolsky equations: supervised versus unsupervised physics-informed neural networks,"['Alan S. Cornell', 'Sheldon R. Herbst', 'Anele M. Ncube', 'Hajar Noshad']","To expand on the burgeoning research on physics-informed neural networks (PINNs) and their ability to solve the eigenvalue problems in black hole (BH) perturbation theory, we implement a supervised learning approach to solve the Regge-Wheeler and Teukolsky equations, the equations of gravitational perturbations of Schwarzschild and Kerr BHs, respectively. To date, applications of PINNs using the data-free (unsupervised) learning approach have proven their ability to compute quasinormal mode frequencies of BHs, quantities with physical significance in gravitational wave astronomy. To investigate the potential use of PINNs to compute quasinormal mode overtones higher than the low-lying $n=0$ and $n=1$ modes (with $n$ indexing overtones), the present work has instead applied the supervised approach to simplify computations. Consistent with the universal approximation theory of neural networks, it is found that the PINN algorithm has the intrinsic ability to recover the complex frequencies for various spin sequences (i.e. $s=-2$, $a \in \{0.1, 0.2, 0.3, 0.4\}$, $\ell = 2$, $m \in \{0, 1, 2\}$, $n \in \{0, 1, 2, 3, 4\}$), with approximation errors increasing with the rotation parameter $a$ and overtone number $n$ as a result of the residuals from the training data.",2402.11343v3,gr-qc,2024-02-17 17:35:06+00:00,https://arxiv.org/pdf/2402.11343v3,"""quantum"" AND ""physics-informed neural networks"""
Ab initio simulations of the thermodynamic properties and phase transition of Fermi systems based on fictitious identical particles and physics-informed neural networks,"['Yunuo Xiong', 'Hongwei Xiong']","Fictitious identical particle thermodynamics has emerged as a powerful tool to overcome the fermion sign problem, enabling highly accurate simulations of one thousand fermions in warm dense matter (T. Dornheim et al., J. Phys. Chem. Lett. 15, 1305 (2024)). However, inferring the thermodynamic properties of Fermi systems from a large number of exact numerical simulations of the bosonic sector still poses subtle challenges, especially in the regime of high quantum degeneracy and in the presence of phase transitions. In this work, we demonstrate that physics-informed neural networks (PINNs), trained on data from extensive and sign-problem-free numerical simulations of the bosonic sector, offer a valuable means to infer the thermodynamic properties of Fermi systems. PINNs can play a particularly crucial role in capturing phase transitions. To illustrate the methodology of fictitious identical particles combined with PINNs for simulating the thermodynamics of Fermi systems, we explore its application in realistic scenarios, including ultracold Fermi gases in periodic potentials, and phase transitions of pair condensation formed in the unitary limit in a three-dimensional harmonic trap. For the spatially continuous Fermi-Hubbard model, we efficiently and reliably simulated hundreds of fermions here. For the Fermi gas in the unitary limit, based on the fictitious identical particle combined with PINNs, our approach confirms the universal result of the critical temperature with the increasing of the number of fermions, and is consistent with the experimental observations.",2402.07231v1,cond-mat.quant-gas,2024-02-11 15:46:31+00:00,https://arxiv.org/pdf/2402.07231v1,"""quantum"" AND ""physics-informed neural networks"""
Artificial-intelligence-based surrogate solution of dissipative quantum dynamics: physics-informed reconstruction of the universal propagator,"['Jiaji Zhang', 'Carlos L. Benavides-Riveros', 'Lipeng Chen']","The accurate (or even approximate) solution of the equations that govern the dynamics of dissipative quantum systems remains a challenging task for quantum science. While several algorithms have been designed to solve those equations with different degrees of flexibility, they rely mainly on highly expensive iterative schemes. Most recently, deep neural networks have been used for quantum dynamics but current architectures are highly dependent on the physics of the particular system and usually limited to population dynamics. Here we introduce an artificial-intelligence-based surrogate model that solves dissipative quantum dynamics by parameterizing quantum propagators as Fourier neural operators, which we train using both dataset and physics-informed loss functions. Compared with conventional algorithms, our quantum neural propagator avoids time-consuming iterations and provides a universal super-operator that can be used to evolve any initial quantum state for arbitrarily long times. To illustrate the wide applicability of the approach, we employ our quantum neural propagator to compute population dynamics and time-correlation functions of the Fenna-Matthews-Olson complex.",2402.02788v1,quant-ph,2024-02-05 07:52:04+00:00,https://arxiv.org/pdf/2402.02788v1,"""quantum"" AND ""physics-informed neural networks"""
Quantum natural gradient without monotonicity,"['Toi Sasaki', 'Hideyuki Miyahara']","Natural gradient (NG) is an information-geometric optimization method that plays a crucial role, especially in the estimation of parameters for machine learning models like neural networks. To apply NG to quantum systems, the quantum natural gradient (QNG) was introduced and utilized for noisy intermediate-scale devices. Additionally, a mathematically equivalent approach to QNG, known as the stochastic reconfiguration method, has been implemented to enhance the performance of quantum Monte Carlo methods. It is worth noting that these methods are based on the symmetric logarithmic derivative (SLD) metric, which is one of the monotone metrics. So far, monotonicity has been believed to be a guiding principle to construct a geometry in physics. In this paper, we propose generalized QNG by removing the condition of monotonicity. Initially, we demonstrate that monotonicity is a crucial condition for conventional QNG to be optimal. Subsequently, we provide analytical and numerical evidence showing that non-monotone QNG outperforms conventional QNG based on the SLD metric in terms of convergence speed.",2401.13237v1,quant-ph,2024-01-24 05:54:02+00:00,https://arxiv.org/pdf/2401.13237v1,"""quantum"" AND ""physics-informed neural networks"""
Disentangling quantum neural networks for unified estimation of quantum entropies and distance measures,"['Myeongjin Shin', 'Seungwoo Lee', 'Junseo Lee', 'Mingyu Lee', 'Donghwa Ji', 'Hyeonjun Yeo', 'Kabgyun Jeong']","The estimation of quantum entropies and distance measures, such as von Neumann entropy, Rényi entropy, Tsallis entropy, trace distance, and fidelity-induced distances such as the Bures distance, has been a key area of research in quantum information science. In our study, we introduce the disentangling quantum neural network (DEQNN), designed to efficiently estimate various physical quantities in quantum information. Estimation algorithms for these quantities are generally tied to the size of the Hilbert space of the quantum state to be estimated. Our proposed DEQNN offers a unified dimensionality reduction methodology that can significantly reduce the size of the Hilbert space while preserving the values of diverse physical quantities. We provide an in-depth discussion of the physical scenarios and limitations in which our algorithm is applicable, as well as the learnability of the proposed quantum neural network.",2401.07716v3,quant-ph,2024-01-15 14:33:03+00:00,https://arxiv.org/pdf/2401.07716v3,"""quantum"" AND ""physics-informed neural networks"""
Model-aware reinforcement learning for high-performance Bayesian experimental design in quantum metrology,"['Federico Belliardo', 'Fabio Zoratti', 'Florian Marquardt', 'Vittorio Giovannetti']","Quantum sensors offer control flexibility during estimation by allowing manipulation by the experimenter across various parameters. For each sensing platform, pinpointing the optimal controls to enhance the sensor's precision remains a challenging task. While an analytical solution might be out of reach, machine learning offers a promising avenue for many systems of interest, especially given the capabilities of contemporary hardware. We have introduced a versatile procedure capable of optimizing a wide range of problems in quantum metrology, estimation, and hypothesis testing by combining model-aware reinforcement learning (RL) with Bayesian estimation based on particle filtering. To achieve this, we had to address the challenge of incorporating the many non-differentiable steps of the estimation in the training process, such as measurements and the resampling of the particle filter. Model-aware RL is a gradient-based method, where the derivatives of the sensor's precision are obtained through automatic differentiation (AD) in the simulation of the experiment. Our approach is suitable for optimizing both non-adaptive and adaptive strategies, using neural networks or other agents. We provide an implementation of this technique in the form of a Python library called qsensoropt, alongside several pre-made applications for relevant physical platforms, namely NV centers, photonic circuits, and optical cavities. This library will be released soon on PyPI. Leveraging our method, we've achieved results for many examples that surpass the current state-of-the-art in experimental design. In addition to Bayesian estimation, leveraging model-aware RL, it is also possible to find optimal controls for the minimization of the Cramér-Rao bound, based on Fisher information.",2312.16985v3,quant-ph,2023-12-28 12:04:15+00:00,https://arxiv.org/pdf/2312.16985v3,"""quantum"" AND ""physics-informed neural networks"""
Astrocyte Regulated Neuromorphic Central Pattern Generator Control of Legged Robotic Locomotion,"['Zhuangyu Han', 'Abhronil Sengupta']","Neuromorphic computing systems, where information is transmitted through action potentials in a bio-plausible fashion, is gaining increasing interest due to its promise of low-power event-driven computing. Application of neuromorphic computing in robotic locomotion research have largely focused on Central Pattern Generators (CPGs) for bionics robotic control algorithms - inspired from neural circuits governing the collaboration of the limb muscles in animal movement. Implementation of artificial CPGs on neuromorphic hardware platforms can potentially enable adaptive and energy-efficient edge robotics applications in resource constrained environments. However, underlying rewiring mechanisms in CPG for gait emergence process is not well understood. This work addresses the missing gap in literature pertaining to CPG plasticity and underscores the critical homeostatic functionality of astrocytes - a cellular component in the brain that is believed to play a major role in multiple brain functions. This paper introduces an astrocyte regulated Spiking Neural Network (SNN)-based CPG for learning locomotion gait through Reward-Modulated STDP for quadruped robots, where the astrocytes help build inhibitory connections among the artificial motor neurons in different limbs. The SNN-based CPG is simulated on a multi-object physics simulation platform resulting in the emergence of a trotting gait while running the robot on flat ground. $23.3\times$ computational power savings is observed in comparison to a state-of-the-art reinforcement learning based robot control algorithm. Such a neuroscience-algorithm co-design approach can potentially enable a quantum leap in the functionality of neuromorphic systems incorporating glial cell functionality.",2312.15805v4,cs.NE,2023-12-25 20:33:16+00:00,https://arxiv.org/pdf/2312.15805v4,"""quantum"" AND ""physics-informed neural networks"""
Inverting the Kohn-Sham equations with physics-informed machine learning,"['Vincent Martinetto', 'Karan Shah', 'Attila Cangi', 'Aurora Pribram-Jones']","Electronic structure theory calculations offer an understanding of matter at the quantum level, complementing experimental studies in materials science and chemistry. One of the most widely used methods, density functional theory (DFT), maps a set of real interacting electrons to a set of fictitious non-interacting electrons that share the same probability density. Ensuring that the density remains the same depends on the exchange-correlation (XC) energy and, by a derivative, the XC potential. Inversions provide a method to obtain exact XC potentials from target electronic densities, in hopes of gaining insights into accuracy-boosting approximations. Neural networks provide a new avenue to perform inversions by learning the mapping from density to potential. In this work, we learn this mapping using physics-informed machine learning (PIML) methods, namely physics informed neural networks (PINNs) and Fourier neural operators (FNOs). We demonstrate the capabilities of these two methods on a dataset of one-dimensional atomic and molecular models. The capabilities of each approach are discussed in conjunction with this proof-of-concept presentation. The primary finding of our investigation is that the combination of both approaches has the greatest potential for inverting the Kohn-Sham equations at scale.",2312.15301v1,physics.comp-ph,2023-12-23 17:13:53+00:00,https://arxiv.org/pdf/2312.15301v1,"""quantum"" AND ""physics-informed neural networks"""
Entanglement transition in deep neural quantum states,"['Giacomo Passetti', 'Dante M. Kennes']","Despite the huge theoretical potential of neural quantum states, their use in describing generic, highly-correlated quantum many-body systems still often poses practical difficulties. Customized network architectures are under active investigation to address these issues. For a guided search of suited network architectures a deepened understanding of the link between neural network properties and attributes of the physical system one is trying to describe, is imperative. Drawing inspiration from the field of machine learning, in this work we show how information propagation in deep neural networks impacts the physical entanglement properties of deep neural quantum states. In fact, we link a previously identified information propagation phase transition of a neural network to a similar transition of entanglement in neural quantum states. With this bridge we can identify optimal neural quantum state hyperparameter regimes for representing area as well as volume law entangled states. The former are easily accessed by alternative methods, such as tensor network representations, at least in low physical dimensions, while the latter are challenging to describe generally due to their extensive quantum entanglement. This advance of our understanding of network configurations for accurate quantum state representation helps to develop effective representations to deal with volume-law quantum states, and we apply these findings to describe the ground state (area law state) vs. the excited state (volume law state) properties of the prototypical next-nearest neighbor spin-1/2 Heisenberg model.",2312.11941v1,quant-ph,2023-12-19 08:40:23+00:00,https://arxiv.org/pdf/2312.11941v1,"""quantum"" AND ""physics-informed neural networks"""
Dynamical transition in controllable quantum neural networks with large depth,"['Bingzhi Zhang', 'Junyu Liu', 'Xiao-Chuan Wu', 'Liang Jiang', 'Quntao Zhuang']","Understanding the training dynamics of quantum neural networks is a fundamental task in quantum information science with wide impact in physics, chemistry and machine learning. In this work, we show that the late-time training dynamics of quantum neural networks with a quadratic loss function can be described by the generalized Lotka-Volterra equations, which lead to a transcritical bifurcation transition in the dynamics. When the targeted value of loss function crosses the minimum achievable value from above to below, the dynamics evolve from a frozen-kernel dynamics to a frozen-error dynamics, showing a duality between the quantum neural tangent kernel and the total error. In both regions, the convergence towards the fixed point is exponential, while at the critical point becomes polynomial. We provide a non-perturbative analytical theory to explain the transition via a restricted Haar ensemble at late time, when the output state approaches the steady state. Via mapping the Hessian to an effective Hamiltonian, we also identify a linearly vanishing gap at the transition point. Compared with the linear loss function, we show that a quadratic loss function within the frozen-error dynamics enables a speedup in the training convergence. The theory findings are verified experimentally on IBM quantum devices.",2311.18144v2,quant-ph,2023-11-29 23:14:33+00:00,https://arxiv.org/pdf/2311.18144v2,"""quantum"" AND ""physics-informed neural networks"""
Autoencoder-based analytic continuation method for strongly correlated quantum systems,"['Maksymilian Kliczkowski', 'Lauren Keyes', 'Sayantan Roy', 'Thereza Paiva', 'Mohit Randeria', 'Nandini Trivedi', 'Maciej M. Maska']","The single particle Green's function provides valuable information on the momentum and energy-resolved spectral properties for a strongly correlated system. In large-scale numerical calculations using quantum Monte Carlo (QMC), dynamical mean field theory (DMFT), including cluster-DMFT, one usually obtains the Green's function in imaginary-time $G(τ)$. The process of inverting a Laplace transform to obtain the spectral function $A(ω)$ in real-frequency is an ill-posed problem and forms the core of the analytic continuation problem. In this Letter, we propose to use a completely unsupervised autoencoder-type neural network to solve the analytic continuation problem. We introduce an encoder-decoder approach that, together with only minor physical assumptions, can extract a high-quality frequency response from the imaginary time domain. With a deeply tunable architecture, this method can, in principle, locate sharp features of spectral functions that might normally be lost using already well-established methods, such as maximum entropy (MaxEnt) methods. We demonstrate the strength of the autoencoder approach by applying it to QMC results of $G(τ)$ for a single-band Hubbard model. The proposed method is general and can also be applied to other ill-posed inverse problems.",2311.17920v1,cond-mat.str-el,2023-11-29 18:59:59+00:00,https://arxiv.org/pdf/2311.17920v1,"""quantum"" AND ""physics-informed neural networks"""
Transformer-QEC: Quantum Error Correction Code Decoding with Transferable Transformers,"['Hanrui Wang', 'Pengyu Liu', 'Kevin Shao', 'Dantong Li', 'Jiaqi Gu', 'David Z. Pan', 'Yongshan Ding', 'Song Han']","Quantum computing has the potential to solve problems that are intractable for classical systems, yet the high error rates in contemporary quantum devices often exceed tolerable limits for useful algorithm execution. Quantum Error Correction (QEC) mitigates this by employing redundancy, distributing quantum information across multiple data qubits and utilizing syndrome qubits to monitor their states for errors. The syndromes are subsequently interpreted by a decoding algorithm to identify and correct errors in the data qubits. This task is complex due to the multiplicity of error sources affecting both data and syndrome qubits as well as syndrome extraction operations. Additionally, identical syndromes can emanate from different error sources, necessitating a decoding algorithm that evaluates syndromes collectively. Although machine learning (ML) decoders such as multi-layer perceptrons (MLPs) and convolutional neural networks (CNNs) have been proposed, they often focus on local syndrome regions and require retraining when adjusting for different code distances. We introduce a transformer-based QEC decoder which employs self-attention to achieve a global receptive field across all input syndromes. It incorporates a mixed loss training approach, combining both local physical error and global parity label losses. Moreover, the transformer architecture's inherent adaptability to variable-length inputs allows for efficient transfer learning, enabling the decoder to adapt to varying code distances without retraining.
  Evaluation on six code distances and ten different error configurations demonstrates that our model consistently outperforms non-ML decoders, such as Union Find (UF) and Minimum Weight Perfect Matching (MWPM), and other ML decoders, thereby achieving best logical error rates. Moreover, the transfer learning can save over 10x of training cost.",2311.16082v1,quant-ph,2023-11-27 18:52:25+00:00,https://arxiv.org/pdf/2311.16082v1,"""quantum"" AND ""physics-informed neural networks"""
Quantum Inception Score,"['Akira Sone', 'Akira Tanji', 'Naoki Yamamoto']","Motivated by the great success of classical generative models in machine learning, enthusiastic exploration of their quantum version has recently started. To depart on this journey, it is important to develop a relevant metric to evaluate the quality of quantum generative models; in the classical case, one such example is the (classical) inception score (cIS). In this paper, as a natural extension of cIS, we propose the quantum inception score (qIS) for quantum generators. Importantly, qIS relates the quality to the Holevo information of the quantum channel that classifies a given dataset. In this context, we show several properties of qIS. First, qIS is greater than or equal to the corresponding cIS, which is defined through projection measurements on the system output. Second, the difference between qIS and cIS arises from the presence of quantum coherence, as characterized by the resource theory of asymmetry. Third, when a set of entangled generators is prepared, there exists a classifying process leading to the further enhancement of qIS. Fourth, we harness the quantum fluctuation theorem to characterize the physical limitation of qIS. Finally, we apply qIS to assess the quality of the one-dimensional spin chain model as a quantum generative model, with the quantum convolutional neural network as a quantum classifier, for the phase classification problem in the quantum many-body physics.",2311.12163v4,quant-ph,2023-11-20 20:28:30+00:00,https://arxiv.org/pdf/2311.12163v4,"""quantum"" AND ""physics-informed neural networks"""
Directly observing replica symmetry breaking in a vector quantum-optical spin glass,"['Ronen M. Kroeze', 'Brendan P. Marsh', 'David Atri Schuller', 'Henry S. Hunt', 'Alexander N. Bourzutschky', 'Michael Winer', 'Sarang Gopalakrishnan', 'Jonathan Keeling', 'Benjamin L. Lev']","Spin glasses are quintessential examples of complex matter. Although much about their order remains uncertain, abstract models of them inform, e.g., the classification of combinatorial optimization problems, the magnetic ordering in metals with impurities, and artificial intelligence -- where they form a mathematical basis for neural network computing and brain modeling. We demonstrate the ability of an active quantum gas microscope to realize a spin glass of a novel driven-dissipative and vector form. By microscopically visualizing its glassy spin states, the technique allows us to directly measure replica symmetry breaking and the resulting ultrametric hierarchical structure. Ultrametricity is known to be emergent in models of evolution, protein folding, climate change, and infinite-range equilibrium spin glasses; this work shows it to be directly observable in a physically realized system.",2311.04216v2,quant-ph,2023-11-07 18:59:34+00:00,https://arxiv.org/pdf/2311.04216v2,"""quantum"" AND ""physics-informed neural networks"""
Machine-learning the phase diagram of a strongly-interacting Fermi gas,"['M. Link', 'K. Gao', 'A. Kell', 'M. Breyer', 'D. Eberz', 'B. Rauf', 'M. Köhl']","We determine the phase diagram of strongly correlated fermions in the crossover from Bose-Einstein condensates of molecules (BEC) to Cooper pairs of fermions (BCS) utilizing an artificial neural network. By applying advanced image recognition techniques to the momentum distribution of the fermions, a quantity which has been widely considered as featureless for providing information about the condensed state, we measure the critical temperature and show that it exhibits a maximum on the bosonic side of the crossover. Additionally, we back-analyze the trained neural network and demonstrate that it interprets physically relevant quantities.",2310.16006v1,cond-mat.quant-gas,2023-10-24 17:00:05+00:00,https://arxiv.org/pdf/2310.16006v1,"""quantum"" AND ""physics-informed neural networks"""
Physics informed neural networks learning a two-qubit Hamiltonian,"['Leonardo K. Castelano', 'Iann Cunha', 'Fabricio S. Luiz', 'Marcelo V. de Souza Prado', 'Felipe F. Fanchini']","Machine learning techniques are employed to perform the full characterization of a quantum system. The particular artificial intelligence technique used to learn the Hamiltonian is called physics informed neural network (PINN). The idea behind PINN is the universal approximation theorem, which claims that any function can be approximate by a neural network if it contains enough complexity. Consequently, a neural network can be a solution of a physical model. Moreover, by means of extra data provided by the user, intrinsic physical parameters can be extracted from the approach called inverse-PINN. Here, we apply inverse-PINN with the goal of extracting all the physical parameters that constitutes a two qubit Hamiltonian. We find that this approach is very efficient. To probe the robustness of the inverse-PINN to learn the Hamiltonian of a two-qubit system, we use the IBM quantum computers as experimental platforms to obtain the data that is plugged in the PINN. We found that our method is able to predict the two-qubit parameters with 5% of accuracy on average.",2310.15148v1,quant-ph,2023-10-23 17:52:58+00:00,https://arxiv.org/pdf/2310.15148v1,"""quantum"" AND ""physics-informed neural networks"""
Deep-Learning-Based Radio-Frequency Side-Channel Attack on Quantum Key Distribution,"['Adomas Baliuka', 'Markus Stöcker', 'Michael Auer', 'Peter Freiwang', 'Harald Weinfurter', 'Lukas Knips']","Quantum key distribution (QKD) protocols are proven secure based on fundamental physical laws, however, the proofs consider a well-defined setting and encoding of the sent quantum signals only. Side channels, where the encoded quantum state is correlated with properties of other degrees of freedom of the quantum channel, allow an eavesdropper to obtain information unnoticeably as demonstrated in a number of hacking attacks on the quantum channel. Yet, also classical radiation emitted by the devices may be correlated, leaking information on the potential key, especially when combined with novel data analysis methods.
  We here demonstrate a side-channel attack using a deep convolutional neural network to analyze the recorded classical, radio-frequency electromagnetic emissions. Even at a distance of a few centimeters from the electronics of a QKD sender employing frequently used electronic components we are able to recover virtually all information about the secret key. Yet, as shown here, countermeasures can enable a significant reduction of both the emissions and the amount of secret key information leaked to the attacker. Our analysis methods are independent of the actual device and thus provide a starting point for assessing the presence of classical side channels in QKD devices.",2310.13738v1,quant-ph,2023-10-20 18:00:02+00:00,https://arxiv.org/pdf/2310.13738v1,"""quantum"" AND ""physics-informed neural networks"""
Learning quantum properties from short-range correlations using multi-task networks,"['Ya-Dong Wu', 'Yan Zhu', 'Yuexuan Wang', 'Giulio Chiribella']","Characterizing multipartite quantum systems is crucial for quantum computing and many-body physics. The problem, however, becomes challenging when the system size is large and the properties of interest involve correlations among a large number of particles. Here we introduce a neural network model that can predict various quantum properties of many-body quantum states with constant correlation length, using only measurement data from a small number of neighboring sites. The model is based on the technique of multi-task learning, which we show to offer several advantages over traditional single-task approaches. Through numerical experiments, we show that multi-task learning can be applied to sufficiently regular states to predict global properties, like string order parameters, from the observation of short-range correlations, and to distinguish between quantum phases that cannot be distinguished by single-task networks. Remarkably, our model appears to be able to transfer information learnt from lower dimensional quantum systems to higher dimensional ones, and to make accurate predictions for Hamiltonians that were not seen in the training.",2310.11807v3,quant-ph,2023-10-18 08:53:23+00:00,https://arxiv.org/pdf/2310.11807v3,"""quantum"" AND ""physics-informed neural networks"""
Moire synaptic transistor for homogeneous-architecture reservoir computing,"['Pengfei Wang', 'Moyu Chen', 'Yongqin Xie', 'Chen Pan', 'Kenji Watanabe', 'Takashi Taniguchi', 'Bin Cheng', 'Shi-Jun Liang', 'Feng Miao']","Reservoir computing has been considered as a promising intelligent computing paradigm for effectively processing complex temporal information. Exploiting tunable and reproducible dynamics in the single electronic device have been desired to implement the reservoir and the readout layer of reservoir computing system. Two-dimensional moire material, with an artificial lattice constant many times larger than the atomic length scale, is one type of most studied artificial quantum materials in community of material science and condensed-matter physics over the past years. These materials are featured with gate-tunable periodic potential and electronic correlation, thus varying the electric field allows the electrons in the moire potential per unit cell to exhibit distinct and reproducible dynamics, showing great promise in robust reservoir computing. Here, we report that a moire synaptic transistor can be used to implement the reservoir computing system with a homogeneous reservoir-readout architecture. The synaptic transistor is fabricated based on a h-BN/bilayer graphene/h-BN moire heterostructure, exhibiting ferroelectricity-like hysteretic gate voltage dependence of resistance. Varying the magnitude of the gate voltage enables the moire transistor to be switched between long-term memory and short-term memory with nonlinear dynamics. By employing the short- and long-term memory as the reservoir nodes and weights of the readout layer, respectively, we construct a full-moire physical neural network and demonstrate that the classification accuracy of 90.8% can be achieved for the MNIST handwritten digit database. Our work would pave the way towards the development of neuromorphic computing based on the moire materials.",2310.11743v1,cond-mat.mes-hall,2023-10-18 06:55:32+00:00,https://arxiv.org/pdf/2310.11743v1,"""quantum"" AND ""physics-informed neural networks"""
On Training Derivative-Constrained Neural Networks,"['KaiChieh Lo', 'Daniel Huang']",We refer to the setting where the (partial) derivatives of a neural network's (NN's) predictions with respect to its inputs are used as additional training signal as a derivative-constrained (DC) NN. This situation is common in physics-informed settings in the natural sciences. We propose an integrated RELU (IReLU) activation function to improve training of DC NNs. We also investigate denormalization and label rescaling to help stabilize DC training. We evaluate our methods on physics-informed settings including quantum chemistry and Scientific Machine Learning (SciML) tasks. We demonstrate that existing architectures with IReLU activations combined with denormalization and label rescaling better incorporate training signal provided by derivative constraints.,2310.01649v2,cs.LG,2023-10-02 21:23:31+00:00,https://arxiv.org/pdf/2310.01649v2,"""quantum"" AND ""physics-informed neural networks"""
Solving Einstein equations using deep learning,"['Zhi-Han Li', 'Chen-Qi Li', 'Long-Gang Pang']","Einstein field equations are notoriously challenging to solve due to their complex mathematical form, with few analytical solutions available in the absence of highly symmetric systems or ideal matter distribution. However, accurate solutions are crucial, particularly in systems with strong gravitational field such as black holes or neutron stars. In this work, we use neural networks and auto differentiation to solve the Einstein field equations numerically inspired by the idea of physics-informed neural networks (PINNs). By utilizing these techniques, we successfully obtain the Schwarzschild metric and the charged Schwarzschild metric given the energy-momentum tensor of matter. This innovative method could open up a different way for solving space-time coupled Einstein field equations and become an integral part of numerical relativity.",2309.07397v1,gr-qc,2023-09-14 02:46:48+00:00,https://arxiv.org/pdf/2309.07397v1,"""quantum"" AND ""physics-informed neural networks"""
Supervised Machine Learning and Physics based Machine Learning approach for prediction of peak temperature distribution in Additive Friction Stir Deposition of Aluminium Alloy,['Akshansh Mishra'],"Additive friction stir deposition (AFSD) is a novel solid-state additive manufacturing technique that circumvents issues of porosity, cracking, and properties anisotropy that plague traditional powder bed fusion and directed energy deposition approaches. However, correlations between process parameters, thermal profiles, and resulting microstructure in AFSD remain poorly understood. This hinders process optimization for properties. This work employs a framework combining supervised machine learning (SML) and physics-informed neural networks (PINNs) to predict peak temperature distribution in AFSD from process parameters. Eight regression algorithms were implemented for SML modeling, while four PINNs leveraged governing equations for transport, wave propagation, heat transfer, and quantum mechanics. Across multiple statistical measures, ensemble techniques like gradient boosting proved superior for SML, with lowest MSE of 165.78. The integrated ML approach was also applied to classify deposition quality from process factors, with logistic regression delivering robust accuracy. By fusing data-driven learning and fundamental physics, this dual methodology provides comprehensive insights into tailoring microstructure through thermal management in AFSD. The work demonstrates the power of bridging statistical and physics-based modeling for elucidating AM process-property relationships.",2309.06838v2,cs.LG,2023-09-13 09:39:42+00:00,https://arxiv.org/pdf/2309.06838v2,"""quantum"" AND ""physics-informed neural networks"""
Physics-Informed Neural Networks for an optimal counterdiabatic quantum computation,"['Antonio Ferrer-Sánchez', 'Carlos Flores-Garrigos', 'Carlos Hernani-Morales', 'José J. Orquín-Marqués', 'Narendra N. Hegade', 'Alejandro Gomez Cadavid', 'Iraitz Montalban', 'Enrique Solano', 'Yolanda Vives-Gilabert', 'José D. Martín-Guerrero']","We introduce a novel methodology that leverages the strength of Physics-Informed Neural Networks (PINNs) to address the counterdiabatic (CD) protocol in the optimization of quantum circuits comprised of systems with $N_{Q}$ qubits. The primary objective is to utilize physics-inspired deep learning techniques to accurately solve the time evolution of the different physical observables within the quantum system. To accomplish this objective, we embed the necessary physical information into an underlying neural network to effectively tackle the problem. In particular, we impose the hermiticity condition on all physical observables and make use of the principle of least action, guaranteeing the acquisition of the most appropriate counterdiabatic terms based on the underlying physics. The proposed approach offers a dependable alternative to address the CD driving problem, free from the constraints typically encountered in previous methodologies relying on classical numerical approximations. Our method provides a general framework to obtain optimal results from the physical observables relevant to the problem, including the external parameterization in time known as scheduling function, the gauge potential or operator involving the non-adiabatic terms, as well as the temporal evolution of the energy levels of the system, among others. The main applications of this methodology have been the $\mathrm{H_{2}}$ and $\mathrm{LiH}$ molecules, represented by a 2-qubit and 4-qubit systems employing the STO-3G basis. The presented results demonstrate the successful derivation of a desirable decomposition for the non-adiabatic terms, achieved through a linear combination utilizing Pauli operators. This attribute confers significant advantages to its practical implementation within quantum computing algorithms.",2309.04434v2,quant-ph,2023-09-08 16:55:39+00:00,https://arxiv.org/pdf/2309.04434v2,"""quantum"" AND ""physics-informed neural networks"""
Unifying over-smoothing and over-squashing in graph neural networks: A physics informed approach and beyond,"['Zhiqi Shao', 'Dai Shi', 'Andi Han', 'Yi Guo', 'Qibin Zhao', 'Junbin Gao']","Graph Neural Networks (GNNs) have emerged as one of the leading approaches for machine learning on graph-structured data. Despite their great success, critical computational challenges such as over-smoothing, over-squashing, and limited expressive power continue to impact the performance of GNNs. In this study, inspired from the time-reversal principle commonly utilized in classical and quantum physics, we reverse the time direction of the graph heat equation. The resulted reversing process yields a class of high pass filtering functions that enhance the sharpness of graph node features. Leveraging this concept, we introduce the Multi-Scaled Heat Kernel based GNN (MHKG) by amalgamating diverse filtering functions' effects on node features. To explore more flexible filtering conditions, we further generalize MHKG into a model termed G-MHKG and thoroughly show the roles of each element in controlling over-smoothing, over-squashing and expressive power. Notably, we illustrate that all aforementioned issues can be characterized and analyzed via the properties of the filtering functions, and uncover a trade-off between over-smoothing and over-squashing: enhancing node feature sharpness will make model suffer more from over-squashing, and vice versa. Furthermore, we manipulate the time again to show how G-MHKG can handle both two issues under mild conditions. Our conclusive experiments highlight the effectiveness of proposed models. It surpasses several GNN baseline models in performance across graph datasets characterized by both homophily and heterophily.",2309.02769v2,cs.LG,2023-09-06 06:22:18+00:00,https://arxiv.org/pdf/2309.02769v2,"""quantum"" AND ""physics-informed neural networks"""
Clusternets: A deep learning approach to probe clustering dark energy,"['Amirmohammad Chegeni', 'Farbod Hassani', 'Alireza Vafaei Sadr', 'Nima Khosravi', 'Martin Kunz']","Machine Learning (ML) algorithms are becoming popular in cosmology for extracting valuable information from cosmological data. In this paper, we evaluate the performance of a Convolutional Neural Network (CNN) trained on matter density snapshots to distinguish clustering Dark Energy (DE) from the cosmological constant scenario and to detect the speed of sound ($c_s$) associated with clustering DE. We compare the CNN results with those from a Random Forest (RF) algorithm trained on power spectra. Varying the dark energy equation of state parameter $w_{\rm{DE}}$ within the range of -0.7 to -0.99, while keeping $c_s^2 = 1$, we find that the CNN approach results in a significant improvement in accuracy over the RF algorithm. The improvement in classification accuracy can be as high as $40\%$ depending on the physical scales involved. We also investigate the ML algorithms' ability to detect the impact of the speed of sound by choosing $c_s^2$ from the set $\{1, 10^{-2}, 10^{-4}, 10^{-7}\}$ while maintaining a constant $w_{\rm DE}$ for three different cases: $w_{\rm DE} \in \{-0.7, -0.8, -0.9\}$. Our results suggest that distinguishing between various values of $c_s^2$ and the case where $c_s^2=1$ is challenging, particularly at small scales and when $w_{\rm{DE}}\approx -1$. However, as we consider larger scales, the accuracy of $c_s^2$ detection improves. Notably, the CNN algorithm consistently outperforms the RF algorithm, leading to an approximate $20\%$ enhancement in $c_s^2$ detection accuracy in some cases.",2308.03517v2,astro-ph.CO,2023-08-07 12:11:27+00:00,https://arxiv.org/pdf/2308.03517v2,"""quantum"" AND ""physics-informed neural networks"""
Estimating Entanglement Entropy via Variational Quantum Circuits with Classical Neural Networks,"['Sangyun Lee', 'Hyukjoon Kwon', 'Jae Sung Lee']","Entropy plays a crucial role in both physics and information science, encompassing classical and quantum domains. In this work, we present the Quantum Neural Entropy Estimator (QNEE), a novel approach that combines classical neural network (NN) with variational quantum circuits to estimate the von Neumann and Renyi entropies of a quantum state. QNEE provides accurate estimates of entropy while also yielding the eigenvalues and eigenstates of the input density matrix. Leveraging the capabilities of classical NN, QNEE can classify different phases of quantum systems that accompany the changes of entanglement entropy. Our numerical simulation demonstrates the effectiveness of QNEE by applying it to the 1D XXZ Heisenberg model. In particular, QNEE exhibits high sensitivity in estimating entanglement entropy near the phase transition point. We expect that QNEE will serve as a valuable tool for quantum entropy estimation and phase classification.",2307.13511v2,quant-ph,2023-07-25 14:04:21+00:00,https://arxiv.org/pdf/2307.13511v2,"""quantum"" AND ""physics-informed neural networks"""
Stabilization and Dissipative Information Transfer of a Superconducting Kerr-Cat Qubit,"['Ufuk Korkmaz', 'Deniz Türkpençe']","Today, the competition to build a quantum computer continues, and the number of qubits in hardware is increasing rapidly. However, the quantum noise that comes with this process reduces the performance of algorithmic applications, so alternative ways in quantum computer architecture and implementation of algorithms are discussed on the one hand. One of these alternative ways is the hybridization of the circuit-based quantum computing model with the dissipative-based computing model. Here, the goal is to apply the part of the algorithm that provides the quantum advantage with the quantum circuit model, and the remaining part with the dissipative model, which is less affected by noise. This scheme is of importance to quantum machine learning algorithms that involve highly repetitive processes and are thus susceptible to noise. In this study, we examine dissipative information transfer to a qubit model called Cat-Qubit. This model is especially important for the dissipative-based version of the binary quantum classification, which is the basic processing unit of quantum machine learning algorithms. On the other hand, Cat-Qubit architecture, which has the potential to easily implement activation-like functions in artificial neural networks due to its rich physics, also offers an alternative hardware opportunity for quantum artificial neural networks. Numerical calculations exhibit successful transfer of quantum information from reservoir qubits by a repeated-interactions-based dissipative scheme.",2307.12298v1,quant-ph,2023-07-23 11:28:52+00:00,https://arxiv.org/pdf/2307.12298v1,"""quantum"" AND ""physics-informed neural networks"""
"Recent Advances in Metasurface Design and Quantum Optics Applications with Machine Learning, Physics-Informed Neural Networks, and Topology Optimization Methods","['Wenye Ji', 'Jin Chang2', 'He-Xiu Xu', 'Jian Rong Gao', 'Simon Gröblacher', 'Paul Urbach', 'Aurèle J. L. Adam']","As a two-dimensional planar material with low depth profile, a metasurface can generate non-classical phase distributions for the transmitted and reflected electromagnetic waves at its interface. Thus, it offers more flexibility to control the wave front. A traditional metasurface design process mainly adopts the forward prediction algorithm, such as Finite Difference Time Domain, combined with manual parameter optimization. However, such methods are time-consuming, and it is difficult to keep the practical meta-atom spectrum being consistent with the ideal one. In addition, since the periodic boundary condition is used in the meta-atom design process, while the aperiodic condition is used in the array simulation, the coupling between neighboring meta-atoms leads to inevitable inaccuracy. In this review, representative intelligent methods for metasurface design are introduced and discussed, including machine learning, physics-information neural network, and topology optimization method. We elaborate on the principle of each approach, analyze their advantages and limitations, and discuss their potential applications. We also summarise recent advances in enabled metasurfaces for quantum optics applications. In short, this paper highlights a promising direction for intelligent metasurface designs and applications for future quantum optics research and serves as an up-to-date reference for researchers in the metasurface and metamaterial fields.",2307.09126v1,physics.optics,2023-07-18 10:17:33+00:00,https://arxiv.org/pdf/2307.09126v1,"""quantum"" AND ""physics-informed neural networks"""
All-optically untangling light propagation through multimode fibres,"['Hlib Kupianskyi', 'Simon A. R. Horsley', 'David B. Phillips']","When light propagates through a complex medium, such as a multimode optical fibre (MMF), the spatial information it carries is scrambled. In this work we experimentally demonstrate an all-optical strategy to unscramble this light again. We first create a digital model capturing the way light has been scattered, and then use this model to inverse-design and build a complementary optical system - which we call an optical inverter - that reverses this scattering process. Our implementation of this concept is based on multi-plane light conversion, and can also be understood as a diffractive artificial neural network or a physical matrix pre-conditioner. We present three design strategies allowing different aspects of device performance to be prioritised. We experimentally demonstrate a prototype optical inverter capable of simultaneously unscrambling up to 30 spatial modes that have propagated through a 1m long MMF, and show how this enables near instantaneous incoherent imaging, without the need for any beam scanning or computational processing. We also demonstrate the reconfigurable nature of this prototype, allowing it to adapt and deliver a new optical transformation if the MMF it is matched to changes configuration. Our work represents a first step towards a new way to see through scattering media. Beyond imaging, this concept may also have applications to the fields of optical communications, optical computing and quantum photonics.",2307.08707v1,physics.optics,2023-07-14 21:48:32+00:00,https://arxiv.org/pdf/2307.08707v1,"""quantum"" AND ""physics-informed neural networks"""
Fast reconstruction of programmable integrated interferometers,"['B. I. Bantysh', 'K. G. Katamadze', 'A. Yu. Chernyavskiy', 'Yu. I. Bogdanov']","Programmable linear optical interferometers are important for classical and quantum information technologies, as well as for building hardware-accelerated artificial neural networks. Recent results showed the possibility of constructing optical interferometers that could implement arbitrary transformations of input fields even in the case of high manufacturing errors. The building of detailed models of such devices drastically increases the efficiency of their practical use. The integral design of interferometers complicates its reconstruction since the internal elements are hard to address. This problem can be approached by using optimization algorithms [Opt. Express 29, 38429 (2021)]. In this paper, we present a novel efficient algorithm based on linear algebra only, which does not use computationally expensive optimization procedures. We show that this approach makes it possible to perform fast and accurate characterization of high-dimensional programmable integrated interferometers. Moreover, the method provides access to the physical characteristics of individual interferometer layers.",2307.03635v1,physics.optics,2023-07-07 14:48:38+00:00,https://arxiv.org/pdf/2307.03635v1,"""quantum"" AND ""physics-informed neural networks"""
Neural network decoder for near-term surface-code experiments,"['Boris M. Varbanov', 'Marc Serra-Peralta', 'David Byfield', 'Barbara M. Terhal']","Neural-network decoders can achieve a lower logical error rate compared to conventional decoders, like minimum-weight perfect matching, when decoding the surface code. Furthermore, these decoders require no prior information about the physical error rates, making them highly adaptable. In this study, we investigate the performance of such a decoder using both simulated and experimental data obtained from a transmon-qubit processor, focusing on small-distance surface codes. We first show that the neural network typically outperforms the matching decoder due to better handling errors leading to multiple correlated syndrome defects, such as $Y$ errors. When applied to the experimental data of [Google Quantum AI, Nature 614, 676 (2023)], the neural network decoder achieves logical error rates approximately $25\%$ lower than minimum-weight perfect matching, approaching the performance of a maximum-likelihood decoder. To demonstrate the flexibility of this decoder, we incorporate the soft information available in the analog readout of transmon qubits and evaluate the performance of this decoder in simulation using a symmetric Gaussian-noise model. Considering the soft information leads to an approximately $10\%$ lower logical error rate, depending on the probability of a measurement error. The good logical performance, flexibility, and computational efficiency make neural network decoders well-suited for near-term demonstrations of quantum memories.",2307.03280v2,quant-ph,2023-07-06 20:31:25+00:00,https://arxiv.org/pdf/2307.03280v2,"""quantum"" AND ""physics-informed neural networks"""
Deep Bayesian Experimental Design for Quantum Many-Body Systems,"['Leopoldo Sarra', 'Florian Marquardt']","Bayesian experimental design is a technique that allows to efficiently select measurements to characterize a physical system by maximizing the expected information gain. Recent developments in deep neural networks and normalizing flows allow for a more efficient approximation of the posterior and thus the extension of this technique to complex high-dimensional situations. In this paper, we show how this approach holds promise for adaptive measurement strategies to characterize present-day quantum technology platforms. In particular, we focus on arrays of coupled cavities and qubit arrays. Both represent model systems of high relevance for modern applications, like quantum simulations and computing, and both have been realized in platforms where measurement and control can be exploited to characterize and counteract unavoidable disorder. Thus, they represent ideal targets for applications of Bayesian experimental design.",2306.14510v1,quant-ph,2023-06-26 08:40:14+00:00,https://arxiv.org/pdf/2306.14510v1,"""quantum"" AND ""physics-informed neural networks"""
Uncertainty Estimation for Molecules: Desiderata and Methods,"['Tom Wollschläger', 'Nicholas Gao', 'Bertrand Charpentier', 'Mohamed Amine Ketata', 'Stephan Günnemann']","Graph Neural Networks (GNNs) are promising surrogates for quantum mechanical calculations as they establish unprecedented low errors on collections of molecular dynamics (MD) trajectories. Thanks to their fast inference times they promise to accelerate computational chemistry applications. Unfortunately, despite low in-distribution (ID) errors, such GNNs might be horribly wrong for out-of-distribution (OOD) samples. Uncertainty estimation (UE) may aid in such situations by communicating the model's certainty about its prediction. Here, we take a closer look at the problem and identify six key desiderata for UE in molecular force fields, three 'physics-informed' and three 'application-focused' ones. To overview the field, we survey existing methods from the field of UE and analyze how they fit to the set desiderata. By our analysis, we conclude that none of the previous works satisfies all criteria. To fill this gap, we propose Localized Neural Kernel (LNK) a Gaussian Process (GP)-based extension to existing GNNs satisfying the desiderata. In our extensive experimental evaluation, we test four different UE with three different backbones and two datasets. In out-of-equilibrium detection, we find LNK yielding up to 2.5 and 2.1 times lower errors in terms of AUC-ROC score than dropout or evidential regression-based methods while maintaining high predictive performance.",2306.14916v1,physics.chem-ph,2023-06-20 15:50:09+00:00,https://arxiv.org/pdf/2306.14916v1,"""quantum"" AND ""physics-informed neural networks"""
Rapid identification of time-frequency domain gravitational wave signals from binary black holes using deep learning,"['Yu-Xin Wang', 'Shang-Jie Jin', 'Tian-Yang Sun', 'Jing-Fei Zhang', 'Xin Zhang']","Recent developments in deep learning techniques have offered an alternative and complementary approach to traditional matched filtering methods for the identification of gravitational wave (GW) signals. The rapid and accurate identification of GW signals is crucial for the progress of GW physics and multi-messenger astronomy, particularly in light of the upcoming fourth and fifth observing runs of LIGO-Virgo-KAGRA. In this work, we use the 2D U-Net algorithm to identify the time-frequency domain GW signals from stellar-mass binary black hole (BBH) mergers. We simulate BBH mergers with component masses from 5 to 80 $M_{\odot}$ and account for the LIGO detector noise. We find that the GW events in the first and second observation runs could all be clearly and rapidly identified. For the third observing run, about $80\%$ GW events could be identified. In particular, GW190814, currently unknown, is a special case that can be identified by the network, while other binary neutron star mergers and neutron star-black hole mergers can not be identified. Compared to the traditional convolutional neural network, the U-Net algorithm can output the time-frequency domain signal images rather than probabilities, providing a more intuitive investigation. Moreover, some of the results through U-Net can provide preliminary inference on the chirp mass information. In conclusion, the U-Net algorithm can rapidly identify the time-frequency domain GW signals from BBH mergers and potentially be helpful for future parameter inferences.",2305.19003v3,gr-qc,2023-05-30 12:59:29+00:00,https://arxiv.org/pdf/2305.19003v3,"""quantum"" AND ""physics-informed neural networks"""
Neural-network-designed three-qubit gates robust against charge noise and crosstalk in silicon,"['David W. Kanaar', 'J. P. Kestner']","Spin qubits in semiconductor quantum dots are a promising platform for quantum computing, however scaling to large systems is hampered by crosstalk and charge noise. Crosstalk here refers to the unwanted off-resonant rotation of idle qubits during the resonant rotation of the target qubit. For a three-qubit system with crosstalk and charge noise, it is difficult to analytically create gate protocols that produce three-qubit gates, such as the Toffoli gate, directly in a single shot instead of through the composition of two-qubit gates. Therefore, we numerically optimize a physics-informed neural network to produce theoretically robust shaped pulses that generate a Toffoli-equivalent gate. Additionally, robust $\fracπ{2}$ $X$ and CZ gates are also presented in this work to create a universal set of gates robust against charge noise. The robust pulses maintain an infidelity of $10^{-3}$ for average quasistatic fluctuations in the voltage of up to a few mV instead of tenths of mV for non-robust pulses.",2305.13132v2,cond-mat.mes-hall,2023-05-22 15:30:11+00:00,https://arxiv.org/pdf/2305.13132v2,"""quantum"" AND ""physics-informed neural networks"""
Bayesian Renormalization,"['David S. Berman', 'Marc S. Klinger', 'Alexander G. Stapleton']","In this note we present a fully information theoretic approach to renormalization inspired by Bayesian statistical inference, which we refer to as Bayesian Renormalization. The main insight of Bayesian Renormalization is that the Fisher metric defines a correlation length that plays the role of an emergent RG scale quantifying the distinguishability between nearby points in the space of probability distributions. This RG scale can be interpreted as a proxy for the maximum number of unique observations that can be made about a given system during a statistical inference experiment. The role of the Bayesian Renormalization scheme is subsequently to prepare an effective model for a given system up to a precision which is bounded by the aforementioned scale. In applications of Bayesian Renormalization to physical systems, the emergent information theoretic scale is naturally identified with the maximum energy that can be probed by current experimental apparatus, and thus Bayesian Renormalization coincides with ordinary renormalization. However, Bayesian Renormalization is sufficiently general to apply even in circumstances in which an immediate physical scale is absent, and thus provides an ideal approach to renormalization in data science contexts. To this end, we provide insight into how the Bayesian Renormalization scheme relates to existing methods for data compression and data generation such as the information bottleneck and the diffusion learning paradigm. We conclude by designing an explicit form of Bayesian Renormalization inspired by Wilson's momentum shell renormalization scheme in Quantum Field Theory. We apply this Bayesian Renormalization scheme to a simple Neural Network and verify the sense in which it organizes the parameters of the model according to a hierarchy of information theoretic importance.",2305.10491v3,hep-th,2023-05-17 18:00:28+00:00,https://arxiv.org/pdf/2305.10491v3,"""quantum"" AND ""physics-informed neural networks"""
Demonstration of Sub-micron UCN Position Resolution using Room-temperature CMOS Sensor,"['S. Lin', 'J. K. Baldwin', 'M. Blatnik', 'S. M. Clayton', 'C. Cude-Woods', 'S. A. Currie', 'B. Filippone', 'E. M. Fries', 'P. Geltenbort', 'A. T. Holley', 'W. Li', 'C. Y. Liu', 'M. Makela', 'C. L. Morris', 'R. Musedinovic', ""C. O'Shaughnessy"", 'R. W. Pattie', 'D. J. Salvat', 'A. Saunders', 'E. I. Sharapov', 'M. Singh', 'X. Sun', 'Z. Tang', 'W. Uhrich', 'W. Wei', 'B. Wolfe', 'A. R. Young', 'Z. Wang']","High spatial resolution of ultracold neutron (UCN) measurement is of growing interest to UCN experiments such as UCN spectrometers, UCN polarimeters, quantum physics of UCNs, and quantum gravity. Here we utilize physics-informed deep learning to enhance the experimental position resolution and to demonstrate sub-micron spatial resolutions for UCN position measurements obtained using a room-temperature CMOS sensor, extending our previous work [1, 2] that demonstrated a position uncertainty of 1.5 microns. We explore the use of the open-source software Allpix Squared to generate experiment-like synthetic hit images with ground-truth position labels. We use physics-informed deep learning by training a fully-connected neural network (FCNN) to learn a mapping from input hit images to output hit position. The automated analysis for sub-micron position resolution in UCN detection combined with the fast data rates of current and next generation UCN sources will enable improved precision for future UCN research and applications.",2305.09562v1,physics.ins-det,2023-05-16 15:57:41+00:00,https://arxiv.org/pdf/2305.09562v1,"""quantum"" AND ""physics-informed neural networks"""
Gradient-Annihilated PINNs for Solving Riemann Problems: Application to Relativistic Hydrodynamics,"['Antonio Ferrer-Sánchez', 'José D. Martín-Guerrero', 'Roberto Ruiz de Austri', 'Alejandro Torres-Forné', 'José A. Font']","We present a novel methodology based on Physics-Informed Neural Networks (PINNs) for solving systems of partial differential equations admitting discontinuous solutions. Our method, called Gradient-Annihilated PINNs (GA-PINNs), introduces a modified loss function that requires the model to partially ignore high-gradients in the physical variables, achieved by introducing a suitable weighting function. The method relies on a set of hyperparameters that control how gradients are treated in the physical loss and how the activation functions of the neural model are dynamically accounted for. The performance of our GA-PINN model is demonstrated by solving Riemann problems in special relativistic hydrodynamics, extending earlier studies with PINNs in the context of the classical Euler equations. The solutions obtained with our GA-PINN model correctly describe the propagation speeds of discontinuities and sharply capture the associated jumps. We use the relative $l^{2}$ error to compare our results with the exact solution of special relativistic Riemann problems, used as the reference ``ground truth'', and with the error obtained with a second-order, central, shock-capturing scheme. In all problems investigated, the accuracy reached by our GA-PINN model is comparable to that obtained with a shock-capturing scheme and significantly higher than that achieved by a baseline PINN algorithm. An additional benefit worth stressing is that our PINN-based approach sidesteps the costly recovery of the primitive variables from the state vector of conserved ones, a well-known drawback of grid-based solutions of the relativistic hydrodynamics equations. Due to its inherent generality and its ability to handle steep gradients, the GA-PINN method discussed could be a valuable tool to model relativistic flows in astrophysics and particle physics, characterized by the prevalence of discontinuous solutions.",2305.08448v2,physics.comp-ph,2023-05-15 08:43:42+00:00,https://arxiv.org/pdf/2305.08448v2,"""quantum"" AND ""physics-informed neural networks"""
Statistical learning on randomized data to verify quantum state approximate k-designs,"['Kaustav Mukherjee', 'Sarah Chehade', 'Lorenzo Versini', 'Karim Alaa El-Din', 'Florian Mintert', 'Rick Mukherjee']","Random ensembles of pure states have proven to be extremely important in various aspects of quantum physics such as benchmarking the performance of quantum circuits, testing for quantum advantage, providing novel insights for many-body thermalization and studying the black hole information paradox. Although generating a fully random ensemble is experimentally challenging, approximations of it are just as useful and are known to emerge naturally in a variety of physical models, including Rydberg setups. These are referred to as approximate quantum state designs, and verifying their degree of randomness can be an expensive task, similar to performing full quantum state tomography on many-body systems. In this theoretical work, we efficiently validate the character of approximate quantum designs with respect to data size acquisition when compared to the conventional frequentist approach. This is achieved by translating the information residing in the complex many-body state into a succinct representation of classical data using a random projective measurement basis, which is then processed using methods of statistical inference such as maximum likelihood estimation and neural networks and benchmarked against the predictions of shadow tomography. Our scheme of combining machine learning methods for postprocessing the data obtained from randomized measurements for efficient characterisation of (approximate) quantum state k designs is applicable to any noisy quantum platform that can generate quantum designs.",2305.01465v4,quant-ph,2023-05-02 14:46:28+00:00,https://arxiv.org/pdf/2305.01465v4,"""quantum"" AND ""physics-informed neural networks"""
Hybrid quantum physics-informed neural networks for simulating computational fluid dynamics in complex shapes,"['Alexandr Sedykh', 'Maninadh Podapaka', 'Asel Sagingalieva', 'Karan Pinto', 'Markus Pflitsch', 'Alexey Melnikov']","Finding the distribution of the velocities and pressures of a fluid by solving the Navier-Stokes equations is a principal task in the chemical, energy, and pharmaceutical industries, as well as in mechanical engineering and the design of pipeline systems. With existing solvers, such as OpenFOAM and Ansys, simulations of fluid dynamics in intricate geometries are computationally expensive and require re-simulation whenever the geometric parameters or the initial and boundary conditions are altered. Physics-informed neural networks are a promising tool for simulating fluid flows in complex geometries, as they can adapt to changes in the geometry and mesh definitions, allowing for generalization across fluid parameters and transfer learning across different shapes. We present a hybrid quantum physics-informed neural network that simulates laminar fluid flows in 3D Y-shaped mixers. Our approach combines the expressive power of a quantum model with the flexibility of a physics-informed neural network, resulting in a 21% higher accuracy compared to a purely classical neural network. Our findings highlight the potential of machine learning approaches, and in particular hybrid quantum physics-informed neural network, for complex shape optimization tasks in computational fluid dynamics. By improving the accuracy of fluid simulations in complex geometries, our research using hybrid quantum models contributes to the development of more efficient and reliable fluid dynamics solvers.",2304.11247v3,cs.LG,2023-04-21 20:49:29+00:00,https://arxiv.org/pdf/2304.11247v3,"""quantum"" AND ""physics-informed neural networks"""
Quantum Superposition States: Spin Glasses and Entanglement,"['Aslı Tuncer', 'Serhat C. Kadıoğlu']","Spin-glass (SG) is a fascinating system that has garnered significant attention due to its intriguing properties and implications for various research fields. One of the key characteristics of spin glasses is that they contain random disorder, which leads to many possible states of the system occurring with very close probabilities. We explore the concept of spin-glass superposition states (SSs), which are equiprobable SSs of possible electronic configurations. Using the Edward-Anderson (EA) type SG order parameter $q_{EA}$ and magnetization, we demonstrate that these SSs can be classified based on their contribution to distinguishing magnetic order (disorder), such as SG, (anti)ferromagnetic (FM), and paramagnetic (PM) phases. We also generalize these superposition states based on the system size and investigate the entanglement of these phase-based SSs using the negativity measure. We show that the SG order parameter can be utilized to determine the entanglement of magnetically ordered (disordered) phases, or vice versa, with negativity signifying magnetic order. Our findings provide further insight into the nature of quantum SSs and their relevance to SGs and quantum magnets. They have implications for various fields, including condensed matter physics, where SGs are a prototypical example of disordered systems. They are also relevant for other fields, such as neural networks, optimization problems, and information storage, where complex systems with random disorder behavior are greatly interested. Overall, our study provides a deeper understanding of the behavior of SGs and the nature of quantum SSs, with potential applications in various fields.",2304.09782v1,quant-ph,2023-04-19 16:08:58+00:00,https://arxiv.org/pdf/2304.09782v1,"""quantum"" AND ""physics-informed neural networks"""
Characterization of multi-mode linear optical networks,"['Francesco Hoch', 'Taira Giordani', 'Nicolò Spagnolo', 'Andrea Crespi', 'Roberto Osellame', 'Fabio Sciarrino']","Multi-mode optical interferometers represent the most viable platforms for the successful implementation of several quantum information schemes that take advantage of optical processing. Examples range from quantum communication, sensing and computation, including optical neural networks, optical reservoir computing or simulation of complex physical systems. The realization of such routines requires high levels of control and tunability of the parameters that define the operations carried out by the device. This requirement becomes particularly crucial in light of recent technological improvements in integrated photonic technologies, which enable the implementation of progressively larger circuits embedding a considerable amount of tunable parameters. In this work, we formulate efficient procedures for the characterization of optical circuits in the presence of imperfections that typically occur in physical experiments, such as unbalanced losses and phase instabilities in the input and output collection stages. The algorithm aims at reconstructing the transfer matrix that represents the optical interferometer without making any strong assumptions about its internal structure and encoding. We show the viability of this approach in an experimentally relevant scenario, defined by a tunable integrated photonic circuit, and we demonstrate the effectiveness and robustness of our method. Our findings can find application in a wide range of optical setups, based both on bulk and integrated configurations.",2304.06486v1,quant-ph,2023-04-13 13:09:14+00:00,https://arxiv.org/pdf/2304.06486v1,"""quantum"" AND ""physics-informed neural networks"""
Fluctuation based interpretable analysis scheme for quantum many-body snapshots,"['Henning Schlömer', 'Annabelle Bohrdt']","Microscopically understanding and classifying phases of matter is at the heart of strongly-correlated quantum physics. With quantum simulations, genuine projective measurements (snapshots) of the many-body state can be taken, which include the full information of correlations in the system. The rise of deep neural networks has made it possible to routinely solve abstract processing and classification tasks of large datasets, which can act as a guiding hand for quantum data analysis. However, though proven to be successful in differentiating between different phases of matter, conventional neural networks mostly lack interpretability on a physical footing. Here, we combine confusion learning with correlation convolutional neural networks, which yields fully interpretable phase detection in terms of correlation functions. In particular, we study thermodynamic properties of the 2D Heisenberg model, whereby the trained network is shown to pick up qualitative changes in the snapshots above and below a characteristic temperature where magnetic correlations become significantly long-range. We identify the full counting statistics of nearest neighbor spin correlations as the most important quantity for the decision process of the neural network, which go beyond averages of local observables. With access to the fluctuations of second-order correlations -- which indirectly include contributions from higher order, long-range correlations -- the network is able to detect changes of the specific heat and spin susceptibility, the latter being in analogy to magnetic properties of the pseudogap phase in high-temperature superconductors. By combining the confusion learning scheme with transformer neural networks, our work opens new directions in interpretable quantum image processing being sensible to long-range order.",2304.06029v2,cond-mat.quant-gas,2023-04-12 17:59:59+00:00,https://arxiv.org/pdf/2304.06029v2,"""quantum"" AND ""physics-informed neural networks"""
Referenceless characterisation of complex media using physics-informed neural networks,"['Suraj Goel', 'Claudio Conti', 'Saroch Leedumrongwatthanakun', 'Mehul Malik']","In this work, we present a method to characterise the transmission matrices of complex scattering media using a physics-informed, multi-plane neural network (MPNN) without the requirement of a known optical reference field. We use this method to accurately measure the transmission matrix of a commercial multi-mode fiber without the problems of output-phase ambiguity and dark spots, leading to upto 58% improvement in focusing efficiency compared with phase-stepping holography. We demonstrate how our method is significantly more noise-robust than phase-stepping holography and show how it can be generalised to characterise a cascade of transmission matrices, allowing one to control the propagation of light between independent scattering media. This work presents an essential tool for accurate light control through complex media, with applications ranging from classical optical networks, biomedical imaging, to quantum information processing.",2303.16041v3,physics.optics,2023-03-28 15:16:23+00:00,https://arxiv.org/pdf/2303.16041v3,"""quantum"" AND ""physics-informed neural networks"""
Towards Symmetry-Aware Efficient Simulation of Quantum Systems and Beyond,"['Min Chen', 'Minzhao Liu', 'Changhun Oh', 'Liang Jiang', 'Yuri Alexeev', 'Junyu Liu']","The efficient simulation of complex quantum systems remains a central challenge due to the exponential growth of Hilbert space with system size. Tensor network methods have long been established as powerful approximation schemes, and their efficiency can be further enhanced by incorporating physics-informed priors. A prominent example is symmetry: recent progress on $U(1)$-symmetric tensor networks, accelerated on GPUs and scaled to supercomputers, shows how conserved charges induce block-sparse structures that reduce computational cost and enable larger simulations. The same principle extends to general symmetries, inspiring equivariant neural networks in machine learning and guiding symmetry-preserving ansatze in variational quantum algorithms. Beyond symmetry, physics-informed design also includes strategies such as hybrid tensor networks and parallel sequential circuits, which pursue efficiency from complementary principles. This Perspective argues that physics-informed tensor networks, grounded in both symmetry and beyond-symmetry insights, provide unifying strategies for scalable approaches in quantum simulation, computation, and machine learning.",2303.11409v2,physics.comp-ph,2023-03-20 19:33:13+00:00,https://arxiv.org/pdf/2303.11409v2,"""quantum"" AND ""physics-informed neural networks"""
Quantum Pontryagin Neural Networks in Gamkrelidze Form Subjected to the Purity of Quantum Channels,"['Nahid Binandeh Dehaghani', 'A. Pedro Aguiar', 'Rafal Wisniewski']","We investigate a time and energy minimization optimal control problem for open quantum systems, whose dynamics is governed through the Lindblad (or Gorini-Kossakowski-Sudarshan-Lindblad) master equation. The dissipation is Markovian time-independent, and the control is governed by the Hamiltonian of a quantum-mechanical system. We are specifically interested to study the purity in a dissipative system constrained by state and control inputs. The idea for solving this problem is by the combination of two following techniques. We deal with the state constraints through Gamkrelidze revisited method, while handling control constraints through the idea of saturation functions and system extensions. This is the first time that quantum purity conservation is formulated in such framework. We obtain the necessary conditions of optimality through the Pontryagin Minimum Principle. Finally, the resulted boundary value problem is solved by a Physics-Informed Neural Network (PINN) approach. The exploited Pontryagin PINN technique is also new in quantum control context. We show that these PINNs play an effective role in learning optimal control actions.",2304.02616v3,quant-ph,2023-03-17 23:21:54+00:00,https://arxiv.org/pdf/2304.02616v3,"""quantum"" AND ""physics-informed neural networks"""
Quasi-normal modes of near-extremal black holes in dRGT massive gravity using Physics-Informed Neural Networks (PINNs),['Marwan Ait Haddou'],"In this study, we demonstrate the use of physics-informed neural networks (PINNs) for computing the quasinormal modes (QNMs) of black holes in de Rham-Gabadadze-Tolley (dRGT) massive gravity. These modes describe the oscillation frequencies of perturbed black holes and are important in understanding the behavior of these objects. We show that by carefully selecting the hyperparameters of the PINN, including the network architecture and the training data, it is possible to achieve good agreement between the computed QNMs and the approximate analytical formula in the near-extremal limit for the smallest mode number. Our results demonstrate the effectiveness of PINNs for solving inverse problems in the context of QNMs and highlight the potential of these algorithms for providing valuable insights into the behavior of black holes.",2303.02395v2,gr-qc,2023-03-04 12:05:46+00:00,https://arxiv.org/pdf/2303.02395v2,"""quantum"" AND ""physics-informed neural networks"""
Complex dynamics on the one-dimensional quantum droplets via time piecewise PINNs,"['Juncai Pu', 'Yong Chen']","The dynamics of one-dimensional quantum droplets and the landing applications of deep learning are recent research hotspots. In this work, we propose a novel time piecewise physics-informed neural networks (PINNs) to study complex dynamics on the one-dimensional quantum droplets by solving the corresponding amended Gross-Pitaevskii equation. The training effect of this network model in the long time domain is far better than that of the conventional PINNs, and each of its subnetworks is independent and highly adjustable. By using time piecewise PINNs with scarce training points, we not only study intrinsic modulation of single droplet and collision between two droplets, but also excite the breathers on droplet background. Intriguingly, we obtain an interference pattern from training result of collision between two droplets, which is a significant feature of the interplay of coherent matter waves. The numerical results showcase that different parameters may lead to completely different dynamic behaviors under the same initial condition in a nonlinear non-integrable system. Our results provide the significant guidance for intrinsic modulation of single droplet, droplet collision and breathers excitation via deep learning technology.",2305.01553v2,physics.flu-dyn,2023-02-26 06:06:43+00:00,https://arxiv.org/pdf/2305.01553v2,"""quantum"" AND ""physics-informed neural networks"""
Deep learning of many-body observables and quantum information scrambling,"['Naeimeh Mohseni', 'Junheng Shi', 'Tim Byrnes', 'Michael J. Hartmann']","Machine learning has shown significant breakthroughs in quantum science, where in particular deep neural networks exhibited remarkable power in modeling quantum many-body systems. Here, we explore how the capacity of data-driven deep neural networks in learning the dynamics of physical observables is correlated with the scrambling of quantum information. We train a neural network to find a mapping from the parameters of a model to the evolution of observables in random quantum circuits for various regimes of quantum scrambling and test its \textit{generalization} and \textit{extrapolation} capabilities in applying it to unseen circuits. Our results show that a particular type of recurrent neural network is extremely powerful in generalizing its predictions within the system size and time window that it has been trained on for both, localized and scrambled regimes. These include regimes where classical learning approaches are known to fail in sampling from a representation of the full wave function. Moreover, the considered neural network succeeds in \textit{extrapolating} its predictions beyond the time window and system size that it has been trained on for models that show localization, but not in scrambled regimes.",2302.04621v2,quant-ph,2023-02-09 13:14:10+00:00,https://arxiv.org/pdf/2302.04621v2,"""quantum"" AND ""physics-informed neural networks"""
Solving two-dimensional quantum eigenvalue problems using physics-informed machine learning,"['Elliott G. Holliday', 'John F. Lindner', 'William L. Ditto']","A particle confined to an impassable box is a paradigmatic and exactly solvable one-dimensional quantum system modeled by an infinite square well potential. Here we explore some of its infinitely many generalizations to two dimensions, including particles confined to rectangle, elliptic, triangle, and cardioid-shaped boxes, using physics-informed neural networks. In particular, we generalize an unsupervised learning algorithm to find the particles' eigenvalues and eigenfunctions. During training, the neural network adjusts its weights and biases, one of which is the energy eigenvalue, so its output approximately solves the Schrödinger equation with normalized and mutually orthogonal eigenfunctions. The same procedure solves the Helmholtz equation for the harmonics and vibration modes of waves on drumheads or transverse magnetic modes of electromagnetic cavities. Related applications include dynamical billiards, quantum chaos, and Laplacian spectra.",2302.01413v1,physics.comp-ph,2023-02-02 20:57:15+00:00,https://arxiv.org/pdf/2302.01413v1,"""quantum"" AND ""physics-informed neural networks"""
Molecular Geometry-aware Transformer for accurate 3D Atomic System modeling,"['Zheng Yuan', 'Yaoyun Zhang', 'Chuanqi Tan', 'Wei Wang', 'Fei Huang', 'Songfang Huang']","Molecular dynamic simulations are important in computational physics, chemistry, material, and biology. Machine learning-based methods have shown strong abilities in predicting molecular energy and properties and are much faster than DFT calculations. Molecular energy is at least related to atoms, bonds, bond angles, torsion angles, and nonbonding atom pairs. Previous Transformer models only use atoms as inputs which lack explicit modeling of the aforementioned factors. To alleviate this limitation, we propose Moleformer, a novel Transformer architecture that takes nodes (atoms) and edges (bonds and nonbonding atom pairs) as inputs and models the interactions among them using rotational and translational invariant geometry-aware spatial encoding. Proposed spatial encoding calculates relative position information including distances and angles among nodes and edges. We benchmark Moleformer on OC20 and QM9 datasets, and our model achieves state-of-the-art on the initial state to relaxed energy prediction of OC20 and is very competitive in QM9 on predicting quantum chemical properties compared to other Transformer and Graph Neural Network (GNN) methods which proves the effectiveness of the proposed geometry-aware spatial encoding in Moleformer.",2302.00855v1,q-bio.MN,2023-02-02 03:49:57+00:00,https://arxiv.org/pdf/2302.00855v1,"""quantum"" AND ""physics-informed neural networks"""
An Application of Pontryagin Neural Networks to Solve Optimal Quantum Control Problems,"['Nahid Binandeh Dehaghani', 'A. Pedro Aguiar']","Reliable high-fidelity quantum state transformation has always been considered as an inseparable part of quantum information processing. In this regard, Pontryagin maximum principle has proved to play an important role to achieve the maximum fidelity in an optimum time or energy. Motivated by this, in this work, we formulate a control constrained optimal control problem where we aim to minimize time and also energy subjected to a quantum system satisfying the bilinear Schrodinger equation. We derive the first order optimality conditions through the application of Pontryagin Maximum (minimum) Principle, which results in a boundary value problem. Next, in order to obtain efficient numerical results, we exploit a particular family of physics-informed neural networks that are specifically designed to tackle the indirect method based on the Maximum Principle of Pontryagin. This method has not yet been studied in the quantum context, but it can significantly speed up the process. To this end, we first obtain a set of relations which finally let us compute the optimal control strategy to determine the time- and energy-optimal protocol driving a general initial state to a target state by a quantum Hamiltonian with bounded control. We make use of the so-called ""qutip"" package in python, and the newly developed ""tfc"" python package.",2302.09143v1,quant-ph,2023-02-01 17:48:07+00:00,https://arxiv.org/pdf/2302.09143v1,"""quantum"" AND ""physics-informed neural networks"""
Deep Quantum Error Correction,"['Yoni Choukroun', 'Lior Wolf']","Quantum error correction codes (QECC) are a key component for realizing the potential of quantum computing. QECC, as its classical counterpart (ECC), enables the reduction of error rates, by distributing quantum logical information across redundant physical qubits, such that errors can be detected and corrected. In this work, we efficiently train novel {\emph{end-to-end}} deep quantum error decoders. We resolve the quantum measurement collapse by augmenting syndrome decoding to predict an initial estimate of the system noise, which is then refined iteratively through a deep neural network. The logical error rates calculated over finite fields are directly optimized via a differentiable objective, enabling efficient decoding under the constraints imposed by the code. Finally, our architecture is extended to support faulty syndrome measurement, by efficient decoding of repeated syndrome sampling. The proposed method demonstrates the power of neural decoders for QECC by achieving state-of-the-art accuracy, outperforming {for small distance topological codes,} the existing {end-to-end }neural and classical decoders, which are often computationally prohibitive.",2301.11930v2,quant-ph,2023-01-27 08:16:26+00:00,https://arxiv.org/pdf/2301.11930v2,"""quantum"" AND ""physics-informed neural networks"""
Revealing the nature of hidden charm pentaquarks with machine learning,"['Zhenyu Zhang', 'Jiahao Liu', 'Jifeng Hu', 'Qian Wang', 'Ulf-G. Meißner']","We study the nature of the hidden charm pentaquarks, i.e. the $P_c(4312)$, $P_c(4440)$ and $P_c(4457)$, with a neural network approach in pionless effective field theory. In this framework, the normal $χ^2$ fitting approach cannot distinguish the quantum numbers of the $P_c(4440)$ and $P_c(4457)$. In contrast to that, the neural network-based approach can discriminate them. In addition, we also illustrate the role of each experimental data bin of the invariant $J/ψp$ mass distribution on the underlying physics in both neural network and fitting methods. Their similarities and differences demonstrate that neural network methods can use data information more effectively and directly. This study provides more insights about how the neural network-based approach predicts the nature of exotic states from the mass spectrum.",2301.05364v2,hep-ph,2023-01-13 02:12:10+00:00,https://arxiv.org/pdf/2301.05364v2,"""quantum"" AND ""physics-informed neural networks"""
eFIN: Enhanced Fourier Imager Network for generalizable autofocusing and pixel super-resolution in holographic imaging,"['Hanlong Chen', 'Luzhe Huang', 'Tairan Liu', 'Aydogan Ozcan']","The application of deep learning techniques has greatly enhanced holographic imaging capabilities, leading to improved phase recovery and image reconstruction. Here, we introduce a deep neural network termed enhanced Fourier Imager Network (eFIN) as a highly generalizable framework for hologram reconstruction with pixel super-resolution and image autofocusing. Through holographic microscopy experiments involving lung, prostate and salivary gland tissue sections and Papanicolau (Pap) smears, we demonstrate that eFIN has a superior image reconstruction quality and exhibits external generalization to new types of samples never seen during the training phase. This network achieves a wide autofocusing axial range of 0.35 mm, with the capability to accurately predict the hologram axial distances by physics-informed learning. eFIN enables 3x pixel super-resolution imaging and increases the space-bandwidth product of the reconstructed images by 9-fold with almost no performance loss, which allows for significant time savings in holographic imaging and data processing steps. Our results showcase the advancements of eFIN in pushing the boundaries of holographic imaging for various applications in e.g., quantitative phase imaging and label-free microscopy.",2301.03162v1,physics.optics,2023-01-09 04:12:10+00:00,https://arxiv.org/pdf/2301.03162v1,"""quantum"" AND ""physics-informed neural networks"""
Quantum Machine Learning: from physics to software engineering,"['Alexey Melnikov', 'Mohammad Kordzanganeh', 'Alexander Alodjants', 'Ray-Kuang Lee']","Quantum machine learning is a rapidly growing field at the intersection of quantum technology and artificial intelligence. This review provides a two-fold overview of several key approaches that can offer advancements in both the development of quantum technologies and the power of artificial intelligence. Among these approaches are quantum-enhanced algorithms, which apply quantum software engineering to classical information processing to improve keystone machine learning solutions. In this context, we explore the capability of hybrid quantum-classical neural networks to improve model generalization and increase accuracy while reducing computational resources. We also illustrate how machine learning can be used both to mitigate the effects of errors on presently available noisy intermediate-scale quantum devices, and to understand quantum advantage via an automatic study of quantum walk processes on graphs. In addition, we review how quantum hardware can be enhanced by applying machine learning to fundamental and applied physics problems as well as quantum tomography and photonics. We aim to demonstrate how concepts in physics can be translated into practical engineering of machine learning solutions using quantum software.",2301.01851v2,quant-ph,2023-01-04 23:37:45+00:00,https://arxiv.org/pdf/2301.01851v2,"""quantum"" AND ""physics-informed neural networks"""
Machine learning phases of an Abelian gauge theory,"['Jhao-Hong Peng', 'Yuan-Heng Tseng', 'Fu-Jiun Jiang']","The phase transition of the two-dimensional $U(1)$ quantum link model on the triangular lattice is investigated by employing a supervised neural network (NN) consisting of only one input layer, one hidden layer of two neurons, and one output layer. No information on the studied model is used when the NN training is conducted. Instead, two artificially made configurations are considered as the training set. Interestingly, the obtained NN not only estimates the critical point accurately but also uncovers the physics correctly. The results presented here imply that a supervised NN, which has a very simple architecture and is trained without any input from the investigated model, can identify the targeted phase structure with high precision.",2212.14655v1,hep-lat,2022-12-30 12:36:33+00:00,https://arxiv.org/pdf/2212.14655v1,"""quantum"" AND ""physics-informed neural networks"""
Harmonic (Quantum) Neural Networks,"['Atiyo Ghosh', 'Antonio A. Gentile', 'Mario Dagrada', 'Chul Lee', 'Seong-Hyok Kim', 'Hyukgeun Cha', 'Yunjun Choi', 'Brad Kim', 'Jeong-Il Kye', 'Vincent E. Elfving']","Harmonic functions are abundant in nature, appearing in limiting cases of Maxwell's, Navier-Stokes equations, the heat and the wave equation. Consequently, there are many applications of harmonic functions from industrial process optimisation to robotic path planning and the calculation of first exit times of random walks. Despite their ubiquity and relevance, there have been few attempts to incorporate inductive biases towards harmonic functions in machine learning contexts. In this work, we demonstrate effective means of representing harmonic functions in neural networks and extend such results also to quantum neural networks to demonstrate the generality of our approach. We benchmark our approaches against (quantum) physics-informed neural networks, where we show favourable performance.",2212.07462v2,cs.LG,2022-12-14 19:13:59+00:00,https://arxiv.org/pdf/2212.07462v2,"""quantum"" AND ""physics-informed neural networks"""
Solving the Teukolsky equation with physics-informed neural networks,"['Raimon Luna', 'Juan Calderón Bustillo', 'Juan José Seoane Martínez', 'Alejandro Torres-Forné', 'José A. Font']","We use physics-informed neural networks (PINNs) to compute the first quasi-normal modes of the Kerr geometry via the Teukolsky equation. This technique allows us to extract the complex frequencies and separation constants of the equation without the need for sophisticated numerical techniques, and with an almost immediate implementation under the \texttt{PyTorch} framework. We are able to compute the oscillation frequencies and damping times for arbitrary black hole spins and masses, with accuracy typically below the percentual level as compared to the accepted values in the literature. We find that PINN-computed quasi-normal modes are indistinguishable from those obtained through existing methods at signal-to-noise ratios (SNRs) larger than 100, making the former reliable for gravitational-wave data analysis in the mid term, before the arrival of third-generation detectors like LISA or the Einstein Telescope, where SNRs of ${\cal O}(1000)$ might be achieved.",2212.06103v2,gr-qc,2022-12-12 18:23:41+00:00,https://arxiv.org/pdf/2212.06103v2,"""quantum"" AND ""physics-informed neural networks"""
Modeling the Time Evolution of Compact Binary Systems with Machine Learning,"['Jianqi Yan', 'Junjie Luo', 'Yifan Zeng', 'Alex P. Leung', 'Jie Feng', 'Hong-Hao Zhang', 'Weipeng Lin']","This work introduces advanced computational techniques for modeling the time evolution of compact binary systems using machine learning. The dynamics of compact binary systems, such as black holes and neutron stars, present significant nonlinear challenges due to the strong gravitational interactions and the requirement for precise numerical simulations. Traditional methods, like the post-Newtonian approximation, often require significant computational resources and face challenges in accuracy and efficiency. Here, we employed machine learning algorithms, including deep learning models like Long Short-Term Memory (LSTM) and Temporal Convolutional Network (TCN), to predict the future evolution of these systems based on extensive simulation data. Our results demonstrate that employing both LSTM and TCN even as black-box predictors for sequence prediction can also significantly improve the prediction accuracy without PINNs as PDE solvers with prior knowledge or inductive bias. By employing LSTM and TCN, we obtained $R^2$ values of 99.74\% and 99.19\% for the evolutionary orbits of compact binaries dataset, respectively. Our models demonstrate the ability to effectively capture the dynamics of the binaries, achieving high prediction performance with significantly reduced computational overhead by a factor of 40, compared to conventional numerical methods. This study paves the way for more effective and computationally scalable approaches to the understanding of gravitational phenomena and predictive modeling in gravitational-wave astronomy.",2410.04033v1,astro-ph.CO,2024-10-05 04:48:51+00:00,https://arxiv.org/pdf/2410.04033v1,"""quantum"" AND PINN"
Neutrino Interactions with perturbed Rastall Gravity: A Novel Approach to Reducing the Hubble Tension,['Muhammad Yarahmadi'],"We investigate the cosmological implications of coupling neutrinos to perturbed Rastall gravity, focusing on its impact on the Hubble constant ($H_0$) and the associated tension between early- and late-universe measurements with MCMC and PINN method. Utilizing observational data from the Cosmic Microwave Background (CMB), Cosmic Chronometers (CC), Baryon Acoustic Oscillations (BAO), and the Pantheon+ Type Ia supernovae, CMB Lensing, we perform a detailed statistical analysis. Our findings demonstrate that the Rastall model provides an improved fit to the data compared to the standard $Λ$CDM model, as indicated by lower Akaike Information Criterion (AIC) values in both early and late-universe regimes. The model introduces a deviation parameter $α$, which remains consistent with existing literature and differs across epochs, supporting a dynamic gravitational framework. Combining all datasets, the Rastall model yields $H_0 = 70.23 \pm 2.01$ km,s$^{-1}$,Mpc$^{-1}$, significantly reducing the tension with Planck ($1.34σ$) and SH0ES ($1.16σ$) compared to the $\sim 4σ$ discrepancy in $Λ$CDM. Additional dataset combinations confirm this alleviation, with Planck tensions consistently below $1.6σ$. Overall, our results highlight Rastall gravity with neutrino coupling as a promising alternative to $Λ$CDM, capable of addressing current cosmological tensions while aligning with observational data, it can be concluded that the Hubble tension may be resolved.",2401.08871v2,gr-qc,2024-01-16 22:59:34+00:00,https://arxiv.org/pdf/2401.08871v2,"""quantum"" AND PINN"
Physics-Informed Neural Networks as Solvers for the Time-Dependent Schrödinger Equation,"['Karan Shah', 'Patrick Stiller', 'Nico Hoffmann', 'Attila Cangi']","We demonstrate the utility of physics-informed neural networks (PINNs) as solvers for the non-relativistic, time-dependent Schrödinger equation. We study the performance and generalisability of PINN solvers on the time evolution of a quantum harmonic oscillator across varying system parameters, domains, and energy states.",2210.12522v1,quant-ph,2022-10-22 18:40:27+00:00,https://arxiv.org/pdf/2210.12522v1,"""quantum"" AND PINN"
Physics-informed neural networks for quantum control,"['Ariel Norambuena', 'Marios Mattheakis', 'Francisco J. González', 'Raúl Coto']","Quantum control is a ubiquitous research field that has enabled physicists to delve into the dynamics and features of quantum systems, delivering powerful applications for various atomic, optical, mechanical, and solid-state systems. In recent years, traditional control techniques based on optimization processes have been translated into efficient artificial intelligence algorithms. Here, we introduce a computational method for optimal quantum control problems via physics-informed neural networks (PINNs). We apply our methodology to open quantum systems by efficiently solving the state-to-state transfer problem with high probabilities, short-time evolution, and using low-energy consumption controls. Furthermore, we illustrate the flexibility of PINNs to solve the same problem under changes in physical parameters and initial conditions, showing advantages in comparison with standard control techniques.",2206.06287v2,quant-ph,2022-06-13 16:17:22+00:00,https://arxiv.org/pdf/2206.06287v2,"""quantum"" AND PINN"
Using physics-informed neural networks to compute quasinormal modes,"['Alan S. Cornell', 'Anele Ncube', 'Gerhard Harmsen']","In recent years there has been an increased interest in neural networks, particularly with regard to their ability to approximate partial differential equations. In this regard, research has begun on so-called physics-informed neural networks (PINNs) which incorporate into their loss function the boundary conditions of the functions they are attempting to approximate. In this paper, we investigate the viability of obtaining the quasi-normal modes (QNMs) of non-rotating black holes in 4-dimensional space-time using PINNs, and we find that it is achievable using a standard approach that is capable of solving eigenvalue problems (dubbed the eigenvalue solver here). In comparison to the QNMs obtained via more established methods (namely, the continued fraction method and the 6th-order Wentzel, Kramer, Brillouin method) the PINN computations share the same degree of accuracy as these counterparts. In other words, our PINN approximations had percentage deviations as low as $(δω_{_{Re}}, δω_{_{Im}}) = (<0.01\%, <0.01\%)$. In terms of the time taken to compute QNMs to this accuracy, however, the PINN approach falls short, leading to our conclusion that the method is currently not to be recommended when considering overall performance.",2205.08284v2,physics.comp-ph,2022-05-17 12:31:42+00:00,https://arxiv.org/pdf/2205.08284v2,"""quantum"" AND PINN"
Hybrid Quantum-Classical Algorithms for Loan Collection Optimization with Loan Loss Provisions,"['Jirawat Tangpanitanon', 'Jirawat Saiphet', 'Pantita Palittapongarnpim', 'Poompong Chaiwongkhot', 'Pinn Prugsanapan', 'Nuntanut Raksasri', 'Yarnvith Raksri', 'Pairash Thajchayapong', 'Thiparat Chotibut']","Banks are required to set aside funds in their income statement, known as a loan loss provision (LLP), to account for potential loan defaults and expenses. By treating the LLP as a global constraint, we propose a hybrid quantum-classical algorithm to solve Quadratic Constrained Binary Optimization (QCBO) models for loan collection optimization. The objective is to find a set of optimal loan collection actions that maximizes the expected net profit presented to the bank as well as the financial welfare in the financial network of loanees, while keeping the LLP at its minimum. Our algorithm consists of three parts: a classical divide-and-conquer algorithm to enable a large-scale optimization, a quantum alternating operator ansatz (QAOA) algorithm to maximize the objective function, and a classical sampling algorithm to handle the LLP. We apply the algorithm to a real-world data set with 600 loanees and 5 possible collection actions. The QAOA is performed using up to 35 qubits on a classical computer. We show that the presence of the QAOA can improve the expected net profit by approximately $70\%$, compared to when the QAOA is absent from the hybrid algorithm. Our work illustrates the use of near-term quantum devices to tackle real-world optimization problems.",2110.15870v2,quant-ph,2021-10-29 15:51:31+00:00,https://arxiv.org/pdf/2110.15870v2,"""quantum"" AND PINN"
Investigating a New Approach to Quasinormal Modes: Physics-Informed Neural Networks,"['Anele M Ncube', 'Gerhard E Harmsen', 'Alan S Cornell']","Physics-informed neural networks (PINNs) hold the potential for supplementing the existing set of techniques for solving differential equations that emerge in the study of black hole quasinormal modes. The present research investigated them by studying black hole perturbation equations with known analytical solutions and thus could be framed as inverse problems in PINNs. Our main goal was to test the accuracy of PINNs in computing unknown quasinormal frequencies within the differential equations. The black hole perturbation scenarios that we considered included near extremal Schwarzschild-de Sitter and Reissner-Nordström-de Sitter black holes, and a toy problem resembling them. For these cases, it was shown that PINNs could compute the QNFs with up to 4 digit decimal accuracy for the lowest multipole number, $l$, and lowest mode number, $n$.",2108.05867v1,gr-qc,2021-08-12 17:28:48+00:00,https://arxiv.org/pdf/2108.05867v1,"""quantum"" AND PINN"
Development of a physically-informed neural network interatomic potential for tantalum,"['Yi-Shen Lin', 'Ganga P. Purja Pun', 'Yuri Mishin']","Large-scale atomistic simulations of materials heavily rely on interatomic potentials, which predict the system energy and atomic forces. One of the recent developments in the field is constructing interatomic potentials by machine-learning (ML) methods. ML potentials predict the energy and forces by numerical interpolation using a large reference database generated by quantum-mechanical calculations. While high accuracy of interpolation can be achieved, extrapolation to unknown atomic environments is unpredictable. The recently proposed physically-informed neural network (PINN) model significantly improves the transferability by combining a neural network regression with a physics-based bond-order interatomic potential. Here, we demonstrate that general-purpose PINN potentials can be developed for body-centered cubic (BCC) metals. The proposed PINN potential for tantalum reproduces the reference energies within 2.8 meV/atom. It accurately predicts a broad spectrum of physical properties of Ta, including (but not limited to) lattice dynamics, thermal expansion, energies of point and extended defects, the dislocation core structure and the Peierls barrier, the melting temperature, the structure of liquid Ta, and the liquid surface tension. The potential enables large-scale simulations of physical and mechanical behavior of Ta with nearly first-principles accuracy while being orders of magnitude faster. This approach can be readily extended to other BCC metals.",2101.06540v1,cond-mat.mtrl-sci,2021-01-16 22:49:09+00:00,https://arxiv.org/pdf/2101.06540v1,"""quantum"" AND PINN"
Solving forward and inverse problems of the logarithmic nonlinear Schrodinger equation with PT-symmetric harmonic potential via deep learning,"['Zijian Zhou', 'Zhenya Yan']","In this paper, we investigate the logarithmic nonlinear Schrödinger (LNLS) equation with the parity-time (PT)-symmetric harmonic potential, which is an important physical model in many fields such as nuclear physics, quantum optics, magma transport phenomena, and effective quantum gravity. Three types of initial value conditions and periodic boundary conditions are chosen to solve the LNLS equation with PT -symmetric harmonic potential via the physics-informed neural networks (PINNs) deep learning method, and these obtained results are compared with ones deduced from the Fourier spectral method. Moreover, we also investigate the effectiveness of the PINNs deep learning for the LNLS equation with PT symmetric potential by choosing the distinct space widths or distinct optimized steps. Finally, we use the PINNs deep learning method to effectively tackle the data-driven discovery of the LNLS equation with PT -symmetric harmonic potential such that the coefficients of dispersion and nonlinear terms or the amplitudes of PT -symmetric harmonic potential can be approximately found.",2012.02979v1,nlin.PS,2020-12-05 09:01:58+00:00,https://arxiv.org/pdf/2012.02979v1,"""quantum"" AND PINN"
Relativistic interactions for the meson-two-nucleon system in the clothed-particle unitary representation,"['V. Yu. Korda', 'L. Canton', 'A. V. Shebeko']","The method of unitary clothing transformations put forward in relativistic quantum field theory (QFT) by Greenberg and Schweber and developed by Shirokov is applied to construct a new family of interactions in the meson-two-nucleon system. Along with a brief exposition of its basic elements we show a specific transition from the initial ``bare'' one-meson and one-nucleon operators and states to their physical ``clothed'' counterparts. We emphasize that the clothing transformations in question do not alter the original total Hamiltonian, but provides a conceptually more transparent representation of the same Hamiltonian in terms of a new set of operators for particles with physical properties and their relativistic interactions. The Hermitian and energy-independent interaction operators for the processes piN -> piN, NN -> NN and NN -> pi NN are derived starting from the Yukawa-type couplings between fermions (nucleons and antinucleons) and bosons (pi-, eta-, rho-, omega-mesons, etc.). These types of interaction have a distinctive off-energy-shell structure which is naturally generated by the unitary transformation that removes from the Hamiltonian the (three-leg) piNN vertex coupling.",nucl-th/0603025v1,nucl-th,2006-03-08 14:29:28+00:00,https://arxiv.org/pdf/nucl-th/0603025v1,"""quantum"" AND PINN"
Pion re-scattering in pi0 production,"['V. Malafaia', 'M. T. Pena']","This work discusses the approximations frequently used to calculate the contribution to pion production in proton-proton scattering near threshold from irreducible pion re-scattering. The reference result is obtained from the quantum mechanical reduction of the corresponding Feynman diagram to Time-Ordered Field Theory diagrams. We conclude that the Distorted Wave Born Approximation is quite adequate at threshold energies and even above. We discuss the choices for the energy of the exchanged pion, both for its propagator and for the piN amplitude describing the re-scattering vertex. The calculation employs a physical model for nucleons and pions -- pseudo-vector coupling for the piNN vertex and realistic amplitudes for the piN re-scattering and for the NN transitions in the initial and final states.",nucl-th/0312017v1,nucl-th,2003-12-04 15:59:51+00:00,https://arxiv.org/pdf/nucl-th/0312017v1,"""quantum"" AND PINN"
Unified relativistic description of piNN and gamma-piNN,"['A. N. Kvinikhidze', 'B. Blankleider']","We present a unified description of the relativistic piNN and gamma-piNN systems where the strong interactions are described non-perturbatively by four-dimensional integral equations. A feature of our approach is that the photon is coupled in all possible ways to the strong interaction contributions. Thus the hadronic processes NN -> NN, NN -> pid, pid -> pid, etc. and corresponding electromagnetic processes NN -> gamma-NN, gamma-d -> NN, gamma-d -> pid, ed -> ed, ed -> e'pid, etc., are described simultaneously within the one model of strong interactions. Our formulation obeys two and three-body unitarity, and as photons are coupled everywhere in the strong interaction model, gauge invariance is implemented in the way prescribed by quantum field theory. Our formulation is also free from the overcounting and undercounting problems plaguing four-dimensional descriptions of piNN-like systems. The unified description is achieved through the use of the recently introduced gauging of equations method.",nucl-th/9810025v1,nucl-th,1998-10-09 16:52:11+00:00,https://arxiv.org/pdf/nucl-th/9810025v1,"""quantum"" AND PINN"
On the Universality of Certain Non-Renormalizable Contributions in Two-Dimensional Quantum Field Theory,"['M. Caselle', 'K. Pinn']","We consider the question of removing the ultraviolet cutoff in a 2D Quantum Field Theory with an interaction term which is non-renormalizable by power counting. This model arises as the first non-trivial correction beyond the Gaussian approximation of the so called Capillary Wave or Drumhead Model, and is rather important from a physical point of view since it correctly describes the finite size effects of two-dimensional interfaces. Despite the fact that the interaction is non-renormalizable, we prove that for a large class of regularization schemes the finite and divergent parts can be separated in a simple way. Furthermore, the finite part is independent of the choice of cutoff prescription used.",hep-lat/9602026v1,hep-lat,1996-02-27 14:26:40+00:00,https://arxiv.org/pdf/hep-lat/9602026v1,"""quantum"" AND PINN"
Monte Carlo Simulation of 2-D Quantum Gravity as Open Dynamically Triangulate Random Surfaces,"['E. Adi', 'M. Hasenbusch', 'M. Marcu', 'E. Pazy', 'K. Pinn', 'S. Solomon']","We describe a Monte Carlo procedure for the simulation of dynamically triangulate random surfaces with a boundary (topology of a disk). The algorithm keeps the total number of triangles fixed, while the length of the boundary is allowed to fluctuate. The algorithm works in the presence of matter fields. We here present results for the pure gravity case. The algorithm reproduces the theoretical expectations.",hep-lat/9310016v1,hep-lat,1993-10-15 12:59:19+00:00,https://arxiv.org/pdf/hep-lat/9310016v1,"""quantum"" AND PINN"
