title,arxiv_id,category,date,cluster,abstract_clean
Quantum-Classical Physics-Informed Neural Networks for Solving Reservoir Seepage Equations,2512.03923v1,cs.LG,2025-12-03 16:14:16+00:00,1,solving pdes reservoir seepage critical optimizing oil gas field development predicting production performance traditional suffer meshdependent errors high costs physicsinformed pinns face bottlenecks parameter efficiency highdimensional expression strong nonlinear fitting address limitations discrete variable dvcircuit quantumclassical physicsinformed qcpinn typical reservoir seepage time pressure diffusion heterogeneous singlephase flow nonlinear buckleyleverett bl twophase waterflooding convectiondiffusion compositional flow considering adsorption qcpinn integrates dv core leveraging superposition entanglement enhance highdimensional feature mapping embedding physical constraints ensure consistency test circuit topologies cascade crossmesh alternate experiments qcpinns achieve high prediction fewer parameters pinns specifically alternate topology outperforms others heterogeneous singlephase flow twophase bl simulations cascade topology excels compositional flow coupling verifies feasibility qcpinn reservoir engineering applications bridging gap computing research industrial practice oil gas engineering
Quantum Orthogonal Separable Physics-Informed Neural Networks,2511.12613v1,quant-ph,2025-11-16 14:15:19+00:00,1,introduces orthogonal separable physicsinformed qospinns architecture solving equations integrating computing principles address bottlenecks methods leverage accelerating matrix multiplication within layer achieving mathcal odlog de complexity significant improvement mathcal od complexity d dimension matrix e level accomplished hamming weightpreserving circuit unary basis encoding comprehensive theoretical analysis overall architecture provided practical utility applying solve forward inverse pde problems furthermore exploit inherent orthogonality circuits which guarantees spectral norm uncertainty quantification method adapts spectral normalized gaussian process spinns eliminating need computationally expensive spectral normalization step orthogonal spinn architecture stacking robust framework uncertainty quantification uq which knowledge uq specifically designed separable pinns simulation circuits validate theoretical claims efficacy method
APRIL: Auxiliary Physically-Redundant Information in Loss - A physics-informed framework for parameter estimation with a gravitational-wave case study,2510.13677v1,gr-qc,2025-10-15 15:34:19+00:00,3,physicsinformed pinns embed pdes governing directly networks ensuring respect physical laws effective singlesystem problems standard pinns scale poorly datasets containing many realizations underlying physics varying parameters address limitation present complementary including auxiliary physicallyredundant information loss april ie augment standard supervised outputtarget loss auxiliary terms exploit exact physical redundancy relations among outputs mathematically terms preserve true physical minimum reshaping loss landscape improving convergence toward physically consistent solutions proofofconcept benchmark april fullyconnected gravitational wave gw parameter estimation pe simulated noisefree compact binary coalescence cbc signals focusing inspiralfrequency waveforms recover chirp mass mathcalm total mass mmathrmtot symmetric mass ratio e binary controlled setting april achieves orderofmagnitude improvement test accuracy especially parameters otherwise difficult learn provides physically consistent large multisystem datasets well suited future gw analyses involving realistic noise broader parameter ranges
"Neural PDE Solvers with Physics Constraints: A Comparative Study of PINNs, DRM, and WANs",2510.09693v1,cs.LG,2025-10-09 13:41:51+00:00,4,pdes underpin across science engineering yet analytical atypical meshbased solvers costly high dimensions dissertation unified comparison meshfree pde solvers physicsinformed pinns ritz drm weak adversarial wans poisson up d timeindependent schrodinger dd infinite well harmonic oscillator extends laserdriven case schrodingers via kramershenneberger kh transformation common protocol achieve low l errors paired forced boundary conditions fbcs forced nodes fns orthogonality regularization og across tasks pinns reliable recovery excited spectra drm offers best accuracyruntime tradeoff stationary problems wan sensitive competitive weakform constraints fnog effectively sensitivity analyses fbc removes boundaryloss tuning width matters depth singlenetwork solvers gains occur within epochs toolkit solves kh case indicating transfer beyond canonical benchmarks practical guidelines selection outline following extensions timedependent formulations drm wan adaptive residualdriven sampling parallel multistate training domain decomposition support physicsguided solvers credible scalable tools solving complex pdes
Quantum Random Feature Method for Solving Partial Differential Equations,2510.07945v1,quant-ph,2025-10-09 08:42:09+00:00,1,computing holds significant promise scientific computing due potential polynomial even exponential speedups methods often hindered curse dimensionality present meshfree alternative solve pdes difficult achieve since needs solve highdimensional nonconvex optimization stochastic gradient descent variants convergence difficult prove cannot guaranteed random feature rfm effectively merges advantages analysis techniques achieving spectral natural adaptability complex geometries work random feature qrfm leverages computing accelerate rfm framework constructs pde quantumgenerated random features enforces governing via collocation approach complexity analysis demonstrates hybrid quantumclassical achieve quadratic speedup rfm
PALQO: Physics-informed Model for Accelerating Large-scale Quantum Optimization,2509.20733v1,quant-ph,2025-09-25 04:26:02+00:00,1,variational vqas leading strategies reach practical utilities nearterm devices however nocloning theorem mechanics precludes standard backpropagation leading prohibitive resource costs applying vqas largescale tasks address challenge reformulate dynamics vqas nonlinear protocol leverages physicsinformed pinns dynamical efficiently given small amount trajectory collected devices protocol predicts parameter updates vqas multiple iterations side dramatically reducing resource costs systematic experiments achieves x speedup compared conventional reduces resource costs much tasks involving qubits including ground state preparation different systems maintaining competitive accuracy complements existing techniques aimed improving efficiency vqas strengthens potential practical applications
Physics-informed neural network solves minimal surfaces in curved spacetime,2509.10866v2,hep-th,2025-09-13 15:41:13+00:00,7,flexible framework physicsinformed pinns solving boundary value involving minimal surfaces curved spacetimes particular emphasis singularities moving boundaries encoding underlying physical laws loss designing architectures incorporate singular behavior dynamic boundaries enables robust accurate ordinary complex boundary conditions versatility framework applications minimal surface antide sitter ads spacetime including examples relevant adscft correspondence eg wilson loops gluon scattering amplitudes popularly context string theory theoretical physics efficiently handle singularities boundaries support soft lossbased hard formulationbased imposition boundary conditions including cases position boundary promoted trainable parameter techniques developed limited highenergy theoretical physics broadly applicable boundary value encountered mathematics engineering natural sciences wherever singularities moving boundaries play critical role
Quantum neural ordinary and partial differential equations,2508.18326v1,quant-ph,2025-08-24 18:43:44+00:00,5,present unified framework called ordinary qnodes qnpdes brings continuoustime formalism odespdes control define qnodes evolution finitedimensional systems qnpdes infinitedimensional continuousvariable counterparts governed generalised schrodingertype hamiltonian dynamics unitary evolution coupled corresponding loss function notably formalism permits gradient estimation adjointstate method facilitating dynamics dynamics mapped relatively easily dynamics method present computing gradients without time discretisation enabling gradient computation would otherwise less devices formalism subsumes wide array applications including state preparation hamiltonian learning dynamics open systems autonomous nonautonomous odes pdes many applications scenarios hamiltonian relatively tunable parameters yet corresponding simulation remains inefficient making approaches advantageous gradient estimation continuoustime perspective serve blueprint designing architectures generalising discretelayered continuousdepth models
Separated-Variable Spectral Neural Networks: A Physics-Informed Learning Approach for High-Frequency PDEs,2508.00628v1,cs.LG,2025-08-01 13:40:10+00:00,1,solving highfrequency oscillatory pdes critical challenge scientific computing applications fluid mechanics mechanics electromagnetic wave propagation traditional physicsinformed pinns suffer spectral bias limiting ability capture highfrequency components separatedvariable spectral svsnn framework addresses limitations integrating separation variables adaptive spectral methods features key innovations decomposition multivariate univariate products enabling independent spatial temporal networks adaptive fourier spectral features learnable frequency parameters highfrequency capture theoretical framework singular value decomposition quantify spectral bias comprehensive evaluation benchmark including heat equation helmholtz equation poisson navierstokes demonstrates svsnn achieves orders magnitude improvement reducing parameter count time establish svsnn effective spectral bias pde solving implementation made publicly available upon acceptance
"Quantum Physics-Informed Neural Networks for Maxwell's Equations: Circuit Design, ""Black Hole"" Barren Plateaus Mitigation, and GPU Acceleration",2506.23246v1,quant-ph,2025-06-29 14:10:38+00:00,3,physicsinformed pinns emerged promising solving embedding governing physics loss associated network work physicsinformed qpinn framework solve twodimensional d timedependent maxwells equations utilizes parameterized circuit conjunction architecture enforces physical laws including global energy conservation principle training simulation library developed efficiently compute circuit outputs derivatives leveraging gpu acceleration pytorch enabling endtoend qpinn evaluated d electromagnetic wave propagation problems free space vacuum dielectric medium multiple circuit ansatze input scales added loss term compared thorough ablation study furthermore recent techniques enhance pinn convergence including random fourier feature embeddings adaptive timeweighting incorporated qpinn achieves comparable even greater pinn baseline significantly smaller number trainable parameters adding energy conservation term loss stabilizes improves physical fidelity lossless freespace case added term helps mitigate kind barren plateau bp related phenomenon black hole bh loss landscape experiments scenario optimizing quantumcircuit ansatz embedding energyconservation constraints qpinn achieves percent higher d maxwell benchmark compared pinn
On Quantum BSDE Solver for High-Dimensional Parabolic PDEs,2506.14612v2,q-fin.MF,2025-06-17 15:10:42+00:00,4,framework approximating highdimensional parabolic pdes reformulated backward stochastic bsdes contrast popular quantumclassical hybrid approaches employs pure variational circuit vqc core solver without trainable networks bsde solver performs pathwise approximation via temporal discretization monte carlo simulation framed modelbased reinforcement learning benchmark vqcbased dnn solvers canonical pdes representatives blackscholes nonlinear hamiltonjacobibellman hjb equations vqc achieves lower variance improved cases particularly highly nonlinear regimes outofthemoney options demonstrating greater robustness dnns results obtained via circuit simulation highlight potential vqcs scalable stable solvers highdimensional stochastic control problems
Energy-Embedded Neural Solvers for One-Dimensional Quantum Systems,2505.24194v1,physics.comp-ph,2025-05-30 04:13:26+00:00,4,physicsinformed pinn widely physics solve pdes study energyembeddingbased physicsinformed solving onedimensional timeindependent schrodinger obtain ground excitedstate wave functions well energy eigenvalues incorporating embedding layer generate processdriven data demonstrates high several wellknown potentials infinite potential well harmonic oscillator potential woodssaxon potential doublewell potential validation performs well solving radial coulomb potential equation showcasing adaptability extensibility extended solve beyond schrodinger holds promise applications highdimensional systems
Fast and Flexible Quantum-Inspired Differential Equation Solvers with Data Integration,2505.17046v1,math.NA,2025-05-15 12:38:47+00:00,4,accurately solving highdimensional pdes remains central challenge mathematics traditional methods effective lowdimensional settings coarse grids often struggle deliver precision required practical applications recent learningbased approaches offer flexibility frequently fall short terms reliability particularly industrial contexts work explore quantuminspired quantized tensor trains qtt enabling accurate pdes variety challenging scenarios several representative examples qtt achieve logarithmic scaling memory cost linear nonlinear pdes additionally technique datadriven within quantuminspired framework combining adaptability enhanced reduced time
Multi-stream Physics Hybrid Networks for solving Navier-Stokes equations,2504.01891v1,physics.flu-dyn,2025-04-02 16:50:54+00:00,1,understanding solving fluid dynamics efficiently remains fundamental challenge physics traditional solvers physicsinformed struggle capture full range frequency components solutions limiting efficiency here multistream physics hybrid network architecture integrates layers parallel improve solving fluid dynamics equations namely kovasznay flow problem decomposes separate frequency components predicted independent parallel hybrid networks simplifying process enhancing performance evaluated comparable network multistream physics network datadriven physicsdriven scenarios multistream physics hybrid achieves reduction root mean square error velocity components pressure prediction compared model fewer trainable parameters findings highlight potential hybrid quantumclassical architectures advancing fluid dynamics
Perturbation Analysis and Neural Network-Based Initial Condition Estimation for the Sine-Gordon Equation,2504.00386v1,math.AP,2025-04-01 03:08:22+00:00,7,sinegordon fundamental nonlinear governs soliton dynamics phase evolution variety physical systems including josephson junctions superconducting circuits study analyze effects external perturbations damping driving forces stability soliton solutions rigorous hilbert space framework establish wellposedness derive regularity perturbed equation particular sufficient conditions boundedness perturbation function plays crucial role determining persistence soliton structure furthermore networkbased solving inverse estimating unknown initial conditions datadriven simulated pde solutions accurately recover initial states limited noisy observations simulations validate theoretical highlight potential combining mathematical analysis techniques nonlinear wave phenomena offers valuable insights soliton behavior potential applications design computing josephson junctions
QCPINN: Quantum-Classical Physics-Informed Neural Networks for Solving PDEs,2503.16678v6,quant-ph,2025-03-20 19:52:26+00:00,1,physicsinformed pinns emerged promising solving pdes embedding physical laws within architectures however approaches often require large number parameters achieve reasonable accuracy particularly complex pdes paper present quantumclassical physicsinformed qcpinn combines components allowing us solve pdes significantly fewer parameters maintaining comparable convergence pinns systematically evaluated circuit architectures across various configurations five benchmark pdes identify optimal qcpinn designs qcpinn achieves stable convergence comparable trainable parameters required pinns significant reduction relative l error helmholtz kleingordon convectiondiffusion equations reduction ranging across various fields findings potential parameter efficiency physicsinformed learning allowing substantial decrease complexity without compromising qualityqcpinn promising pathway address challenges associated solving pdes
Quantum physics informed neural networks for multi-variable partial differential equations,2503.12244v2,quant-ph,2025-03-15 19:55:33+00:00,1,physicsinformed qpinns integrate computing impose physical biases output network aiming either solve discover equations recently implemented gate continuous variable computing architecture capable solving ordinary equations here aim extend effectively address wider range equations poisson heat equation achieve goal architecture specifically designed compute secondorder and higherorder derivatives without relying nested automatic differentiation methods mitigates unwanted side effects associated nested gradients simulations paving way accurate implementations leveraging approach circuit addresses equations challenge yet tackled continuousvariable computers proofofconcept solve onedimensional instance heat equation demonstrating effectiveness handling pdes ideal noisy regime report experiment photonic hardware address realistic noise scenario simulations framework paves way developments continuousvariable computing underscores potential contributions advancing learning
Quantum Recurrent Neural Networks with Encoder-Decoder for Time-Dependent Partial Differential Equations,2502.13370v1,cs.LG,2025-02-19 02:09:43+00:00,4,nonlinear timedependent essential modeling complex phenomena across diverse fields yet pose significant challenges due complexity especially higher dimensions explores recurrent within encoderdecoder framework integrating variational circuits gated recurrent units long shortterm memory networks architecture efficiently compresses highdimensional spatiotemporal compact latent space facilitating temporal evolution evaluate hamiltonjacobibellman equation burgers equation grayscott reactiondiffusion system dimensional michaelismenten reactiondiffusion equation superior quantumbased capturing nonlinear dynamics handling highdimensional spaces providing stable solutions highlighting potential innovative tool solving challenging complex systems
Lower Bound on the Representation Complexity of Antisymmetric Tensor Product Functions,2501.05958v3,math.NA,2025-01-10 13:37:32+00:00,4,tensor product tpf approximations widely adopted solving highdimensional problems eigenvalue problems achieving desirable overhead scales linearly dimensions however recent studies underscored extraordinarily high cost tpfs manybody problems even particles key distinction antisymmetry requirement unknown functions present work rigorously establish minimum number involved terms class tpfs exactly antisymmetric increases exponentially fast dimension class encompasses traditionally discretized tpfs recent ones parameterized networks proof exploits link antisymmetric tpfs class corresponding antisymmetric tensors focuses canonical polyadic rank latter result findings reveal lowrank tpfs fundamentally unsuitable highdimensional antisymmetry essential
Computing ground states of Bose-Einstein condensation by normalized deep neural network,2410.05319v1,cond-mat.quant-gas,2024-10-05 05:48:42+00:00,4,normalized normdnn computing ground states boseeinstein condensation bec via minimization grosspitaevskii energy functional unitary mass normalization compared traditional solving equations additional layers added normdnn solving kind unitary constraint minimization problems i normalization layer introduced enforce unitary mass normalization ii shift layer added guide nonnegative ground state normdnn gives rise unsupervised ground states bec systematical investigations carried extensive experiments computing ground states bec dimension extensions high dimensions multicomponent studied details effectiveness efficiency normdnn ground states bec finally extend normdnn computing excited states bec discuss parameter generalization issues well compare existing computing ground states bec literature
Quantum DeepONet: Neural operators accelerated by quantum computing,2409.15683v2,quant-ph,2024-09-24 02:53:42+00:00,7,realm science engineering constructing reflect realworld phenomena requires solving pdes different conditions recent advancements operators operator deeponet learn mappings infinitedimensional spaces promise computation pde condition single forward pass however deeponet entails quadratic complexity concerning input dimensions evaluation given progress hardware utilize computing accelerate deeponet evaluations yielding complexity linear input dimensions deeponet integrates unary encoding orthogonal layers benchmark deeponet variety pdes including antiderivative operator advection equation burgers equation methods efficacy ideal noisy conditions furthermore deeponet informed physics minimizing reliance extensive collection deeponet particularly advantageous applications outer loop require exploring parameter space solving corresponding pdes uncertainty quantification optimal experimental design
Fourier Neural Operators for Learning Dynamics in Quantum Spin Systems,2409.03302v1,quant-ph,2024-09-05 07:18:09+00:00,4,fourier operators fnos excel tasks functional data originating equations characteristics render effective simulating time evolution wavefunctions computationally challenging yet coveted task understanding systems manuscript fnos evolution random spin systems chosen due representative dynamics minimal symmetry explore distinct fno architectures examine predicting time evolution random lowenergy input states additionally fnos compact set hamiltonian observables simtextpolyn instead entire n wavefunction greatly reduces size inputs outputs and consequently requisite dimensions resulting fnos moreover hamiltonian observablebased demonstrates fnos effectively distill information highdimensional spaces lowerdimensional spaces extrapolation hamiltonian observables times later particular interest stands fundamentally increase simulatability past coherence times contemporary architectures circuitdepths tractable tensor networks
Estimating Inverse Scattering Potentials for n-p System Using Variational Monte Carlo & Neural Networks,2407.02137v2,nucl-th,2024-07-02 10:31:34+00:00,8,riccatitype nonlinear equation known variable phase phase method construct local inverse potentials s s states deuteron morse potential optimized adjusting parameters variational monte carlo vmc multilayer perceptron mlp type nn inverse potentials obtained vmc nn almost identical parameters vmc parameters morse potential varied obtain phase shifts nn dparameter optimization converted dparameter optimization problem reducing optimization parameters time cost recently granada group published comprehensive wave analysis scattering data includes np phase shift points final experimental points granada obtained parameters morse potential minimizing mean square error mse cost function mse vmc nn found s state s state various functions phase dr amplitude ar wave ur described fm energies eell ab text mev
Hermite Neural Network Simulation for Solving the 2D Schrodinger Equation,2402.10649v1,math.NA,2024-02-16 12:51:25+00:00,4,schrodinger mathematical describing wave functions behavior quantummechanical system provides valuable insights fundamental principles mechanics paper aim solve schrodinger sufficient mixture collocation base hermite functions initially hermite roots employed collocation points enhancing efficiency solution schrodinger defined infinite domain hermite activation resulted excellent precision finally simulated matlabs simulink tool compared obtained physicsinformed method
Quantum-inspired nonlinear Galerkin ansatz for high-dimensional HJB equations,2311.12239v1,math.NA,2023-11-20 23:31:41+00:00,4,increasingly recognized powerful technique pdes arising diverse scientific computing domains including manybody physics context timedependent pdes dominant paradigm involves casting approximate terms stochastic minimization objective given norm pde residual viewed parameters recently advancements made direction alternative shares aspects nonlinearly parametrized galerkin variational monte carlo especially highdimensional timedependent pdes extend beyond usual scope physics inspired potential solving hamiltonjacobibellman hjb pdes galerkin commences exploration nonlinearly parametrized trial evolution analytically tractable precursor galerkin scheme present trial evolution admit closedform solutions focusing timedependent hjb relevant finance
Deep learning-based quantum algorithms for solving nonlinear partial differential equations,2305.02019v2,quant-ph,2023-05-03 10:17:51+00:00,4,frequently appear natural sciences related disciplines solving often challenging particularly high dimensions due curse dimensionality work explore potential enhancing learningbased solving highdimensional nonlinear suitable subroutines first nearterm noisy intermediatescale computers mind construct architectures employing variational circuits conjunction hybrid architectures equal worse fully counterparts simulations still highdimensional cases mechanical nature next identify bottlenecks imposed monte carlo sampling networks find quantumaccelerated monte carlo offer potential speed estimation loss function addition identify analyse tradeoffs quantumaccelerated monte carlo estimate gradients different methods including recently developed backpropagationfree forward gradient method finally discuss usage suitable accelerating feedforward networks hence provides different avenues potential polynomial speedups learningbased nonlinear equations
Q-Flow: Generative Modeling for Differential Equations of Open Quantum Dynamics with Normalizing Flows,2302.12235v2,quant-ph,2023-02-23 18:54:27+00:00,4,studying dynamics open enable breakthroughs fundamental physics applications engineering computation since density matrix r fundamental description dynamics systems highdimensional customized generative instrumental modeling r however complexvalued nature normalization constraints r well complicated dynamics prohibit seamless connection open recent advances generative modeling lift limitation utilizing reformulation open dynamics pde corresponding probability distribution q husimi function thus seamlessly offtheshelf generative normalizing flows additionally normalizing flow evolution governed highdimensional pdes euler timedependent variational principle name resulting qflow scalability efficiency qflow open simulations including dissipative harmonic oscillator dissipative bosonic model qflow superior conventional pde solvers stateoftheart physicsinformed solvers especially highdimensional systems
On Physics-Informed Neural Networks for Quantum Computers,2209.14754v2,quant-ph,2022-09-28 11:10:29+00:00,1,physicsinformed pinn emerged powerful tool solving scientific computing problems ranging assimilation tasks advantages pinn leverage usage frameworks relying combined usage cpus coprocessors accelerators achieve maximum performance investigates design implementation pinns processing unit qpu coprocessor design simple pinn solve onedimensional poisson continuous variable cv computing framework discuss impact different optimizers pinn residual formulation depth pinn accuracy optimizer exploration landscape case pinn effective pinn basic stochastic gradient descent sgd optimizers outperform adaptive highorder optimizers finally highlight difference pinns outline future research challenges pinn development
Quantum-Inspired Tensor Neural Networks for Partial Differential Equations,2208.02235v2,cs.LG,2022-08-03 17:41:11+00:00,4,pdes variety dynamical science engineering recent advances enabled us solve higher dimension addressing curse dimensionality ways however constrained time memory tackle shortcomings implement tensor tnn quantuminspired architecture leverages tensor ideas improve upon approaches tnn significant parameter savings attaining compared dense dnn addition tnn trained faster dnn accuracy benchmark tnn applying solve parabolic pdes specifically blackscholesbarenblatt equation widely financial pricing theory empirically showing advantages tnn dnn examples hamiltonjacobibellman equation discussed
Quantum-inspired variational algorithms for partial differential equations: Application to financial derivative pricing,2207.10838v1,math.NA,2022-07-22 02:06:23+00:00,4,variational monte carlo vmc combined neuralnetwork states offers angle attack curseofdimensionality encountered particular class pdes namely real imaginary timedependent schrodinger equation paper present simple generalization vmc applicable arbitrary timedependent pdes showcasing technique multiasset blackscholes pde pricing european options contingent many correlated underlying assets
Lagrangian Density Space-Time Deep Neural Network Topology,2207.12209v1,quant-ph,2022-06-30 03:29:35+00:00,2,networkbased functional approximator lagrangian density spacetime networks lddnn topology qualified unsupervised predict dynamics underlying physical science governed phenomena prototypical respects fundamental conservation laws nature succinctly described lagrangian hamiltonian density given dataset generalized nonlinear equations objective parameterize lagrangian density directly learn instead handcrafting exact timedependent action solution lagrangian density physical system approach understand open information inference aspect blackbox representation physical dynamics nature constructing customtailored interconnect topologies activation losscost underlying physical operators article discuss statistical physics interpretation lagrangian hamiltonian domains
Integral Transforms in a Physics-Informed (Quantum) Neural Network setting: Applications & Use-Cases,2206.14184v1,quant-ph,2022-06-28 17:51:32+00:00,8,many engineering science differentiation essential integration needed important class include socalled integrodifferential include integrals derivatives function another example stochastic written terms probability density stochastic variable learn characteristics stochastic variable density function specific integral transforms namely moments density need calculated recently paradigm physicsinformed emerged increasing popularity solve leveraging automatic differentiation work augment paradigm physicsinformed automatic integration order compute complex integral transforms trained solutions solve integrodifferential integrals computed onthefly training furthermore showcase techniques various settings numerically simulating computerbased well networks
A comparison of PINN approaches for drift-diffusion equations on metric graphs,2205.07195v1,stat.ML,2022-05-15 06:17:33+00:00,8,focus comparing approaches graphs metric graphs ie graphs dedicated edge lengths associated operator case driftdiffusion model graphs require careful discretization operator incorporates node conditions case kirchhoffneumann conditions traditional schemes rather mature tailored manually becomes constraint optimization problem recently physics informed pinns emerged versatile tool range applications offer flexibility solve parameter identification optimization slightly changing formulation forward simulation compare several pinn approaches solving driftdiffusion metric graph
One-Shot Transfer Learning of Physics-Informed Neural Networks,2110.11286v2,cs.LG,2021-10-21 17:14:58+00:00,4,solving efficiently accurately sits heart progress many areas scientific research dynamical mechanics surge interest physicsinformed pinns tackle numerous benefits traditional approaches despite potential benefits solving equations transfer explored study present general framework transfer pinns oneshot inference linear ordinary equations means highly accurate many unknown obtained instantaneously without retraining entire network efficacy solving several realworld problems first secondorder linear ordinary equations poisson equation timedependent schrodinger complexvalue equation
"Machine Learning For Elliptic PDEs: Fast Rate Generalization Bound, Neural Scaling Law and Minimax Optimality",2110.06897v2,math.NA,2021-10-13 17:26:31+00:00,4,paper statistical limits techniques solving elliptic pdes random samples ritz drm physicsinformed pinns simplify problem focus prototype elliptic pde schrodinger hypercube zero dirichlet boundary condition wide quantummechanical systems establish upper lower bounds methods improves upon concurrently developed upper bounds via fast rate generalization bound discover current ritz suboptimal modified version it prove pinn modified version drm achieve minimax optimal bounds sobolev spaces empirically following recent improve growing sets according power law supply experiments similar behavior dimension dependent power law pde solvers
Continuous-variable neural-network quantum states and the quantum rotor model,2107.07105v1,quant-ph,2021-07-15 03:53:14+00:00,4,initiate neuralnetwork state analyzing continuousvariable lattice quantization simple family continuousvariable trial wavefunctons introduced naturally generalizes restricted boltzmann rbm wavefunction introduced analyzing spin systems virtue simplicity variational monte carlo developed ground state determination time evolution spin natural analogues continuum offer proof principle demonstration context ground state determination stoquastic rotor hamiltonian compared obtained pde scalable eigensolvers serves benchmark future investigation continuousvariable states compared points need architectures sophisticated algorithms
Predicting Quantum Potentials by Deep Neural Network and Metropolis Sampling,2106.03126v2,quant-ph,2021-06-06 14:03:17+00:00,4,hybridizations physics caused essential impacts methodology fields inspired potential network solve potential schrodinger provided eigenstate combining metropolis sampling network dub metropolis potential mpnn loss explicitly involve energy optimization accurate evaluation benchmarking harmonic oscillator hydrogen atom mpnn excellent stability predicting potential satisfy schrodinger equation eigenenergy proposal could potentially abinitio simulations inversely solving physics beyond
"Deep Learning: Hydrodynamics, and Lie-Poisson Hamilton-Jacobi Theory",2105.09542v2,math.OC,2021-05-20 06:55:17+00:00,5,interpretation dynamical gained considerable attention recent years provides promising framework allows existing ideas established fields mathematics studying networks article present equivalent hydrodynamics formulation fact possess liepoisson structure allows poisson geometry learning possible considering stochastic optimal control problem solved meanfield type control optimality conditions stochastic optimal control yield equations reduce hydrodynamics take hydrodynamics equivalence that conditions imposed network equivalent nonlinear schrodinger equation particular geometric structure present structurepreserving scheme hamiltonjacobi theory liepoisson version known liepoisson hamiltonjacobi theory choice scheme decided fact deterministic meanfield type control hamiltonians eliminates possibility emergence fictitious solutions eliminates need additional constraints constructing high order methods
dNNsolve: an efficient NN-based PDE solver,2103.08662v1,cs.LG,2021-03-15 19:14:41+00:00,8,nns solve ordinary odes pdes redefining question optimization problem objective optimized sum squares pde solved initialboundary conditions feed forward nn trained minimise loss evaluated set collocation points sampled domain defined compact smooth solution depends weights trained nn obtained often referred pinn physics informed raissiphysics despite success pinn solving various classes pdes implementation idea capable solving large class odes pdes good without need finely tune hyperparameters network available yet paper implementation concept called dnnsolve makes dual solve odespdes include i sine sigmoidal activation functions basis capture secular periodic patterns solutions ii newly designed architecture makes easy nn approximate basis mentioned above dnnsolve capable solving broad range odespdes spacetime dimensions without need hyperparameter finetuning
Partial Differential Equations is All You Need for Generating Neural Architectures -- A Theory for Physical Artificial Intelligence Systems,2103.08313v2,cs.LG,2021-03-10 00:05:46+00:00,6,work generalize reactiondiffusion statistical physics schrodinger mechanics helmholtz paraxial optics npde considered fundamental field artificial intelligence research take finite difference discretize npde finding solution basic building blocks architecture including multilayer perceptron convolutional recurrent networks generated strategies adaptive moment estimation lbfgs pseudoinverse constrained optimization presented believe significance clear physical image interpretable networks makes possible applying analog computing device design pave road physical artificial intelligence
DeepSets and their derivative networks for solving symmetric PDEs,2103.00838v2,math.OC,2021-03-01 08:19:16+00:00,4,solving nonlinear pdes hot topical issues different literature approximation high dimension paper class pdes invariant permutations called symmetric pdes widespread ranging cosmology mechanics option pricinghedging multiasset market exchangeable payoff main comes actually particles approximation meanfield control problems design certain types networks named pointnet deepset and associated derivative networks computing simultaneously approximation gradient symmetric pdes illustrate pointnetdeepset compared feedforward ones several examples meanfield systemic risk meanvariance minmax linear quadratic mckeanvlasov control problem
Control of Stochastic Quantum Dynamics by Differentiable Programming,2101.01190v2,quant-ph,2021-01-04 19:00:03+00:00,5,control stochastic dynamics indispensable fields information processing metrology however general readymade design control strategies here framework automated design control schemes differentiable programming partial mathrmp state preparation stabilization qubit subjected homodyne detection end formulate control task optimization loss quantifies distance target state employ nns controllers systems time evolution governed stochastic sde implement training backpropagate gradient information loss sde solver adjoint sensitivity methods example feed state controller focus different obtaining gradients second example directly feed homodyne detection signal controller instantaneous value homodyne current contains limited information actual state system masked unavoidable photonnumber fluctuations despite resulting poor signaltonoise ratio train controller prepare stabilize qubit target state mean fidelity around compare found nn handcrafted control strategy
Autoregressive Transformer Neural Network for Simulating Open Quantum Systems via a Probabilistic Formulation,2009.05580v4,cond-mat.str-el,2020-09-11 18:00:00+00:00,4,theory open lays foundations substantial part modern research science engineering rooted dimensionality extended hilbert spaces high complexity simulating open calls development strategies approximate dynamics paper present tackling open dynamics exact probabilistic formulation physics positive operatorvalued measure povm compactly represent states autoregressive transformer networks bring significant algorithmic flexibility due exact sampling tractable density concept string states partially restore symmetry autoregressive transformer improve description local correlations developed simulate dynamics liouvillian superoperator forwardbackward trapezoid find steady state via variational formulation benchmarked prototypical twodimensional systems finding closely track exact achieve higher alternative approaches markov chain monte carlo sample restricted boltzmann machines provides general understanding dynamics various contexts well techniques solving highdimensional probabilistic setups
Solving differential equations with neural networks: Applications to the calculation of cosmological phase transitions,1902.05563v2,hep-ph,2019-02-14 19:01:08+00:00,8,starting observation artificial uniquely suited solving optimisation problems physics cast optimisation task way finding wide classes equations find flexible stable without relying trial solutions applicable ordinary coupled equations calculation tunnelling profiles cosmological phase transitions relevance baryogenesis stochastic gravitational wave spectra comparing publicly available codes optimised calculation tunnelling profiles find least accurate dedicated solvers parameter choices even accurate reliable solutions particular compare publicly available profile solvers textttcosmotransitions textttbubbleprofiler give explicit examples finds correct dedicated solvers not point artificial solve viable cast form mathcalfvecx applicable various perturbative nonperturbative field theory
Artificial Neural Networks for Solving Ordinary and Partial Differential Equations,physics/9705023v1,physics.comp-ph,1997-05-19 10:35:48+00:00,7,present solve initial boundary value artificial networks trial written sum parts part satisfies boundary or initial conditions contains adjustable parameters second part constructed affect boundary conditions part involves feedforward network containing adjustable parameters the weights hence construction boundary conditions satisfied trained satisfy equation applicability ranges single odes coupled odes pdes article illustrate solving variety present comparisons finite elements several cases equations
Artificial Neural Network Methods in Quantum Mechanics,quant-ph/9705029v1,quant-ph,1997-05-15 17:19:52+00:00,4,previous article employ artificial anns order solve nonhomogeneous ordinary equations present eigenvalue integrodifferential operators anns start considering schrodinger morse potential analytically known solution test method proceed schrodinger dirac muonic atom well nonlocal schrodinger integrodifferential na framework resonating group method dimensions well studied henonheiles hamiltonian dimensions coupled anharmonic oscillators treated cases proved highly accurate robust efficient hence promising tool tackling higher complexity dimensionality
AdS/Deep-Learning made easy II: neural network-based approaches to holography and inverse problems,2511.22522v1,hep-th,2025-11-27 15:02:53+00:00,8,physicsinformed piml solve inverse holography mechanics focusing ordinary neural odes physicsinformed pinns solving nonlinear motion first holographic inverse piml reconstruct bulk spacetime effective potentials boundary data illustrate this case studies explored qcd state holographic qcd tlinear resistivity holographic strange metals additionally explicitly holographic analogized inverse mechanics modeling frictional forces networks explore kolmogorovarnold kans alternative traditional networks offering certain cases manuscript aim systematic framework inverse problems serving comprehensive reference researchers highenergy physics methodologies broader applications mathematics engineering natural sciences
Some New Types of Well-Behaved Polynomial Redshift Parametrization of Dark Energy Equation of State,2510.21892v1,gr-qc,2025-10-24 07:02:03+00:00,0,paper explore type smooth wellbehaved polynomial redshift avoid future singularity function different redshift parametrizations dark energy state drawing motivation different polynomial like conventional polynomial legendre polynomial laguerre polynomial chebyshev polynomial fibonacci polynomial main feature parametrizations wellbehaved nature throughout evolution universe matter concern previous polynomial parametrizations dark energy state eos form parametrization considered extension forms divergence redshift value comprehensive observational analysis performed hubble bao desi datasets constrain parameter space models confidence contours showing joint marginalized posterior distribution different combinations datasets generated markov chain monte carlo approach see improved parametrizations enable us derive stringent restrictions current dark energy eos derivative improves performance finally analysis performed suitable like elr pilr ann svr erfr gbr compare models among tested polynomial bases legendre basis superior lowest test rmse reduced kh value modified evolution theoretical model indicating exceptional physical stability
Experimental differentiation and extremization with analog quantum circuits,2510.20713v1,quant-ph,2025-10-23 16:29:28+00:00,1,solving optimizing des ubiquitous engineering fundamental science promise architectures accelerate scientific computing naturally involved interest towards efficiently solve des differentiable circuits dqc offer viable route compute de variational amenable existing computers producing machinelearnable surrogate solution extremal qel complements finding extreme points output learnable unknown implicit functions offering powerful tool bypass full de solution cases crux consists retrieving extrema work experimental demonstration dqc qel displaying synthetic usecase whilst dqc qel expected require digital hardware successfully challenge assumption running closedloop instance commercial analog computer upon neutral atom technology
A Systematic Literature Review of Machine Learning Techniques for Observational Constraints in Cosmology,2510.09876v1,astro-ph.CO,2025-10-10 21:28:28+00:00,0,systematic literature review focusing techniques deriving observational constraints cosmology goal evaluate synthesize existing research identify effective methodologies highlight gaps future research directions review identifies several key findings various techniques including bayesian networks gaussian processes models cosmological analysis improving parameter estimation handling large datasets however achieving significant speedups often exhibit worse confidence regions compared traditional methods emphasizing need future research enhance efficiency measurement precision traditional cosmological methods type ia supernovae baryon acoustic oscillations cosmic microwave background data remain fundamental studies focus narrowly specific datasets recommend broader dataset usage fully validate alternative cosmological models reviewed studies mainly address h tension leaving cosmological challengessuch cosmological constant problem warm dark matter phantom dark energy othersunexplored hybrid methodologies combining markov chain monte carlo offer promising results particularly techniques solve equations einstein boltzmann solvers prior markov chain monte carlo models accelerating computations maintaining precision significant need standardized evaluation criteria methodologies variability processes experimental setups complicates result comparability reproducibility abridged
Spectral functions in Minkowski quantum electrodynamics from neural reconstruction: Benchmarking against dispersive Dyson--Schwinger integral equations,2510.24728v1,hep-ph,2025-10-06 13:19:17+00:00,3,minkowskian physicsinformed mpinn formulated solve dysonschwinger integral dse electrodynamics qed directly minkowski spacetime strategy merges complementary approaches i dispersive solver lehmann representations subtracted dispersion relations ii mpinn learns fermion mass bp truncation renormalization configuration quenched rainbow landau gauge loss integrating dse residual multiscale regularization monotonicitysmoothing penalties spacelike branch way previous euclidean space benchmarks quantitative agreement infrared ir ultraviolet uv scales onshell momentumsubtraction schemes controlled setting mpinn reproduces dispersive whilst remaining computationally compact differentiable paving way extensions realistic vertices unquenching effects uncertaintyaware variants
Solving Linear Systems of Equations with the Quantum HHL Algorithm: A Tutorial on the Physical and Mathematical Foundations for Undergraduate Students,2509.16640v1,quant-ph,2025-09-20 11:37:48+00:00,1,computing enables resolution complex problems often outperforming across various applications harrow hassidim lloyd solving linear equations demonstrating exponential speedup under ideal conditions complexity polylog n contrast approaches general case exhibit complexity on although achieve on specific cases involving sparse matrices holds promise advancements learning equations linear regression cryptographic analysis however structure intricate notable lack detailed instructional materials literature context tutorial addressing physical mathematical foundations hhl algorithm aimed undergraduate students explaining theoretical construction implementation solving linear systems discussing underlying mathematical physical concepts present examples illustrate evolution circuit finally algorithms complexity limitations future prospects analyzed examples compared simulations allowing operational assessment algorithms performance
Quantum Noise Tomography with Physics-Informed Neural Networks,2509.11911v1,quant-ph,2025-09-15 13:30:50+00:00,5,characterizing environmental interactions critical bottleneck development robust technologies traditional tomographic often dataintensive struggle scalability work framework performing lindblad tomography physicsinformed pinns embedding lindblad master directly networks loss function simultaneously learns states evolution infers underlying dissipation parameters sparse timeseries measurement data pinns reconstruct dynamics functional form unknown noise parameters presenting sampleefficient scalable device characterization ultimately produces fullydifferentiable digital twin noisy governing master equation
Nonlinear Splitting for Gradient-Based Unconstrained and Adjoint Optimization,2508.20280v1,math.OC,2025-08-27 21:22:44+00:00,1,high dimensional andor nonconvex optimization remains challenging important across wide range fields learning assimilation pde constrained optimization gradientbased solving unconstrained constrained optimization problems concept nonlinear splitting improve efficiency unconstrained optimization splittings gradient depend arguments leading semiimplicit gradient optimization algorithms context adjointbased constrained optimization splitting constraint fmathbfxth effectively expanding space evaluate gradient cases formalism allows natural coupling nonlinearly split optimization acceleration techniques nesterov anderson acceleration framework outperform existing terms andor runtime handful diverse optimization problems includes lowdimensional analytic nonconvex functions highdimensional nonlinear least squares tomography pdeconstrained optimization kinetic equations total number highdimensional kinetic solves reduced factor compared standard adjoint optimization
Numerical Optimization for Tensor Disentanglement,2508.19409v1,math.NA,2025-08-26 20:17:48+00:00,4,tensor compact scalable representations highdimensional data enabling computation fields physics pdes learning focuses tensor disentangling task identifying transformations reduce bond dimensions exploiting gauge freedom network formulate task optimization orthogonal matrices acting single tensors indices aiming minimize rank matricized form present riemannian optimization joint optimization framework alternates optimizing orthogonal transformation fixed lowrank approximation optimizing lowrank approximation fixed orthogonal transformation offering competitive alternative target rank known seek often unknown optimal rank binary search strategy integrated disentangling procedure experiments random tensors tensors approximate isometric tensor state performed compare different optimization explore possibility combining different hybrid approach
Carleman Linearization of Differential-Algebraic Equations Systems,2509.00004v1,math.OC,2025-08-07 23:55:32+00:00,4,carleman linearization mathematical technique transforms nonlinear dynamical infinitedimensional linear systems enabling simplified analysis initially developed ordinary odes later extended pdes found applications control theory biological systems fluid dynamics mechanics finance learning extends carleman linearization differentialalgebraic dae introducing auxiliary projecting resulting onto higherorder ode representation theoretical foundations along conditions transformation valid synthetic dae examples highlighting effectiveness even projection algebraic variables state variables nontrivial undefined
ResQ: A Novel Framework to Implement Residual Neural Networks on Analog Rydberg Atom Quantum Computers,2506.21537v1,quant-ph,2025-06-26 17:55:12+00:00,4,research recently proliferated due potential computing accelerate learning area yet explored ordinary neural ode residual resnets aim improve effectiveness principles ordinary equations work present insights analog rydberg atom computers especially wellsuited resnets resq framework optimize dynamics rydberg atom computers solve classification analog odes
SPDEBench: An Extensive Benchmark for Learning Regular and Singular Stochastic PDEs,2505.18511v1,cs.LG,2025-05-24 05:15:45+00:00,1,stochastic spdes driven random noise play central role modelling physical processes whose spatiotemporal dynamics rough turbulence flows superconductors dynamics efficiently processes make predictions mlbased surrogate proposed architectures incorporating spatiotemporal roughness design however lacks extensive unified datasets spde learning especially existing datasets account error introduced noise sampling necessary renormalization required handling singular spdes spdebench designed solve typical spdes physical significance eg phd wave incompressible navierstokes kdv equations d d tori driven white noise via ml methods datasets singular spdes renormalization process constructed ml achieving best date proposed particular investigate impact error introduced noise sampling renormalization comparison ml highlight importance selecting highquality test accurate evaluation benchmarked traditional solvers mlbased models including fno nspde dlrnet etc that singular spdes naively applying ml without specifying schemes lead significant errors misleading conclusions spdebench provides opensource codebase ensures full reproducibility benchmarking across variety spde datasets offering flexibility incorporate datasets baselines making valuable resource community
Quantum Optimization via Gradient-Based Hamiltonian Descent,2505.14670v1,quant-ph,2025-05-20 17:55:52+00:00,1,rapid advancements learning firstorder emerged backbone modern optimization techniques owing efficiency low memory requirements recently connection accelerated gradient damped heavyball motion particularly within framework hamiltonian dynamics inspired development innovative continuous optimization algorithm hamiltonian descent qhd leverages tunneling escape saddle points local minima facilitating discovery global complex optimization landscapes however qhd faces several challenges including slower convergence rates compared gradient limited robustness highly nonconvex due nonlocal nature states furthermore original qhd formulation primarily relies value information limits effectiveness inspired insights highresolution elucidated acceleration mechanisms methods enhancement qhd incorporating gradient information leading call gradientbased qhd gradientbased qhd achieves faster convergence significantly increases likelihood identifying global solutions simulations challenging instances gradientbased qhd outperforms existing least order magnitude
Redefining Neural Operators in $d+1$ Dimensions,2505.11766v2,cs.LG,2025-05-17 00:15:00+00:00,4,operators emerged powerful tools mappings spaces among them kernel integral operator widely validated universally approximating various operators although many advancements following definition developed effective modules better approximate kernel defined original domain with d dimensions d dots unclarified evolving mechanism embedding spaces blocks researchers view design operators fully capture target evolution drawing schrodingerisation simulations pdes elucidate linear evolution mechanism operators that redefine operators d dimensional domain within framework implement schrodingerised kernel operator skno aligning better d dimensional evolution experiments d dimensional evolving designs skno consistently outperform baselines across ten benchmarks increasing difficulty ranging simple d heat highly nonlinear d rayleightaylor instability validate resolutioninvariance skno mixingresolution zeroshot superresolution tasks addition impact different lifting recovering operators prediction within redefined framework reflecting alignment underlying d dimensional evolution
Reinforcement Learning Closures for Underresolved Partial Differential Equations using Synthetic Data,2505.11308v1,cs.LG,2025-05-16 14:34:42+00:00,4,pdes describe phenomena ranging turbulence epidemics mechanics financial markets despite recent advances science solving pdes realworld applications remains prohibitively expensive necessity resolving broad range spatiotemporal scales turn practitioners often rely coarsegrained approximations original pdes trading reduced resources mitigate loss detail inherent approximations closure employed represent unresolved spatiotemporal interactions present framework developing closure pdes synthetic acquired manufactured solutions conjunction reinforcement closures coarsegrained pdes illustrate efficacy onedimensional twodimensional burgers twodimensional advection equation moreover closure trained inhomogeneous pdes effectively generalized homogeneous pdes potential developing accurate computationally closure scarce data
Physics-Informed Inference Time Scaling via Simulation-Calibrated Scientific Machine Learning,2504.16172v2,math.NA,2025-04-22 18:01:45+00:00,1,highdimensional pdes pose significant challenges across fields ranging chemistry economics finance although scientific sciml techniques offer approximate solutions often suffer bias neglect crucial physical insights inspired inferencetime scaling strategies language models simulationcalibrated scientific scasml physicsinformed framework dynamically refines debiases sciml predictions inference enforcing physical laws scasml leverages derived physical laws quantifies systematic errors employs monte carlo solvers feynmankac elworthybismutli formulas dynamically correct prediction theoretical analysis confirms enhanced convergence rates via computeoptimal inference methods experiments scasml reduces errors compared base surrogate model establishing refine approximated highdimensional pde inference code scasml available
Leveraging differentiable programming in the inverse problem of neutron stars,2504.15893v2,astro-ph.HE,2025-04-22 13:35:22+00:00,8,neutron stars nss probe highdensity regime nuclear state eos however inferring eos observations nss computationally challenging task work efficiently solve inverse leveraging programming ways first enable full bayesian inference hour wall time gpu gradientbased samplers without requiring pretrained emulators moreover scaling highdimensional parameter spaces second gradientbased optimization scheme recovers eos given ns massradius curve framework reveal consistencies tensions nuclear physics astrophysics first breakdown density metamodel description eos determined ns observations second degeneracies eos modeling nuclear empirical parameters influence inverse gradientbased optimization looking ahead opens theoretical studies relation ns properties eos effectively tackling analysis challenges brought future detectors
Quantum algorithm for solving nonlinear differential equations based on physics-informed effective Hamiltonians,2504.13174v1,quant-ph,2025-04-17 17:59:33+00:00,1,distinct solving linear nonlinear des computers encoding ground states effective hamiltonian operators relies constructing operators chebyshev space effective hamiltonian sum global constraints effective hamiltonian formed obtained ground state preparation techniques eg imaginarytime evolution singular value transformation bypassing variational search unlike approaches discrete grids enables evaluation beyond fixed grid points implements constraints physicsinformed way proposal inherits best traits learningbased de solving compact basis representation automatic differentiation nonlinearity linear algebrabased approaches finegrid encoding provable speedup state preparation offering robust strategy scientific computing early faulttolerant era
Differential equation quantum solvers: engineering measurements to reduce cost,2503.22656v1,quant-ph,2025-03-28 17:43:35+00:00,1,computers efficiently solving nonlinear des fundamental task across diverse technological scientific domains however crucial milestone regard design protocols hardwareaware making limited available resources focus promising variational derived scientific learning differentiable circuits dqc addressing specifically cost number circuit evaluations reducing number circuit evaluations particularly valuable hybrid quantumclassical protocols time required interface run hardware cycle impact total walltime much relatively inexpensive postprocessing overhead here test sampleefficient protocols solving nonlinear des achieving exponential savings circuit evaluations protocols redesigning extraction information dqc measurefirst approach introducing engineered cost operators similar randomizedmeasurement toolbox ie shadows benchmark simulations twodimensional des report sim fold reductions circuit evaluations protocols hold promise unlock larger challenging nonlinear demonstrations existing hardware
MixFunn: A Neural Network for Differential Equations with Improved Generalization and Interpretability,2503.22528v1,cs.LG,2025-03-28 15:31:15+00:00,1,mixfunn architecture designed solve enhanced precision interpretability generalization capability architecture comprises key components mixedfunction neuron integrates multiple parameterized nonlinear improve representational flexibility secondorder neuron combines linear transformation inputs quadratic term capture crosscombinations input variables features significantly enhance expressive power network enabling achieve comparable superior drastically fewer parameters reduction four orders magnitude compared conventional approaches mixfunn physicsinformed setting solve mechanics mechanics fluid dynamics demonstrating effectiveness achieving higher improved generalization regions outside domain relative standard models furthermore architecture facilitates extraction interpretable analytical expressions offering valuable insights underlying solutions
Quantum Geometry insights in Deep Learning,2503.02655v1,cs.LG,2025-03-01 15:49:32+00:00,8,paper explore fundamental role mongeampere learning particularly context boltzmann machines energybased models review structure boltzmann relation free energy minimization establish connection optimal transport theory learning demonstrating mongeampere governs probability transformations generative models additionally insights geometry showing space covariance matrices arising process coincides connesarakihaagerup cah cone von neumann algebra theory furthermore alternative renormalization group rg flow which distinct optimal transport perspective reveals another manifestation mongeampere domain dynamics dual perspective offers deeper mathematical understanding hierarchical feature learning bridging concepts statistical mechanics geometry theory
Hamiltonian Neural Networks approach to fuzzball geodesics,2502.20881v3,hep-th,2025-02-28 09:25:49+00:00,1,recent increase resources availability led significant rise ml techniques analysis physics however ml solve capable describing even complex physical yet fully widespread theoretical highenergy physics hamiltonian hnns tools minimize loss defined solve hamilton motion work implement several hnns trained solve high accuracy hamilton massless probe moving inside smooth horizonless geometry known dd circular fuzzball planar equatorial nonplanar geodesics different regimes according impact parameter unstable findings suggest hnns could eventually replace standard integrators equally accurate reliable critical situations
High-fidelity Multiphysics Modelling for Rapid Predictions Using Physics-informed Parallel Neural Operator,2502.19543v1,cs.LG,2025-02-26 20:29:41+00:00,1,modelling complex multiphysics governed nonlinear strongly coupled pdes cornerstone science engineering however remains formidable challenge traditional solvers due high cost making impractical largescale applications operators reliance datadriven limits applicability realworld scenarios often scarce expensive obtain here paradigm physicsinformed parallel operator pipno scalable unsupervised framework enables datafree pde modelling leveraging governing physical laws parallel kernel integration design incorporating ensemble learning significantly enhances compatibility efficiency enabling scalable operator nonlinear strongly coupled pdes pipno efficiently captures nonlinear operator mappings across diverse physics including geotechnical engineering material science electromagnetism mechanics fluid dynamics achieves highfidelity rapid predictions outperforming existing operator approaches modelling nonlinear strongly coupled multiphysics systems therefore pipno offers powerful alternative conventional solvers broadening applicability operators multiphysics modelling ensuring efficiency robustness scalability
Opportunities and challenges of quantum computing for climate modelling,2502.10488v2,quant-ph,2025-02-14 12:25:06+00:00,1,adaptation climate change requires robust climate projections yet uncertainty projections performed ensembles earth esms remains large mainly due uncertainties representation subgridscale processes turbulence convection partly alleviated higher resolution developments learningbased hybrid esms great potential systematically reduced errors compared traditional esms building hybrid physics ai esms discuss additional potential improving accelerating climate computing discuss computers could accelerate climate solving underlying faster could better represent subgridscale phenomena esms even currently available noisy intermediatescale devices aimed solving optimization could assist tuning many parameters esms currently timeconsuming challenging process computers could aid analysis climate models discuss hurdles obstacles facing current computing paradigms strong interdisciplinary collaboration climate scientists computing experts could help overcome hurdles harness potential computing urgent topic
Addressing the Readout Problem in Quantum Differential Equation Algorithms with Quantum Scientific Machine Learning,2411.14259v1,quant-ph,2024-11-21 16:09:08+00:00,6,solvers aim prepare nqubit states fine grid on points surpassing linear scaling solvers however unlike classically stored vectors solutions readout exact states poses bottleneck due complexity tomography here readout addressed tools focus distilling relevant features treating outputs solvers data lowdimensional output extracted measurement operator adapted detect relevant features scientific classify shock wave detection turbulence modeling scenarios samples come directly solvers basis chosen performing analysis greatly impacts classification accuracy opens area research datasets inherently required
Stochastic quantization and diffusion models,2411.11297v1,hep-lat,2024-11-18 05:47:41+00:00,8,pedagogical review possible connection stochastic quantization physics diffusion learning machinelearning applications denoising diffusion established successful technique formulated terms stochastic sde review focus sde scorebased generative modeling interestingly evolution probability distribution equivalently described particular class sdes particular limit stochastic noises eliminated then turn similar mathematical formulation physics is stochastic quantization make brief overview stochastic quantization simple toy onedimensional integration analogy diffusion stochastic quantization clearly seen concrete example finally discuss sign arises toy complex parameters origin difficulty understood lefschetz thimble analysis point sde invariant variable change induces kernel special choice kernel guided lefschetz thimble analysis reduce sign problem
Accelerating Quantum Emitter Characterization with Latent Neural Ordinary Differential Equations,2411.11191v1,quant-ph,2024-11-17 22:46:31+00:00,6,learn complex dynamics reconstruct sparse noisy signals thereby accelerating augmenting experimental measurements evaluating optical properties solidstate singlephoton emitters timeconsuming task typically requires interferometric photon correlation experiments photon correlation fourier spectroscopy pcfs measures timeresolved single emitter lineshapes here latent ordinary forecast complete noisefree pcfs experiment small subset noisy correlation functions encoding measured photon correlations initial value problem node propagated arbitrary number interferometer delay times noisy photon correlation extrapolate entire denoised interferograms stage positions enabling fold speedup experimental acquisition time sim hours minutes greatly accelerate experimental characterization emitter materials learning
Quantum Linear System Solvers: A Survey of Algorithms and Applications,2411.02522v3,quant-ph,2024-11-04 19:03:25+00:00,1,solving linear plays fundamental role numerous different fields science widespread solve motivates investigating feasibility solving linear computers work survey main advances linear algorithms together applications summarize analyze main ideas behind linear literature analysis begins examining harrowhassidimlloyd hhl solver note limitations reliance computationally expensive methods highlight subsequent research efforts aimed address limitations optimize runtime efficiency precision via various paradigms focus particular posthhl enhancements paved way towards optimal lower bounds respect error tolerance condition number so taxonomy categorizes studies furthermore contextualizing developments within broader landscape computing explore foundational inspired informed development well subsequent refinements finally discuss potential applications equations learning manybody physics
Physics-informed neural networks viewpoint for solving the Dyson-Schwinger equations of quantum electrodynamics,2411.02177v3,hep-ph,2024-11-04 15:36:17+00:00,3,physicsinformed pinns employed solve dysonschwinger electrodynamics qed euclidean space focus nonperturbative generation fermions dynamical mass landau gauge inserting integral directly loss function pinn framework enables single learn continuous differentiable representation mass spectrum momenta also benchmark traditional showing main differences among them strategy expected extended field theories step towards forefront applications highlevel theoretical physics
Differentiable Quantum Computing for Large-scale Linear Control,2411.01391v1,quant-ph,2024-11-03 00:54:33+00:00,5,industrial designs grow increasingly complex demand optimal control largescale dynamical significantly increased however traditional optimal control incur significant overhead dimensions grow paper endtoend linearquadratic control provable speedups algorithm policy gradient method incorporates subroutine solving matrix lyapunov equation specifically build quantumassisted differentiable simulator gradient estimation accurate robust relying stochastic approximation compared approaches achieves superquadratic speedup best knowledge endtoend linear control provable advantage
Deep Learning solutions to singular ordinary differential equations: from special functions to spherical accretion,2409.20150v2,gr-qc,2024-09-30 09:57:16+00:00,3,singular regular points often arise describing physical phenomena fluid dynamics electromagnetism gravitation traditional techniques often fail become unstable near points requiring semianalytical tools series expansions perturbative methods combination algorithms invoke sophisticated methods work take alternative route leverage power exploit physics informed pinns modern solving ordinary singular points pinns utilize architectures approximate embedding loss network discuss advantages pinns handling singularities particularly ability bypass traditional gridbased smooth approximations across irregular regions techniques enhancing pinns near singular points adaptive loss weighting order achieve high efficiency network exemplify studying four interest mathematics gravitation legendre equation hypergeometric equation black hole spacetimes theories lorentz violating gravity spherical accretion perfect fluid schwarzschild geometry
Harmonic Path Integral Diffusion,2409.15166v2,stat.ML,2024-09-23 16:20:21+00:00,5,manuscript present sampling continuous multivariate probability distribution either explicitly known up normalization factor represented via empirical samples constructs timedependent bridge delta centered origin state space t optimally transforming target distribution t formulate stochastic optimal control path integral control type cost comprising in basic form quadratic control term quadratic state term terminal constraint framework refer harmonic path integral diffusion hpid leverages analytical mapping auxiliary harmonic oscillator imaginary time hpid framework set sampling algorithms without incorporation networks validated standard cases mixture gaussians grid images cifar transparency allows us analyze detail particularly revealing current weighted state order parameter dynamic phase transition signaling earlier t sample generation process almost complete contrast sampling methods particularly simulated annealing path integral sampling highlighting advantages terms analytical control accuracy efficiency benchmark problems additionally extend methodology general cases underlying stochastic includes external deterministic possibly nonconservative force cost incorporates gauge potential term
Solving The Quantum Many-Body Hamiltonian Learning Problem with Neural Differential Equations,2408.08639v1,quant-ph,2024-08-16 10:09:45+00:00,1,understanding characterising manybody dynamics remains significant challenge due exponential complexity required represent manybody hamiltonians need accurately track states time action hamiltonians inherent complexity limits ability characterise manybody systems highlighting need innovative approaches unlock full potential address challenge solve hamiltonian hl probleminferring dynamics manybody state trajectoriesusing combined ansatz hamiltonian reliably convergent experimentally friendly interpretable making stable hl set hamiltonians previously unlearnable literature addition this quantitative benchmark power laws objectively compare reliability generalisation capabilities hl algorithms finally benchmark stateoftheart hl d spin chain proof concept
Higher order quantum reservoir computing for non-intrusive reduced-order models,2407.21602v1,cs.LG,2024-07-31 13:37:04+00:00,1,forecasting dynamical importance numerous realworld applications possible dynamical forecasts constructed firstprinciplesbased equations unknown nonintrusive techniques must utilized build predictive alone ml recently tasks moreover ml added advantage significant reductions timetosolution predictions contrast firstprinciple models however many stateoftheart mlbased forecasting rely networks expensive train necessitate requirements large amounts memory work mechanics inspired ml modeling strategy nonlinear dynamical provides datadriven forecasts complex dynamical reduced time memory costs approach denoted reservoir computing technique qrc hybrid quantumclassical framework employing ensemble interconnected small via linear feedback connections mapping dynamical state suitable representation amenable unitary operations qrc able predict complex nonlinear dynamical stable accurate manner efficacy framework benchmark forecasts noaa optimal interpolation sea surface temperature dataset compare qrc ml methods
A Tutorial on the Use of Physics-Informed Neural Networks to Compute the Spectrum of Quantum Systems,2407.20669v2,quant-ph,2024-07-30 09:07:03+00:00,6,manybody great interest many research areas including physics biology chemistry however simulation extremely challenging due exponential growth hilbert space size making exceedingly difficult parameterize wave large exact methods general way face challenge instance like tensor states investigated promising tools obtain wave mechanical system tutorial focus particularly promising class algorithms explain construct physicsinformed pinn able solve schrodinger given potential finding eigenvalues eigenfunctions technique unsupervised utilizes manner barely explored pinns exploits automatic differentiation solve integrodifferential meshfree way find ground excited states discovers states progressively starting ground state explain inductive biases loss exploit knowledge physical system additional constraints allow faster accurate convergence technique enhanced smart choice collocation points order take advantage meshfree nature pinn made explicit applying infinite potential well particle ring challenging learned artificial intelligence agent due presence complexvalued eigenfunctions degenerate states
Predicting nonequilibrium Green's function dynamics and photoemission spectra via nonlinear integral operator learning,2407.09773v3,cond-mat.str-el,2024-07-13 04:59:55+00:00,1,understanding dynamics nonequilibrium manybody important research topic wide range fields across condensed matter physics optics highenergy physics however studies largescale nonequilibrium phenomena realistic materials face serious challenges due intrinsic highdimensionality manybody problems nonequilibrium properties manybody described dynamics greens system whose time evolution given highdimensional integrodifferential equations known kadanoffbaym kbes timeconvolution term kbes needs recalculated time step makes difficult perform longtime simulations paper operatorlearning framework recurrent rnns address challenge framework utilizes rnns learn nonlinear mapping greens convolution integrals kbes learned operators surrogate kbe solver obtain general machinelearning scheme predicting dynamics nonequilibrium greens functions methodology reduces temporal complexity ont ont nt total time steps taken simulation thereby making possible large manybody currently infeasible conventional kbe solvers different examples effectiveness operatorlearning providing accurate predictions physical observables reduced density matrix timeresolved photoemission spectra moreover framework exhibits clear convergence easily parallelized thereby facilitating many possible developments applications
Quantum Dynamics of Machine Learning,2407.19890v1,quant-ph,2024-07-07 16:30:46+00:00,4,dynamic qde obtained schrodinger potential energy equivalence relationship wick rotation relationship dynamics thermodynamics established paper reformulates iterative process timedependent clear mathematical structure offering theoretical framework investigating iterations mathematical theories within framework fundamental iterative process diffusion model softmax sigmoid examined validating dynamics equations rigorous theoretical foundation holds promise supporting implementation computers
Impact of Measurement Noise on Escaping Saddles in Variational Quantum Algorithms,2406.09780v1,quant-ph,2024-06-14 07:29:34+00:00,4,stochastic gradient descent sgd frequently optimization technique variational eigensolver vqe implementation vqe hardware always affected measurement shot noise however many unknowns structure properties measurement noise vqe contributes optimization work analyze effect measurement noise optimization dynamics especially focus escaping saddle points loss landscape crucial minimization nonconvex loss function find escape time decreases measurement noise increases powerlaw fashion expressed ens e rate ns number measurements latter means escape time approximately constant vary e ns ratio ens held fixed scaling behavior well explained stochastic sde obtained continuoustime approximation discretetime sgd according sde ens interpreted variance measurement shot noise result tells us learn optimization dynamics vqe analysis continuoustime sde theoretically simpler original discretetime sgd
Holographic reconstruction of black hole spacetime: machine learning and entanglement entropy,2406.07395v2,hep-th,2024-06-11 16:03:17+00:00,8,investigate bulk reconstruction ads black hole spacetime emergent entanglement within framework utilizing ordinary alongside montecarlo integration tailored continuous extract general isotropic bulk metric entanglement entropy data validate approach holographic entanglement entropy derived gubserrocha superconductor models serve representative strongly coupled matters holography successfully extracts corresponding bulk metrics data additionally extend methodology manybody employing entanglement entropy fermionic tightbinding chain half filling exemplifying critical onedimensional systems derive associated bulk metric find metrics tightbinding chain gubserrocha similar speculate similarity due metallic property models
Schrödinger Bridge with Quadratic State Cost is Exactly Solvable,2406.00503v4,math.OC,2024-06-01 17:22:00+00:00,4,schrodinger bridge diffusion process steers given distribution another prescribed time minimizing effort so seen stochastic dynamical version optimal mass transport growing applications generative diffusion stochastic optimal control blackwe say schrodinger bridge exactly solvable associated uncontrolled markov kernel available closed form since bridge numerically computed dynamic sinkhorn recursion arbitrary endpoint distributions finite second moments work regularized variant schrodinger bridge quadratic state costtogo incentivizes optimal sample paths stay close nominal level unlike conventional schrodinger bridge regularization induces statedependent rate killing creation probability mass requires determining markov kernel reactiondiffusion equation derive markov kernel closed form blackshowing regularized schrodinger bridge exactly solvable even nongaussian endpoints advances stateoftheart closed form markov kernel regularized schrodinger bridge available existing literature gaussian endpoints recovers heat kernel vanishing regularization ie diffusion without reaction limit thereby recovering conventional schrodinger bridge blackas special case deduce properties kernel explain connections certain exactly solvable mechanics
A physics-inspired evolutionary machine learning method: from the Schrödinger equation to an orbital-free-DFT kinetic energy functional,2405.18417v1,physics.chem-ph,2024-05-28 17:57:15+00:00,2,ml supervised inspired variational principle physics ml hypothesis evolutionary method termed mlomega allows us go equations underlying physical chemical engineering etc phenomena derived from fundamental physics derived mlomega evolutionary provided proper data mlomega hydrogenlike atom energies find schrodingers exact functional and it schrodingers fundamental equation then field density functional theory dft trained energies known thomasfermi tf formula z correctly finds exact tf functional finally find local orbitalfree of functional expression independent electron kinetic energy functional ts gammatflambdavw model considering theoretical energies atoms he be ne mg ar set evolutionary mlomega finds mlomegaofdft local ts functional gammatflambdavw outperforms of dft functionals representative group moreover mlomegaof functional overcomes ldas local ggadfts functionals difficulty describe stretched bond region correct spin configuration diatomic molecules although evolutionary mlomega without explicit priorform functional techniques symbolic regression exploit priorform functional expressions make process faster example here
Quantum Neural Networks for Solving Power System Transient Simulation Problem,2405.11427v1,quant-ph,2024-05-19 02:18:04+00:00,1,computing leveraging principles mechanics represents transformative methodologies offering significant enhancements traditional systems tackles complex computationally demanding task simulating power transients solving algebraic daes qnns sinusoidalfriendly qnn polynomialfriendly qnn proposing effective alternatives conventional simulation techniques qnns successfully simulates small power systems demonstrating potential achieve good accuracy explore various configurations including time intervals points selection optimizers optimize solving daes qnns research marks pioneering effort applying computing power simulations expands potential technologies addressing intricate engineering challenges
Neural Controlled Differential Equations with Quantum Hidden Evolutions,2404.19673v2,cs.LG,2024-04-30 16:06:04+00:00,4,class controlled inspired mechanics controlled nqdes dynamics analogue schrodinger equation specifically hidden state represents wave function collapse leads interpretation classification probability implement compare four variants nqdes toy spiral classification problem
Potential of quantum scientific machine learning applied to weather modelling,2404.08737v1,quant-ph,2024-04-12 18:01:26+00:00,7,explore scientific tackle challenge weather modelling parameterised circuits models paradigms supervised weather physicsinformed solving underlying atmospheric dynamics case trained accurately reproduce realworld global stream dynamics resolution deg detail number problemspecific architecture choices achieve result subsequently barotropic vorticity bve atmosphere textrd order pde stream formulation differentiable circuits algorithm successfully solve bve appropriate boundary conditions trained predict unseen future dynamics high given artificial initial weather state whilst challenges remain mark advancement terms complexity pdes solved scientific learning
Understanding Diffusion Models by Feynman's Path Integral,2403.11262v1,cs.LG,2024-03-17 16:24:29+00:00,8,scorebased diffusion proven effective image generation gained widespread usage however underlying factors contributing disparity stochastic deterministic ie probability flow odes sampling schemes remain unclear formulation diffusion feynmans path integral formulation originally developed physics find formulation providing comprehensive descriptions scorebased generative models derivation backward stochastic loss functionsthe formulation accommodates interpolating parameter connecting stochastic deterministic sampling schemes identify parameter counterpart plancks constant physics analogy enables us wentzelkramersbrillouin wkb expansion wellestablished technique physics evaluating negative loglikelihood assess disparity stochastic deterministic sampling schemes
Differentiable master equation solver for quantum device characterisation,2403.04678v2,quant-ph,2024-03-07 17:23:56+00:00,5,differentiable physical powerful platform gradientbased algorithms particular impact parameter estimation optimal control present particular challenge characterisation control owing inherently stochastic nature sensitivity environmental parameters address challenge present versatile differentiable master solver incorporate solver framework device characterisation utilises gradientbased optimisation bayesian inference estimates uncertainties device parameters showcase approach steady state charge transport electrostatically defined dots simulated data estimation parameters single dot selection well capability solver compute time evolution double dot system differentiable solver stands widen impact physicsaware devices characterisation control
Piecewise Polynomial Tensor Network Quantum Feature Encoding,2402.07671v5,quant-ph,2024-02-12 14:26:33+00:00,8,introduces embedding continuous variables circuits via piecewise polynomial features utilizing lowrank tensor networks approach termed piecewise polynomial tensor feature encoding pptnqfe aims broaden applicability incorporating spatially localized representations suited applications like regression potential pptnqfe point evaluations discretized modeling localized features jump discontinuities promising challenges unexplored noise impact design trainable circuits remain opens avenues enhancing feature embeddings leveraging tn representations wider array types learning
Parametric Matrix Models,2401.11694v6,cs.LG,2024-01-22 05:26:18+00:00,8,present general class called parametric matrix models contrast existing imitate biology neurons parametric matrix matrix emulate physical systems similar physics usually solved parametric matrix learn governing lead desired outputs parametric matrix efficiently trained empirical data algebraic differential integral relations originally designed scientific computing prove parametric matrix universal approximators general problems introducing underlying theory parametric matrix series different challenges wide range problems challenges tested here parametric matrix produce accurate within interpretable framework allows input feature extrapolation
"DiscoTEX 1.0: Discontinuous collocation and implicit-turned-explicit (IMTEX) integration symplectic, symmetric numerical algorithms with higher order jumps for differential equations I: numerical black hole perturbation theory applications",2401.08758v2,gr-qc,2024-01-16 19:00:02+00:00,3,dirac d distributionally sourced emerge many dynamical physical learning finance neuroscience seismology black hole perturbation theory lack exact analytical best tackled numerically describe generic constructs discontinuous spatial temporal discretisations operating discontinuous lagrange hermite interpolation formulae respectively solving distributionally sourced wave equation possessing analytical solutions weakform recovered highorder solving firstorder reduced odes methodoflines framework textttdiscotex ie underlinediscontinuous underlinecollocation integration symmetric conserve symplectic structure furthermore main proved calculating amplitude desired location within grid including position and right left limit wave or wavelike discontinuous via interpolation textttdiscotex demonstrated firstly solving wave or wavelike comparing weakform exact solution reconstruct gravitational metric perturbations weakform nonrotating black hole known exact analytical solutions compare stateoftheart frequency domain results conclude motivating textttdiscotex related algorithms open promising alternative waveform generation route modelling highly asymmetric binaries complement current frequency domain methods
Calculating Quasi-Normal Modes of Schwarzschild Black Holes with Physics Informed Neural Networks,2401.01440v1,gr-qc,2024-01-02 21:34:50+00:00,3,learning particularly networks rapidly permeated activities story tell recently started solving input physics known physics informed pinns present showing efficacy pinns solving zerilli reggewheeler time domain calculate quasinormal oscillation modes schwarzschild black hole compare extracted modes obtained finite difference methods although pinn competitive percent differences quasinormal modes estimates relative computed finite difference methods real power pinns emerge large dimensionality problems
Unsupervised Random Quantum Networks for PDEs,2312.14975v1,quant-ph,2023-12-21 10:25:52+00:00,7,physicsinformed pinns approximate pdes help trained satisfy operator relevant boundary conditions revisit idea computing realm parameterised random circuits trial solutions adapt recent pinnbased techniques setting particular gaussian smoothing analysis concentrates poisson heat hamiltonjacobibellman equations ubiquitous areas science theoretical side complexity analysis approach numerically random outperform traditional well random networks
Self-Adaptive Physics-Informed Quantum Machine Learning for Solving Differential Equations,2312.09215v3,quant-ph,2023-12-14 18:46:35+00:00,7,chebyshev polynomials significant promise tool solve linear nonlinear equations work adapt generalize framework setting variety problems including d poissons equation secondorder linear equation equations nonlinear duffing riccati equation particular setting modified selfadaptive physicsinformed sapinn approach selfadaptive weights multiobjective loss functions explore capturing correlations loss quantumcorrelated measurement resulting improved initial value problems analyse entangling layers impact secondorder equations indicate promising nearterm evaluation devices
Fourier Neural Differential Equations for learning Quantum Field Theories,2311.17250v1,cs.LG,2023-11-28 22:11:15+00:00,8,field theory defined interaction hamiltonian linked experimental scattering matrix scattering matrix calculated perturbative series represented succinctly order time ndes learn time derivative residual networks hidden state proven efficacy physical constraints hence nde learn particle scattering matrices possible experimenttheory phenomenological connection paper nde learn ph theory scalaryukawa theory scalar electrodynamics nde architecture introduced fourier fnde combines nde integration fourier convolution fnde demonstrates better generalisability nonintegrated equivalent fno model scattering data interaction hamiltonian theory extracted parameters
Generative Diffusion Models for Lattice Field Theory,2311.03578v1,hep-lat,2023-11-06 22:24:28+00:00,8,delves connection lattice field theory linking generative diffusion dms stochastic quantization stochastic perspective dms conceptualized reversing stochastic process driven langevin equation produces samples initial distribution approximate target distribution toy model highlight capability dms learn effective actions furthermore feasibility act global sampler generating configurations twodimensional ph lattice field theory
Learning nonlinear integral operators via Recurrent Neural Networks and its application in solving Integro-Differential Equations,2310.09434v1,cs.LG,2023-10-13 22:57:46+00:00,1,paper lstmrnns long shortterm memoryrecurrent networks learn represent nonlinear integral operators appear nonlinear integrodifferential ides lstmrnn representation nonlinear integral operator allows us turn nonlinear integrodifferential ordinary many solvers available furthermore lstmrnn representation nonlinear integral operator ide eliminates need perform integration time evolution step overall temporal cost lstmrnnbased ide solver reduced ont ont ntstep trajectory computed illustrate efficiency robustness lstmrnnbased ide solver problem additionally highlight generalizability learned integral operator applying ides driven different external forces practical application methodology effectively solve dysons manybody systems
Physics-Informed Quantum Machine Learning: Solving nonlinear differential equations in latent spaces without costly grid evaluations,2308.01827v1,quant-ph,2023-08-03 15:38:31+00:00,7,physicsinformed solve nonlinear multidimensional des latent space suggest strategy building state overlaps exponentially large sets independent basis implicitly representing solutions measuring overlaps states representations de terms construct loss require independent sequential evaluations grid points sense solver evaluates loss intrinsically parallel way utilizing global type model loss trained variationally related differentiable circuit protocol scale grid size specifically definition feature map encoding represent function derivativebased terms corresponding states importantly way encoding nonlinearity bases requiring additive linear increase size mathcalon p degree nonlinearity p utilizing basis mapping evaluated explicitly allows implement arbitrary independent variables treat various initial boundary conditions include regularization terms physicsinformed setting technical side present toolboxes exponential chebyshev fourier basis sets developing tools automatic differentiation multiplication implementing nonlinearity describing multivariate extensions compatible with tested on range including linear nonlinear multidimensional equations
Approximation and Generalization Capacities of Parametrized Quantum Circuits for Functions in Sobolev Spaces,2307.14792v3,quant-ph,2023-07-27 11:43:08+00:00,8,parametrized circuits pqc circuits consist fixed parametrized gates recent approaches qml pqcs essentially ubiquitous play role analogous networks learn various types data underlying expectation pqc made sufficiently deep plentiful generalization error vanish capture essential features distribution exist proving approximability squareintegrable pqcs l distance approximation spaces distances less explored pqcs approximate space continuous functions pintegrable hk sobolev spaces specific distances moreover generalization bounds connect different spaces distances theoretical basis different applications pqcs example solving equations furthermore us insight role normalization pqcs loss better suit specific needs users
Dense outputs from quantum simulations,2307.14441v2,quant-ph,2023-07-26 18:16:51+00:00,5,dense output process evaluating timeaccumulated observables timedependent dynamics computers arises frequently applications control spectroscopic computation present range designed operate early fully faulttolerant platforms methodologies draw upon techniques like amplitude estimation hamiltonian simulation linear ordinary ode solvers carleman linearization comprehensive complexity analysis respect evolution time t error tolerance e linearization nearly achieve optimal complexity mathcalote certain type lowrank dense outputs moreover linearization dense output yields exact finitedimensional closure encompasses original states formulation related koopman invariant subspace theory independent interest nonlinear control scientific learning
Reliable AI: Does the Next Generation Require Quantum Computing?,2307.01301v2,cs.AI,2023-07-03 19:10:45+00:00,6,survey aim explore fundamental question whether next generation artificial intelligence requires computing artificial intelligence increasingly playing crucial role many aspects daily lives central fourth industrial revolution imperative artificial intelligence reliable trustworthy however still many issues reliability artificial intelligence privacy responsibility safety security areas autonomous driving healthcare robotics others various causes including insufficient data biases robustness problems well fundamental issues computability digital hardware cause computability rooted fact digital hardware computing turing machine inherently discrete notably findings digital hardware inherently constrained solving optimization learning equations therefore limitations carry substantial implications field artificial intelligence particular learning furthermore although well known computer advantage certain classes problems findings establish limitations persist employing computing circuit turing paradigm contrast analog computing models blumshubsmale machine exhibit potential surmount limitations
Quantum Fourier Networks for Solving Parametric PDEs,2306.15415v1,quant-ph,2023-06-27 12:21:02+00:00,7,many realworld problems like modelling environment dynamics physical processes time series etc involve solving pdes parameterised problemspecific conditions recently architecture called fourier operator fno proved capable given pde families initial conditions input however time complexity linear number evaluations pdes testing given advancements hardware recent methods exploit running efficiency offered inspired fno result time complexity logarithmic number evaluations are therefore expected substantially faster counterpart core unary encoding paradigm orthogonal layers circuit perform fourier transform unary basis different circuits perform fno proposals differ depth similarity fno benchmark pde families namely burgers equation darcys flow navierstokes equation comparable fno perform analysis smallscale image classification tasks par cnns proving applicability domains well
Solving Differential-Algebraic Equations in Power System Dynamic Analysis with Quantum Computing,2306.01961v3,quant-ph,2023-06-02 23:58:31+00:00,1,power dynamics generally modeled high dimensional nonlinear differentialalgebraic daes given large number components forming network daes complexity grow exponentially due increasing penetration distributed energy resources whereas computation time becomes sensitive due increasing interconnection power grid energy systems demonstrates computing solve daes power dynamic analysis leverage symbolic programming framework equivalently convert power systems daes ordinary odes index reduction encode qubits amplitude encoding nonlinearity captured hamiltonian simulation truncated taylor expansion state variables updated linear solver computing solve power systems daes accurately complexity polynomial logarithm dimension illustrate recent advanced tools scientific implementing complex computing concepts ie taylor expansion daesodes transformation computing solver abstract representation power engineering applications
Combining Monte Carlo and Tensor-network Methods for Partial Differential Equations via Sketching,2305.17884v6,math.NA,2023-05-29 05:06:50+00:00,4,paper general framework solving highdimensional tensor networks uses montecarlo simulations update reestimates samples tensornetwork recently tensor train sketching technique showcase versatility flexibility applying specific scenarios simulating fokkerplanck langevin dynamics imaginary time evolution via auxiliaryfield monte carlo convergence guarantees experiments efficacy method
Sample-efficient Model-based Reinforcement Learning for Quantum Control,2304.09718v2,quant-ph,2023-04-19 15:05:19+00:00,5,modelbased reinforcement rl noisy timedependent gate optimization improved sample complexity modelfree rl sample complexity number controller interactions physical system leveraging inductive bias inspired recent advances ordinary odes autodifferentiable ode parametrised learnable hamiltonian ansatz represent approximating environment whose timedependent part including control fully known control alongside hamiltonian continuous timeindependent parameters addressed interactions system order magnitude advantage sample complexity standard modelfree rl preparing standard unitary gates closed open dynamics realistic experiments incorporating single shot measurements arbitrary hilbert space truncations uncertainty hamiltonian parameters also learned hamiltonian leveraged existing control like grape gradientbased optimization controllers found rl initializations nitrogen vacancy nv centers transmons well suited controlling partially characterised qubit systems
Application of Tensor Neural Networks to Pricing Bermudan Swaptions,2304.09750v2,q-fin.CP,2023-04-18 07:41:04+00:00,4,cheyette quasigaussian volatility interest rate widely price interest rate derivatives european bermudan swaptions monte carlo simulation become industry standard low dimensions approaches accurate robust prices european swaptions but even computationally simple setting known underestimate value bermudan swaptions state variables regressors mainly due finite number predetermined basis regression moreover highdimensional settings approaches succumb curse dimensionality address issues deeplearning techniques solve backward stochastic associated value process european bermudan swaptions however constrained time memory overcome limitations leveraging tensor significant parameter savings attaining dense networks rigorously benchmark tensor dense pricing european bermudan swaptions tensor trained faster dense accurate robust prices dense counterparts
Designing Nonlinear Photonic Crystals for High-Dimensional Quantum State Engineering,2304.06810v1,quant-ph,2023-04-13 20:26:18+00:00,6,novel physicallyconstrained differentiable generation ddimensional qudit states via spontaneous parametric downconversion spdc optics circumvent limitations imposed inherently stochastic nature physical process incorporate set stochastic dynamical governing evolution spdc hamiltonian effectiveness design structured nonlinear photonic crystals nlpcs shaped pump beams show theoretically experimentally generate maximally entangled states spatial degree freedom nlpc structures offers promising avenue shaping controlling arbitrary states enables alloptical coherent control generated states believe readily extended bulky crystals thin metasurfaces potentially sharing similar hamiltonian structures superfluids superconductors
GenPhys: From Physical Processes to Generative Models,2304.02637v1,cs.LG,2023-04-05 17:58:16+00:00,8,since diffusion dm recent poisson flow generative pfgm inspired physical processes reasonable ask physical processes offer additional generative models answer yes general family generative physical processes genphys translate pdes describing physical processes generative models generative constructed sgenerative pdes s smooth genphys subsume existing generative dm pfgm even give rise families generative models eg yukawa generative models inspired weak interactions hand physical processes default belong genphys family eg wave schrodinger equation could made genphys family modifications goal genphys explore expand design space generative models
Fluctuation without dissipation: Microcanonical Langevin Monte Carlo,2303.18221v3,hep-lat,2023-03-31 17:24:33+00:00,8,stochastic sampling langevin monte carlo inspired physical heat bath equilibrium distribution canonical ensemble given prescribed target distribution must balance fluctuation dissipation dictated fluctuationdissipation theorem contrast common belief fluctuationdissipation theorem required configuration space distribution full phase space distribution needs canonical continuoustime microcanonical langevin monte carlo mclmc dissipationfree stochastic sde derive corresponding fokkerplanck stationary distribution microcanonical ensemble desired canonical distribution configuration space prove mclmc ergodic nonzero amount stochasticity smooth convex potentials expectation values converge exponentially fast furthermore deterministic drift stochastic diffusion separately preserve stationary distribution uncommon property attractive practical implementations implies driftdiffusion discretization schemes biasfree source bias discretization deterministic dynamics mclmc lattice ph model hamiltonian monte carlo hmc currently stateoftheart integrator accuracy mclmc converges times faster hmc times lattice times lattice already times faster trend expected persist larger lattices particular interest example lattice chromodynamics
Towards provably efficient quantum algorithms for large-scale machine-learning models,2303.03428v5,quant-ph,2023-03-06 19:00:27+00:00,1,large revolutionary technologies artificial intelligence whose bottlenecks include huge expenses power time pretraining finetuning process work faulttolerant computing could possibly provably resolutions generic stochastic gradient descent algorithms scaling ot polylogn size number iterations training long sufficiently dissipative sparse small rates earlier dissipative equations find prove similar stochastic gradient descent primary learning practice benchmark instances large million million parameters find that context sparse training enhancement possible early stage pruning motivating sparse parameter download reupload scheme solidly faulttolerant could potentially contribute stateoftheart largescale machinelearning problems
"Completeness for arbitrary finite dimensions of ZXW-calculus, a unifying calculus",2302.12135v2,quant-ph,2023-02-23 16:18:57+00:00,6,zxcalculus universal graphical language qubit computation meaning every linear map qubits expressed zxcalculus furthermore complete graphical rewrite system involving linear maps derivable hilbert space formalism theory derived calculus rewriting widespread usage within industry academia variety tasks circuit optimisation errorcorrection education zwcalculus alternative universal graphical language complete qubit computing fact completeness prove zxcalculus universally complete calculus advanced circuits compiled photonic hardware architectures industry recently combining calculi calculus emerged qubit computation zxwcalculus calculus integration exponentiation made possible enabling development techniques domains chemistry here generalise zxwcalculus arbitrary finite dimensions is qudits moreover prove graphical rewrite complete finite dimension completeness result universal graphical language beyond qubits
Solving Differential-Algebraic Equations in Power System Dynamic Analysis with Quantum Computing,2302.09597v4,eess.SY,2023-02-19 15:29:17+00:00,1,power dynamics generally modeled high dimensional nonlinear differentialalgebraic daes given large number components forming network daes complexity grow exponentially due increasing penetration distributed energy resources whereas computation time becomes sensitive due increasing interconnection power grid energy systems demonstrates computing solve daes power dynamic analysis leverage symbolic programming framework equivalently convert power systems daes ordinary odes index reduction encode qubits amplitude encoding nonlinearity captured hamiltonian simulation truncated taylor expansion state variables updated linear solver computing solve power systems daes accurately complexity polynomial logarithm dimension illustrate recent advanced tools scientific implementing complex computing concepts ie taylor expansion daesodes transformation computing solver abstract representation power engineering applications
On backpropagating Hessians through ODEs,2301.08085v1,math.OC,2023-01-19 14:05:33+00:00,4,discuss numerically backpropagating hessians ordinary odes various contexts elucidate different approaches favourable specific situations discuss theoretical pragmatic aspects as respectively bounds effort typical impact framework overhead focusing handimplemented odebackpropagation computation hessian orbitnonclosure mechanical system clarify mathematical framework extending backwardodeevolution costateequation hessians generic form calculations hessian orbit nonclosure performed language defined terms formal grammar facilitate tracking intermediate quantities pedagogical examples discuss hessian orbitnonclosure higher dimensional harmonic oscillator conceptually related newtonian gravitational theory particular applying figure threebody orbit readily rediscover distortedfigure originally described simo possible applications include improvements neural ode type secondorder methods analysis corrections around paths and broadly studying options adjusting odes initial configuration impact given objective small
Learning Interpolations between Boltzmann Densities,2301.07388v5,stat.ML,2023-01-18 09:32:33+00:00,2,objective continuous normalizing flows absence samples presence energy function relies either prescribed learnt interpolation ft energy target energy f energy generalized gaussian fx xspp interpolation energy induces interpolation boltzmann densities pt propto eft aim find timedependent vector field vt transports samples along family pt densities condition transporting samples along family pt equivalent satisfying continuity vt pt zteft consequently optimize vt ft satisfy equation experimentally compare objective reverse kldivergence gaussian mixtures boltzmann density mechanical particle doublewell potential
The R-algebra of Quasiknowledge and Convex Optimization,2212.04606v1,quant-ph,2022-12-08 23:48:00+00:00,6,article develops convex description learners agents state knowledge environment convex subset commutative ralgebra caveats leads generalization certain semidefinite programs information such describing universal query dual adversary bound related optimal control environment faultyquantum setting would possible naive description via joint probability distributions environment internal memory philosophically makes interpretation set reduced density matrices states knowledge observer environment related techniques explicit another example describe solve formal states knowledge algebra agent obtains experimental poissonian process state knowledge evolves exponential power series however framework currently lacks impressive applications post part solicit feedback collaboration those particular possible framework design experiments eg finding maximally informative questions ask human labelers environment machinelearning problems parts article related information assume knowledge it
Machine learning for decision-making under uncertainty,2212.04286v2,physics.soc-ph,2022-12-08 14:28:19+00:00,6,live world brimming uncertainty constantly make lot decisions incomplete information firm believers subjective belief cannot computed rigorous mathematical formula instead darwins natural selection the evolution process simulated genetic programming incorporates insights theory describe explain decisionmaking uncertainty unlike decisionmaking theories explain decisionmaking process probability theory decision theory discovers laws thought observed historical data transition probability decision theory decision emphasis learning decisionmakers buildup experience rewarded punished decision make prepare making better decisions future usual utility function decision tree simulates peoples decision process decision tree includes set strategies every time decision made decisionmaker chooses strategy decision trees strategy pool chooses action degree belief obtained genetic programming maximizing expected value
Deep-learning quasi-particle masses from QCD equation of state,2211.07994v1,hep-ph,2022-11-15 09:03:21+00:00,8,interactions quarks gluons strong nonperturbative region state eos stronglyinteracting chromodynamics qcd medium studied firstprinciple lattice qcd calculations however complicated qcd eos reproduced simple statistical formula treating medium free parton gas whose fundamental degree freedoms dressed quarks gluons called quasiparticles temperaturedependent masses auto differentiation solve variational masses quasi gluons updown strange quarks unknown functions whose forms represented network reproduce qcd eos learned quasiparticle masses calculate shear viscosity entropy density es temperature hot qcd matter
First principles physics-informed neural network for quantum wavefunctions and eigenvalue surfaces,2211.04607v3,cs.LG,2022-11-08 23:22:42+00:00,8,physicsinformed widely learn general parametric equations here discover parametric eigenvalue eigenfunction surfaces systems solve hydrogen molecular ion abinitio solves schrodinger coulomb potential yielding realistic wavefunctions include cusp ion positions continuous differentiable interatomic distance derivatives analytically calculated applying automatic differentiation parametric analytical form useful calculations determination force fields
Gibbs Sampling of Continuous Potentials on a Quantum Computer,2210.08104v4,quant-ph,2022-10-14 20:56:44+00:00,8,gibbs sampling continuous realvalued challenging interest learning leverage fourier transforms build task periodic solving linear ordinary solve fokkerplanck prepare state encoding gibbs distribution efficiency interpolation differentiation computer depends rate decay fourier coefficients fourier transform function view property concentration measure fourier domain functional analytic conditions it makes zeroeth order queries oracle function despite suffering exponentially long mixing time allows exponentially improved precision sampling polynomial speedups mean estimation general case particularly geometric conditions identify critical points energy function
Action Matching: Learning Stochastic Dynamics from Samples,2210.06662v3,cs.LG,2022-10-13 01:49:48+00:00,4,continuous dynamics snapshots temporal marginals appears throughout natural sciences learning including systems singlecell biological data generative modeling settings assume access crosssectional samples uncorrelated time rather full trajectories samples order better understand observation would like learn underlying process allows us propagate samples time thereby simulate entire individual trajectories work action matching rich family dynamics independent samples time evolution derive tractable objective rely explicit assumptions underlying dynamics require backpropagation optimal transport solvers inspired connections optimal transport derive extensions action matching learn stochastic dynamics involving creation destruction probability mass finally showcase applications action matching achieving competitive diverse set experiments biology physics generative modeling
Equivariant Energy-Guided SDE for Inverse Molecular Design,2209.15408v3,physics.chem-ph,2022-09-30 12:10:15+00:00,2,inverse molecular design critical material science drug discovery generated molecules satisfy certain desirable properties paper equivariant energyguided stochastic eegsde flexible framework controllable d molecule generation guidance energy diffusion models formally eegsde naturally exploits geometric symmetry d molecular conformation long energy invariant orthogonal transformations empirically guidance designed energy functions eegsde significantly improves baseline qm inverse molecular design targeted properties molecular structures furthermore eegsde able generate molecules multiple target properties combining corresponding energy linearly
Exact conservation laws for neural network integrators of dynamical systems,2209.11661v2,math.DS,2022-09-23 15:45:05+00:00,4,time dependent attracted lot attention recently central idea learn laws govern evolution data might polluted random noise however contrast applications usually lot known hand example many dynamical physical quantities energy angular momentum exactly conserved hence learn conservation laws satisfied approximately due finite time random noise present alternative uses noethers theorem inherently incorporate conservation laws architecture network leads better predictions systems motion nonrelativistic particle threedimensional newtonian gravitational potential motion massive relativistic particle schwarzschild metric interacting particles four dimensions
Gradient Flows for L2 Support Vector Machine Training,2208.04365v1,cs.LG,2022-08-08 18:56:47+00:00,4,explore merits support vector machines binary classification means solving ordinary equations assume continuous time perspective interest implementations reemerging hardware platforms analog computers
Cosmology-informed neural networks to solve the background dynamics of the Universe,2205.02945v3,astro-ph.CO,2022-05-05 21:56:43+00:00,0,field drawn increasing interest various fields due success solving plethora different problems train artificial solve without need solver particular offers alternative conventional methods advantages lower memory required store solutions parallelization and cases lower overall cost counterparts work train artificial represent bundle govern background dynamics universe four different models chosen lmathrmcdm parametric dark energy model quintessence exponential potential husawicki fr model perform statistical analyses estimate values models parameters observational data namely estimates hubble parameter cosmic chronometers type ia supernovae pantheon compilation measurements baryon acoustic oscillations obtain match similar estimations done literature solvers addition estimate error trained comparing analytical one highprecision not estimations find error sim region parameter space concerns confidence regions find data statistical analyses performed work
Quantum Extremal Learning,2205.02807v1,quant-ph,2022-05-05 17:37:26+00:00,8,extremal learning process finding input hidden extremizes output without direct access hidden function given inputoutput training data algorithm called extremal qel consists parametric circuit variationally trained inputoutput relationships trainable feature map encodes input data analytically differentiated order find coordinate extremizes model enables combination established modelling established optimization single circuitquantum computer tested range datasets either discrete continuous input variables compatible algorithm case discrete variables test synthetic formulated maxcut generators considering higher order correlations inputoutput relationships case continuous variables test synthetic datasets d simple ordinary functions find able successfully find extremal value problems even dataset sparse small fraction input configuration space additionally much general cases higher dimensionality complex equations full flexibility choice modeling optimization ansatz envision due general framework simple construction qel able solve wide variety applications different fields opening areas research
Qade: Solving Differential Equations on Quantum Annealers,2204.03657v1,quant-ph,2022-04-07 18:00:00+00:00,8,present general method called qade solving annealer obtained linear combination set basis functions current devices qade solve coupled depend linearly derivatives nonlinear variable coefficients arbitrary inhomogeneous terms test several examples find stateoftheart annealers find accurately requiring small enough basis python package implementing gitlabcomjccriadoqade
Applications of physics informed neural operators,2203.12634v2,physics.comp-ph,2022-03-23 18:00:05+00:00,7,present endtoend framework learn brings together initial production selection boundary conditions physicsinformed operators solve ubiquitous modeling physics phenomena reproduce operators published elsewhere literature learn d wave d burgers equation thereafter physicsinformed operators learn types equations including d burgers scalar inviscid vector types finally applicable learn physics d linear nonlinear shallow water equations involve coupled equations release artificial intelligence surrogates scientific software produce initial boundary conditions broad range physically motivated scenarios source code interactive website visualize predictions physics informed operators tutorial hub science
Adapting reservoir computing to solve the Schrödinger equation,2202.06130v1,quant-ph,2022-02-12 19:28:11+00:00,4,reservoir computing excels predicting evolution time series particular dynamical systems moreover superb solving equations work adapt methodology integrate timedependent schrodinger equation propagating initial wavefunction time since wavefunctions complexvalued highdimensional arrays reservoir computing formalism needs extended cope complexvalued data furthermore multistep strategy avoids overfitting data illustrate adapted reservoir computing four standard molecular vibrational dynamics
Representation of the Fermionic Boundary Operator,2201.11510v2,quant-ph,2022-01-27 13:42:57+00:00,7,boundary operator linear operator acts collection highdimensional binary points simplices maps boundaries boundary map key components numerous applications including equations learning geometry vision control systems representing full boundary operator computer prove boundary operator special structure form complete sum fermionic creation annihilation operators fact operators pairwise anticommute produce ondepth circuit exactly implements boundary operator without trotterization taylor series approximation errors fewer errors reduces number shots required obtain desired accuracies
SPDCinv: Inverse Quantum-Optical Design of High-Dimensional Qudits,2112.05934v1,quant-ph,2021-12-11 09:05:23+00:00,6,spontaneous parametric downconversion optics invaluable resource realization highdimensional qudits spatial modes light main open challenges directly generate desirable qudit state spdc process addressed advanced methods however due difficulties modeling spdc process fully differentiable takes account interaction effects progress limited here overcome limitations physicallyconstrained differentiable model validated experimental shaped pump beams structured crystals capable every interaction parameter process avoid restrictions induced stochastic nature physical integrate dynamic governing evolution spdc hamiltonian solve inverse designing nonlinear optical achieves desired state downconverted photon pairs desired states defined either secondorder correlations different spatial modes specifying required density matrix nonlinear volume holograms well different pump shapes successfully generate maximally entangled states furthermore simulate alloptical coherent control generated state actively changing profile pump beam useful applications designs highdimensional key distribution information processing protocols addition readily controlling degrees freedom light spdc process spectral temporal properties even condensedmatter similar interaction hamiltonian
Neural Tangent Kernel of Matrix Product States: Convergence and Applications,2111.14046v1,stat.ML,2021-11-28 04:10:06+00:00,4,work tangent kernel ntk matrix product states mps convergence ntk infinite bond dimensional limit prove ntk mps asymptotically converges constant matrix gradient descent training process and initialization phase bond dimensions mps go infinity observation variation tensors mps asymptotically goes zero infinite limit showing positivedefiniteness ntk mps convergence mps space space represented mps guaranteed without extra assumptions set settings supervised regression mean square error rmse unsupervised born machines bm analyze dynamics infinite bond dimensional limit ordinary odes describe dynamics responses mps rmse bm derived solved closedform regression mercer kernels gaussian kernels find evolution mean responses mps follows largest eigenvalue ntk due orthogonality kernel bm evolution different modes samples decouples characteristic time convergence obtained
Quantum Model-Discovery,2111.06376v1,quant-ph,2021-11-11 18:45:52+00:00,1,computing promises speed challenging science engineering showing theoretical advantages applications ranging chemistry logistics optimization many appearing science engineering rewritten set equations solving provable advantage faulttolerant computing regime wide circuits solve large linear like pdes efficiently recently variational approaches solving nonlinear pdes nearterm devices proposed promising general approaches recent developments field scientific solving pdes extend applicability nearterm computers general scientific tasks including discovery dataset measurements differentiable circuits dqcs solve parameterized library operators perform regression combination equations promising path discovery qmod interface approaches successful parameter inference discovery qmod different including secondorder ordinary nonlinear equation
A Review of Physics-based Machine Learning in Civil Engineering,2110.04600v2,cs.LG,2021-10-09 15:50:21+00:00,1,recent development ml dl increases opportunities sectors ml significant tool across many disciplines direct civil engineering challenging ml civil engineering applications simulated lab often fail realworld tests usually attributed mismatch train test ml encounters real world phenomenon known shift however physicsbased ml integrates data pdes mathematical solve shift problems physicsbased ml trained solve supervised tasks respecting given laws physics described general nonlinear equations physicsbased ml takes center stage across many science disciplines plays important role fluid dynamics mechanics resources storage reviews history physicsbased ml civil engineering
Machine-learning hidden symmetries,2109.09721v2,cs.LG,2021-09-20 17:55:02+00:00,3,present automated finding hidden symmetries defined symmetries become manifest coordinate must discovered core idea quantify asymmetry violation certain equations numerically minimize violation space invertible transformations parametrized invertible networks example rediscovers famous gullstrandpainleve metric manifests hidden translational symmetry schwarzschild metric nonrotating black holes well hamiltonicity modularity simplifying traits traditionally viewed symmetries
Quantum variational PDE solver with machine learning,2109.09216v1,quant-ph,2021-09-19 20:30:02+00:00,1,solve nonlinear pdes common important tasks basic sciences many practical industries variational quva pde solver aid ml schemes synergise emerging technologies mathematically hard problems core processing solver calculate efficiently expectation value specially designed operators large system obtain measurements control qubits avoid exponential cost measurements whole optimise pathway find possible sets desired pdes ml techniques example different types secondorder des examined randomly chosen samples regression implemented chase best candidates another trial samples threequbit successfully follows pattern analytical different des high fidelity since variational given necessary condition obtain exact des thus believe final candidate sets efficiently extracted quva pde solver support ml techniques could beneficial search complex mathematical well find good ansatzs eigenstates large eg chemistry
QBoost for regression problems: solving partial differential equations,2108.13346v1,quant-ph,2021-08-30 16:13:04+00:00,1,hybrid ensemble capable finding good precision favorable scaling required number qubits part composed several regressors weaklearners capable solving learning part consists adapting qboost solve regression problems successfully framework solve d burgers viscosity showing ensemble really improves produced weaklearners implemented dwave systems confirming best compared simulated annealing exact solver methods given memory limitations computer comparison
Quantum Quantile Mechanics: Solving Stochastic Differential Equations for Generating Time-Series,2108.03190v3,quant-ph,2021-08-06 16:14:24+00:00,8,sampling stochastic sdes differentiable circuits dqcs feature map encoding latent variables represent quantile underlying probability distribution extract samples dqc expectation values quantile mechanics propagate time thereby allowing timeseries generation test simulating ornsteinuhlenbeck process sampling times different initial point required financial analysis dataset augmentation additionally analyse continuous generative adversarial qgans represent quantile modified reordered shape impedes timepropagation shed light connection quantile mechanics qqm qgans sdebased distributions point importance constraints training analogously recent success physics informed networks
Spacetime Neural Network for High Dimensional Quantum Dynamics,2108.02200v1,cond-mat.dis-nn,2021-08-04 17:55:26+00:00,4,spacetime second order optimization solving dynamics high dimensional schrodinger equation contrast standard iterative order optimization timedependent variational principle utilizes implicit midpoint generates spatial temporal values simultaneously optimization schrodinger selfnormalized autoregressive spacetime construction future explorations solving different high dimensional discussed
Learning orbital dynamics of binary black hole systems from gravitational wave measurements,2102.12695v3,gr-qc,2021-02-25 05:46:14+00:00,3,gravitational waveform inversion strategy discovers mechanical binary black hole bbh systems single time series possibly noisy waveform necessary construct motion bbh system starting class universal parameterized feedforward networks strategy involves construction space plausible mechanical physicsinformed constrained optimization within space minimize waveform error various bbh including extreme comparable mass ratio eccentric noneccentric orbits resulting time durations longer interval relativistic effects perihelion precession radiation reaction orbital plunge automatically accounted for outlined new datadriven studying dynamics binary black hole systems
On solving classes of positive-definite quantum linear systems with quadratically improved runtime in the condition number,2101.11868v3,quant-ph,2021-01-28 08:41:21+00:00,1,solving linear qls among investigated recent times potential applications including computationally intractable speedups learning fundamental parameter governing efficiency qls solvers k condition number coefficient matrix a known since inception qls worstcase instances runtime scales least linearly k harrow hassidim lloyd prl however case positivedefinite matrices solve linear runtime scaling sqrtk quadratic improvement compared indefinite case natural ask whether qls solvers hold analogous improvement answer question negative showing solving qls entails runtime linear k a positive definite identify broad classes positivedefinite qls lower bound circumvented present featuring quadratic speedup k efficiently implementing matrixblockencoding a second constructs decomposition form a ldagger precondition system widely applicable allow efficiently solve bqpcomplete problems
Data-driven rogue waves and parameter discovery in the defocusing NLS equation with a potential using the PINN deep learning,2012.09984v1,nlin.PS,2020-12-18 00:09:21+00:00,7,physicsinformed pinns learn nonlinear types physical models paper multilayer pinn datadriven rogue wave defocusing nonlinear schrodinger nls timedependent potential considering several initial conditions rogue wave jacobi elliptic cosine function twogaussian function threehyperbolicsecant function periodic boundary conditions moreover multilayer pinn learn parameter defocusing nls timedependent potential sense rogue wave solution useful discuss rogue wave defocusing nls potential networks
Quantum advantage for differential equation analysis,2010.15776v2,quant-ph,2020-10-29 17:19:04+00:00,8,solving potentially offer exponential speedup known algorithms however exist obstacles obtaining potential speedup useful instances essential obstacle solving outputting useful information require difficult postprocessing essential obstacle inputting set difficult task itself paper demonstrate combined difficulties solve another output solving serve input learning allowing dynamical analysis terms principal components power spectra wavelet decompositions illustrate this continuous time markov processes epidemiological social networks exponential advantage existing monte carlo methods
Time-Reversal Symmetric ODE Network,2007.11362v3,cs.LG,2020-07-22 12:19:40+00:00,4,timereversal symmetry requires dynamics change reversal time axis fundamental property frequently holds mechanics paper loss measures well ordinary ode comply timereversal symmetry formally defined discrepancy time evolutions ode forward backward dynamics then design framework name timereversal symmetric ode trsodens learn dynamics physical sampleefficiently loss function evaluate trsodens several dynamics find learn desired time evolution observed noisy complex trajectories that even possess full timereversal symmetry trsodens achieve better predictive performances baselines
A Multiscale Graph Convolutional Network Using Hierarchical Clustering,2006.12542v1,cs.LG,2020-06-22 18:13:03+00:00,2,information contained hierarchical topology intrinsic many networks currently underutilised architecture explored exploits information multiscale decomposition dendrogram produced girvannewman hierarchical clustering algorithm segmented fed graph convolutional layers allowing architecture learn multiple scale latent space representations network fine coarse grained architecture tested benchmark citation network demonstrating competitive performance given abundance hierarchical networks possible applications include molecular property prediction protein interface prediction multiscale substrates equations
Neural ODE and Holographic QCD,2006.00712v1,hep-th,2020-06-01 04:41:38+00:00,8,ordinary neural ode architecture whose weights smooth continuous depth ode holographic qcd regarding weight bulk metric train lattice qcd chiral condensate finite temperature finds consistent bulk geometry various values temperature discovers emergent black hole horizon holographic bulk automatically holographic wilson loops calculated emergent machinelearned bulk spacetime consistent temperature dependence confinement debyescreening behavior physically interpretable weights ode frees us discretization artifact leading difficult ingenuity hyperparameters improves make trustworthy
Kernel-based approximation of the Koopman generator and Schrödinger operator,2005.13231v3,math.DS,2020-05-27 08:23:29+00:00,4,many dimensionality reduction techniques rely estimating dominant eigenfunctions associated dynamical operators data important examples include koopman operator generator schrodinger operator kernelbased approximation operators reproducing kernel hilbert spaces eigenfunctions estimated solving auxiliary matrix eigenvalue problems resulting molecular dynamics chemistry examples furthermore exploit that certain conditions schrodinger operator transformed kolmogorov backward operator corresponding driftdiffusion process vice versa allows us developed analysis highdimensional stochastic mechanical systems
Recurrent Neural Networks in the Eye of Differential Equations,1904.12933v1,cs.LG,2019-04-29 20:16:20+00:00,1,understand fundamental tradeoffs stability temporal dynamics architectural complexity recurrent networksrnns directly analyze rnn architectures ordinary equationsodes define general family rnnsthe odernnsby relating composition rules rnns integration odes discrete time steps degree rnns functional nonlinearity n range temporal memory t mapped corresponding stage rungekutta recursion order timederivative odes prove popular rnn architectures lstm urnn fit different orders ntodernns exact correspondence rnn ode helps us establish sufficient conditions rnn stability facilitates flexible topdown designs rnn architectures large varieties toolboxes integration odes example quantuminspired universal computing networkqunn reduces required number parameters polynomial length temporal memory length linear temporal memory length
Isotope Effects in Liquid Water via Deep Potential Molecular Dynamics,1904.04930v2,physics.chem-ph,2019-04-09 22:00:52+00:00,2,comprehensive microscopic understanding ambient liquid water major challenge ab initio simulations simultaneously requires accurate mechanical description underlying potential energy surface pes well extensive sampling configuration space due presence light atoms eg d nuclear fluctuations lead observable changes structural properties liquid water eg isotope effects yet another challenge ab initio approaches work combination dispersioninclusive hybrid density functional theory dft feynman discretized pathintegral pi approach ml constitutes versatile ab initio framework enables extensive sampling thermal nuclear fluctuations quite accurate underlying pes particular employ recently developed potential molecular dynamics dpmd modela neuralnetwork representation ab initio pesin conjunction pi generalized langevin piglet investigate isotope effects influence structural properties ambient liquid ho do detailed analysis interference cross sections well several radial angular distribution functions furnish semiquantitative prediction subtle isotope effects
"Connections between physics, mathematics and deep learning",1811.00576v3,cs.LG,2018-11-01 18:21:42+00:00,8,starting fermats principle least action governs mechanics theory exterior forms governs geometry curved manifolds derive governing intrinsic coordinate invariant way loss plays role hamiltonian covariant imply layer metric instrumental pretraining explains role conjugation complex numbers formalism clarifies relation gradient descent optimizer aristotelian newtonian mechanics large steps break logic linearization procedure hope formal presentation geometry encourage physicists dive learning reciprocally specialists better appreciate close interconnection subject foundations field theory
Quantum algorithm for non-homogeneous linear partial differential equations,1809.02622v1,quant-ph,2018-09-07 18:04:32+00:00,8,describe preparing states encode nonhomogeneous linear equations continuousvariable version matrix inversion efficiently inverts operators polynomials variables derivatives output state whose wavefunction proportional specific nonhomogeneous equation measured reveal features solution consists stages preparing fixed resource states ancillary systems performing hamiltonian simulation measuring ancilla systems carried standard gate decompositions improve ways first wide class operators possible derive exact decompositions gates employed hamiltonian simulation avoids need costly commutator approximations reducing gate counts orders magnitude additionally employ find explicit circuits prepare required resource states conclude studying example algorithm solving poissons electrostatics
Quantum machine learning and quantum-inspired methods applied to computational fluid dynamics: a short review,2510.14099v1,quant-ph,2025-10-15 21:15:23+00:00,1,fluid dynamics cfd central science engineering faces severe scalability challenges especially highdimensional multiscale turbulent regimes traditional often become prohibitively expensive conditions computing quantuminspired investigated promising alternatives review surveys advances intersection computing algorithms learning tensor techniques cfd discuss variational hybrid quantumclassical solvers pdes emphasizing ability incorporate nonlinearities nonlinear processing units review physicsinformed networks extend frameworks hardware advantages parameter efficiency certain cfd benchmarks beyond computing examine tensor methods originally developed manybody adapted cfd highdimensional compression solver tools reported studies include several orders magnitude reductions memory runtime preserving accuracy together approaches highlight quantuminspired strategies enable cfd solvers review closes perspectives cfd remains reach nisq era quantuminspired tensor already practical benefits hybrid approaches offering promising nearterm strategy
Inferring Cosmological Parameters with Evidential Physics-Informed Neural Networks,2509.24327v1,astro-ph.CO,2025-09-29 06:25:53+00:00,0,examine variant physicsinformed predict cosmological parameters recent supernovae baryon acoustic oscillations bao datasets framework generates uncertainty estimates target variables inferred unknown parameters underlying pde descriptions built upon hybrid principles evidential learning physicsinformed networks bayesian gaussian processes enables posterior distribution unknown pde parameters standard gradientdescent training uptodate bao dataset bousis et al calibrated cmbinferred sound horizon pantheon sne ia distances scolnic et al examining relative effectiveness mutual consistency among standard lcdm wcdm lscdm models unlike previous arising standard minimizing appropriate kh function posterior distributions parameters various trained purely pantheon found largely contained within s contours counterparts trained bao data posterior medians h within s another indicating learningguided provides different measure hubble tension
KANO: Kolmogorov-Arnold Neural Operator,2509.16825v3,cs.LG,2025-09-20 22:32:58+00:00,1,kolmogorovarnold operator kano dualdomain operator jointly parameterized spectral spatial bases intrinsic symbolic interpretability theoretically kano overcomes purespectral bottleneck fourier operator fno kano remains expressive generic positiondependent dynamics variable coefficient pdes physical input whereas fno stays practical spectrally sparse operators strictly imposes fastdecaying input fourier tail verify claims empirically positiondependent operators kano robustly generalizes fno fails to hamiltonian benchmark kano reconstructs groundtruth hamiltonians closedform symbolic representations accurate fourth decimal place coefficients attains approx times state infidelity projective measurement data substantially outperforming fno trained ideal full wave data approx times orders magnitude
Quantum-Informed Machine Learning for Predicting Spatiotemporal Chaos,2507.19861v4,quant-ph,2025-07-26 08:36:16+00:00,1,quantuminformed qiml framework longterm dynamical behavior highdimensional chaotic systems combines onetime offlinetrained generative autoregressive predictor spatiotemporal field generation learns prior qprior guides representation smallscale interactions improves modeling finescale dynamics evaluate qiml representative systems kuramotosivashinsky equation twodimensional kolmogorov flow crosssection fully developed threedimensional turbulent channel flow realistic inflow condition compared baseline qiml yields improvement predictive distribution improvement fidelity predicted full energy spectrum turbulent channel inflow qprior essential without it fails evolve time qiml produces stable physically consistent forecasts surpass leading pdes including fourier operator markov operator whose errors diverge beyond accuracy qiml achieves memory advantage compressing multimegabyte datasets kilobytescale qprior captures invariant measure needed guide model circumventing holevos bound avoiding full reconstruction findings practical scalable pathway integrating advantages brought devices largescale scientific engineering modeling simulation
Segmentation-Based Regression for Quantum Neural Networks,2507.00065v1,quant-ph,2025-06-27 20:11:43+00:00,1,recent advances hardware motivate development algorithmic frameworks integrate sampling inference introduces segmentationbased regression tailored qnns realvalued outputs encoded baseb digit sequences inferred greedy digitwise optimization casting regression task constrained combinatorial structured digit lattice replaces continuous inference interpretable tractable updates hybrid quantumclassical architecture employed circuits generate candidate digits projective measurement forward evaluate candidates taskspecific error functionals formalize principles derive convergence complexity bounds effectiveness inverse involving pdeconstrained models resulting framework provides robust highprecision interface outputs continuous scientific inference
Physics-Informed Neural Networks for One-Dimensional Quantum Well Problems,2504.05367v1,quant-ph,2025-04-07 16:18:26+00:00,4,implement physicsinformed pinns solve timeindependent schrodinger canonical onedimensional potentials infinite square well finite square well finite barrier pinn incorporate trial wavefunctions exactly satisfy boundary conditions dirichlet zeros domain boundaries optimize loss functional combining pde residual normalization constraint infinite well groundstate energy known e pi dimensionless units held fixed training whereas finite well barrier eigenenergy treated trainable parameter fullyconnected smooth activation represent wavefunction pinns learn groundstate eigenfunctions eigenvalues systems pinnpredicted wavefunctions closely match analytical expected behaviors learned eigenenergies converge known values present logs convergence energy parameter well figures comparing pinn exact results discussion addresses pinns relative traditional methods highlighting challenges convergence correct eigenvalue sensitivity initialization difficulty modeling discontinuous potentials discuss importance normalization term resolve scaling ambiguity wavefunction finally conclude pinns viable eigenvalue problems outline future directions including extensions higherdimensional timedependent schrodinger equations
Machine Learning Gravity Compactifications on Negatively Curved Manifolds,2501.00093v1,hep-th,2024-12-30 19:00:00+00:00,3,constructing landscape vacua higherdimensional theories gravity directly solving lowenergy semiclassical motion notoriously difficult work investigate feasibility techniques tools solving motion general warped gravity compactifications proofofconcept solve einstein pdes nontrivial manifolds obtained filling cusps hyperbolic manifolds dimensions einstein metric locally hyperbolic generality scalability methods availability explicit families hyperbolic manifolds higher dimensions universality filling procedure strongly suggest code developed broader applicability specifically tackle geometric numerically constructing higherdimensional negatively curved einstein metrics well physical constructing fourdimensional de sitter compactifications mtheory manifolds
From {\tt Ferminet} to PINN. Connections between neural network-based algorithms for high-dimensional Schrödinger Hamiltonian,2410.09177v2,physics.comp-ph,2024-10-11 18:27:58+00:00,4,note establish connections standard datadriven networkbased solvers pde eigenvalue developed side mathematics engineering communities eg deepritz physics informed pinn side chemistry eg variational monte carlo algorithms tt ferminet tt paulinet following pioneer it carleo et al particular reformulate pinn it fitting corresponding standard diffusion monte carlo initialized thanks networkbased variational monte carlo connections level optimization established
Annealing-based approach to solving partial differential equations,2406.17364v3,math.NA,2024-06-25 08:30:00+00:00,4,solving pdes annealingbased involves solving generalized eigenvalue problems discretizing pde yields linear sle solving sle formulated general eigenvalue problem transformed optimization objective given generalized rayleigh quotient requires iterative computations however enables annealingbased computation eigenvectors arbitrary precision without increasing number variables investigations simulated annealing number iterations scales size annealing time depends size annealing time characteristics
Interpretable Neural PDE Solvers using Symbolic Frameworks,2310.20463v2,cs.AI,2023-10-31 13:56:25+00:00,1,pdes ubiquitous world around us modelling phenomena heat sound systems recent advances resulted development powerful solvers however stateoftheart efficiency significant challenge remains interpretability existing methodologies prioritize predictive clarity underlying mechanisms driving models decisions interpretability crucial trustworthiness broader applicability especially scientific engineering domains pde solvers might see impact context notable gap current research integration symbolic frameworks such symbolic regression solvers symbolic frameworks potential distill complex operations humanreadable mathematical expressions bridging divide blackbox predictions solutions
Quantum-inspired tensor network for Earth science,2301.07528v1,physics.geo-ph,2023-01-15 08:35:37+00:00,1,dl many successful methodologies extract informative patterns insights ever increasing noisy largescale datasets in case satellite images however dl consist thousand millions parameters parameters require tremendous amount electrical power extracting informative patterns noisy largescale datasets eg computationally expensive hence employ quantuminspired tensor compressing trainable parameters physicsinformed pinns earth science pinns dl penalized enforcing law physics particular law physics embedded dl models addition tensor decomposition hyperspectral images hsis improve spectral resolution quantuminspired tensor native formulation efficiently represent train big datasets gpu tensor cores furthermore key contribution twofold i reduced number trainable parameters pinns quantuminspired tensor network ii improved spectral resolution remotelysensed images employing tensor decomposition benchmark pde solved burgers equation practical satellite data employed hsis indian pine usa pavia university italy
Quantum-Inspired Tensor Neural Networks for Option Pricing,2212.14076v2,q-fin.PR,2022-12-28 19:39:55+00:00,4,recent advances enabled us address curse dimensionality cod solving higher dimensions subset approaches addressing cod led us solving highdimensional pdes resulted opening doors solving variety realworld ranging mathematical finance stochastic control industrial applications although feasible still constrained time memory tackling shortcomings tensor tnn significant parameter savings attaining compared dense dnn addition tnn trained faster dnn accuracy besides tnn tensor initializer tnn init weight initialization scheme leads faster convergence smaller variance equivalent parameter count compared dnn benchmark tnn tnn init applying solve parabolic pde associated heston model widely financial pricing theory
"A physics-informed search for metric solutions to Ricci flow, their embeddings, and visualisation",2212.05892v1,gr-qc,2022-11-30 08:17:06+00:00,4,pdes embedded loss physicsinformed networks employed approximators find ricci flow a curvature evolution riemannian metrics general developed real torus validity verified comparing time evolution scalar curvature found standard pde solver decreases constant value whole manifold certain solitonic ricci flow real dimensions create visualisations flow utilising embedding mathbbr snapshots highly accurate evolution toroidal metric time reported guidelines applications methodology determining ricci flat calabiyau metrics context string theory long standing complex geometry
On quantum and relativistic mechanical analogues in mean field spin models,1407.5009v2,cond-mat.dis-nn,2014-07-18 14:25:25+00:00,4,conceptual analogies among statistical mechanics or quantum mechanics often appeared literature twobody mean field models analogy develops proper identification free energy curieweiss type magnetic hamiltonjacobi action dimensional mechanical system similarly partition plays role wave mechanics satisfies heat plays context role schrodinger mechanics identification remarkably extended include wide family magnetic classified normal forms suitable real algebraic dispersion curves cases turns completely solvable free energy well order parameter obtained integrable nonlinear pde hamiltonjacobi type observe mechanical analog viewed relativistic analog curieweiss helps clarify connection generalised selfaveraging statistical thermodynamics semiclassical dynamics viscous conservation laws
Proof of Partial Equivalence of Classical and Quantum Dynamics in Bosonic Systems,quant-ph/0309031v2,quant-ph,2003-09-02 17:50:46+00:00,7,field theory qft makes predictions combining assumptions dynamics typically schrodinger liouville equation measurement usually via collapse formalism define classical density matrix rho describe ensembles states ordinary secondorder ode pde prove dynamics field observables phi pi defined operators rho obey precisely usual louiville field operators qft following weinbergs treatment discuss implications detail particularly implication difference computing mechanics versus lies mainly measurement side dynamic side measurement derived dynamics boundary conditions heretical realistic building finite field theory proposed linked backwards time interpretation mechanics
Time-series forecasting with multiphoton quantum states and integrated photonics,2512.02928v1,quant-ph,2025-12-02 16:51:22+00:00,6,recently attracted significant attention photonic platforms particular reconfigurable integrated photonic circuits offer promising route thanks possibility implementing adaptive feedback loops essential ingredient achieving necessary nonlinear behavior characteristic networks here implement reservoir computing protocol information processed reconfigurable linear optical integrated photonic circuit measured singlephoton detectors exploit multiphotonbased setup timeseries forecasting tasks variety scenarios input signal encoded circuits optical phases modulating reservoir state resulting output probabilities set feedback phases and end computation fed digital layer trained via linear regression perform predictions focus investigation role input photon indistinguishability reservoirs capabilities predicting timeseries experimentally twophoton indistinguishable input states lead significantly better compared distinguishable ones enhancement arises correlations present indistinguishable states enable approximate higherorder nonlinear comparable physical resources highlighting importance interference indistinguishability resource photonic reservoir computing
Universal convolution from wave dynamics: photonic processing and encryption in synthetic dimension,2511.22426v1,physics.optics,2025-11-27 13:08:21+00:00,6,convolution cornerstone signal processing optical networks traditionally implemented mapping mathematical operations onto complex hardware here overcome challenge revealing wave dynamics translationsymmetric lattices intrinsically performs convolution dispersion relation uniquely defining complexvalued kernel leveraging universal principle convolutional architecture minimal complexity wave evolution programmable photonic synthetic lattices delivering highthroughput multifunctional capabilities rate teraoperations per second tops image processing beyond convolution acceleration kernels complex nature facilitates photonic simulation irreversible diffusion reversible unitary dynamics incoherent excitation capitalizing physicsbased reversibility undetectable phase information convolutiondriven optical encryption strategy establishes unified framework photonic computing grounding convolution wave dynamics opening avenues toward scalable multifunctional photonic processors high integration potential
Beyond Atoms: Evaluating Electron Density Representation for 3D Molecular Learning,2511.21900v1,cs.LG,2025-11-26 20:42:31+00:00,2,d molecular property prediction typically rely atombased representations overlook subtle physical information electron density maps direct output xray crystallography cryoelectron microscopy offer continuous physically grounded alternative compare voxelbased input types d convolutional cnns atom types raw electron density density gradient magnitude across molecular tasks proteinligand binding affinity prediction pdbbind property prediction qm focus voxelbased cnns electron density inherently volumetric voxel grids natural representation experimental computed densities pdbbind representations perform similarly full data lowdata regimes densitybased inputs outperform atom types shapebased baseline performs comparably suggesting spatial occupancy dominates task qm labels derived density functional theory dft input densities lowerlevel xtb densitybased inputs still outperform atombased ones scale reflecting rich structural electronic information encoded density overall highlight task regimedependent strengths densityderived inputs improving efficiency affinity prediction property modeling
Performance Guarantees for Quantum Neural Estimation of Entropies,2511.19289v1,quant-ph,2025-11-24 16:36:06+00:00,8,estimating entropies divergences important physics information theory learning estimators qnes utilize hybrid classicalquantum architecture recently emerged appealing framework estimating measures estimators combine parametrized circuits deployment typically entails tedious tuning hyperparameters controlling sample size architecture circuit topology initiates formal guarantees qnes measured renyi relative entropies form nonasymptotic error risk bounds establish exponential tail bounds showing error subgaussian sharply concentrates ground truth value appropriate subclass density operator pairs space dimension d bounded thompson metric theory establishes copy complexity qne circuit parameter set thmathcalu minimax optimal dependence e additionally density operator pairs permutation invariant improve dimension dependence theory aims facilitate principled implementation qnes measured relative entropies guide hyperparameter tuning practice
Neural network approximation of regularized density functionals,2511.18512v1,physics.chem-ph,2025-11-23 16:08:24+00:00,2,density functional theory widely mechanics especially fields solid state physics chemistry theoretical perspecive central object universal density functional contains intrinsic information question external potential provided principle obtain exact groundstate energy via simple minimization however universal density functional complicated mathematical object almost always replaced approximate variants far first principles mathematically consistent convergent approximation procedure devised general applicability paper procedure applying moreauyosida regularization make exact functionals continuous even differentiable approximate regularized functional network resulting preserves positivity convexity exact functionals importantly differentiable directly kohnsham calculation
Teukolsky by Design: A Hybrid Spectral-PINN solver for Kerr Quasinormal Modes,2511.15796v1,gr-qc,2025-11-19 19:00:03+00:00,3,spectralpinn hybrid pinn solver kerr quasinormal modes targets teukolsky separated radialangular joint twodimensional formulations solver replaces standard activation chebyshev polynomials kind supports soft via loss penalties hard enforced analytic masks implementations leavers normalization benchmarking leavers continuedfraction cumulative realimaginary part relative frequency errors sim separated formulation hard normalization sim soft separated soft joint formulations sim hard joint case exploiting ability solve joint equation add small quadrupolar perturbation teukolsky operator effectively rendering nonseparable resulting perturbed quasinormal modes compared expected precision einstein telescope allowing us constrain magnitude perturbation proofofconcept hybrid spectralpinn solvers flexible pathway quasinormal spectra settings separability asymptotics field content become intricate high required
Addressing the gravitational collapse of a massless scalar field with Physics-Informed Neural Networks,2511.15247v2,gr-qc,2025-11-19 09:06:29+00:00,7,gravitational collapse massless scalar field remains demanding benchmark relativity exhibits critical behavior boundary dispersion black hole formation revisit relying physicsinformed pinns flexible solvers equations thereby providing comparative assessment several recent architectures building formulation polarareal coordinates four initialvalue encompassing subcritical critical supercritical regimes highresolution finitedifference simulations reference solutions primarily comparative evaluate several stateoftheart architectures including vanilla highprecision pinns sinusoidalfeature quadraticresidual variants kolmogorovarnold networks trained common loss design encodes field equations boundary conditions causal timespace enforcement together adaptive spacetime sampling within framework modpinn modest modification standard pinns augments standard multilayer perceptrons coordinate embeddings quadratic layers common ingredients recent literature deeplearningbased reproduce finitedifference scalar field spacetime metric competitive significantly fewer collocation points traditional methodologies single architecture dominates regimes modpinn achieves particularly stable accurate near criticality indicating suitably designed embeddings adaptive sampling enhance robustness pinns challenging gravitationalcollapse scenarios
Machine Learning Framework for Efficient Prediction of Quantum Wasserstein Distance,2511.12443v1,quant-ph,2025-11-16 04:07:13+00:00,1,wasserstein distance wdistance fundamental metric quantifying distinguishability operations critical applications error correction however computing wdistance remains computationally challenging multiqubit due exponential scaling present framework efficiently predicts wdistance extracting physically meaningful features state pairs including pauli measurements statistical moments fidelity entanglement measures employs traditional models threequbit systems bestperforming random forest achieves nearperfect r mean absolute errors order validate frameworks practical utility successfully verifying fundamental theoretical propositions information theory bound measurement probability differences unitary operations w gate error rate bound establish viable scalable alternative traditional wdistance computation particular promise realtime circuit assessment error correction protocol design nisq devices
Learning Post-Newtonian Corrections from Numerical Relativity,2511.10522v1,gr-qc,2025-11-13 17:25:31+00:00,3,accurate modeling gravitational waveforms compact binary coalescences remains central gravitationalwave gw astronomy postnewtonian pn approximations capture early inspiral dynamics analytically break near merger relativity nr provides accurate yet computationally expensive waveforms limited parameter ranges physicsinformed pinn framework learns corrections mapping pn dynamics waveforms nr counterparts demonstration approach taylort pn baseline train hybridized nr surrogate nrhybsurdq learn higherorder corrections orbital dynamics waveform modes nonspinning noneccentric systems physically motivated loss terms enforce known limits symmetries vanishing corrections newtonian limit suppression oddm modes equalmass systems promoting consistent reliable extrapolation beyond region simultaneously incorporate corrections account different meaning mass parameters pn nr descriptions learned corrections significantly reduce phase amplitude error inspiral m merger provides differentiable computationally bridge pn nr offering path toward waveform generalize robustly beyond existing nr datasets
Towards a Machine Learning Solution for Hubble Tension: Physics-Informed Neural Network (PINN) Analysis of Tsallis Holographic Dark Energy in Presence of Neutrinos,2511.09706v1,astro-ph.CO,2025-11-12 20:06:10+00:00,0,present physicsinformed pinn framework reconstructing redshiftdependent hubble parameter hz within tsallis holographic dark energy thde extended massive neutrinos approach modified friedmann incorporated loss function enabling cosmic chronometers z leq framework allows simultaneous estimation hubble constant h neutrino density parameter on tsallis nonextensivity index d uncertainty quantification performed dropout simulations resulting statistically consistent s confidence bands thden model reconstructed via pinn alleviates statistical hubble tension canonical sim s level range sleq leq s depending redshift sampling additionally constrain total neutrino mass smn textev detailed comparison traditional markov chain monte carlo mcmc analysis demonstrates consistency methods highlighting competitiveness pinnbased thde framework robust datadriven nonparametric cosmological inference within generalized thermodynamics
"Dark matter by design: $Q$-balls, neural networks and galaxy rotation curves",2511.09634v1,gr-qc,2025-11-12 19:00:03+00:00,3,dynamically robust textitaka stable qball reproduce rotation curve disk galaxy astrophysical environment qballs nontopological solitons transparent perceived gravitational effects traditionally scalar qballs modelled polynomial potential axionlike periodic potentials expected support solitonic configurations presence angular momentum qballs acquire toroidal structure central density void qualitatively resembling structure disk galaxies motivated similarity investigate whether rotating scalar qballs reproduce observed galactic rotation curves work recently developed hybrid framework combines highaccuracy pseudospectral physicsinformed construct static rotating qball solutions assess ability act dark matter halos galaxies fitting observed rotation curves sample disk galaxies sparc catalogue simplified provides overall good agreement observational data found average constraint scalar field particles mass msim ev agreement similar galacticscale soliton solutions
Physics-Informed Neural Networks for Gate Design using Quantum Optimal Control,2511.09463v1,quant-ph,2025-11-12 16:29:09+00:00,5,implementing gates computers require carefully shaped pulses highfidelity operations explore physicsinformed pinns optimal control assess usefulness predicting pulses pinn feedforward utilizes unsupervised approach whose loss includes terms enforce govern evolution system measure close learned unitary target unitary operation ensure state normalization sinusoidal activation adopt variancetype weight initialization tailored activation function analyzing models important metrics choice architecture wellsuited type problem ensure avoids vanishing exploding gradients relevant choices build different pinns schrodinger another lindblad equation pinns able discover highfidelity twoqubit gate pulses variety operations demonstrating flexibility robustness build different pinns schrodinger another lindblad equation pinns able discover highfidelity twoqubit gate pulses variety operations demonstrating flexibility robustness
A Classical-Quantum Hybrid Architecture for Physics-Informed Neural Networks,2511.07216v1,quant-ph,2025-11-10 15:39:18+00:00,1,work quantumclassical hybrid physicsinformed multiplicative additive couplings qpinnmac hybrid architecture integrates framework physicsinformed pinns qnns specifically prove strategic couplings components qpinnmac retains universal approximation property ensuring theoretical capacity represent complex ordinary odes simultaneously hybrid qpinnmac architecture actively mitigates barren plateau problem regions parameter space costfunction gradients decay exponentially circuit depth fundamental obstacle qnns hinders optimization training furthermore prove couplings prevent gradient collapse ensuring trainability even highdimensional regimes thus establish pathway constructing quantumclassical hybrid theoretical convergence guarantees essential practical qpinns
Focus Point on Tensions in Cosmology from Early to Late Universe: Part II: New Directions in the Light of Observations from the Most Modern Astronomical Facilities,2511.05279v1,astro-ph.CO,2025-11-07 14:39:35+00:00,0,papers included focus point collection devoted studies cosmological tensions challenges stimulated latest observational data lares laser ranging satellite high precision testing framedragging effect predicted general relativity presented sstars monitoring galactic center obtained gravity collaboration analysed within physicsinformed pinn approach enabled probe role cosmological constant dark matter star cluster core galaxy obtaining upper limit star density topics include conversion highfrequency relic gravitational waves photons cosmological magnetic field cosmological gravitational waves stochastic background generation spontaneous breaking global baryon number symmetry observational predictions starobinsky inflation studies
Fuzzy Neural Network Performance and Interpretability of Quantum Wavefunction Probability Predictions,2511.05261v1,physics.chem-ph,2025-11-07 14:24:49+00:00,2,predicting wavefunction probability distributions crucial chemistry materials science yet ml often face tradeoff interpretability compares artificial anns adaptive neurofuzzy inference anfis modeling probability distributions h ion leveraging generated via physicsinformed pinns ann achieved superior r vs anfiss gaussian membership functions required x parameters vs anfis however provided unique interpretability gaussian membership encoded spatial electron localization near proton positions m a mirroring born probability densities fuzzy rules reflected superposition principles rules prioritizing internuclear direction revealed systems d symmetry aligning linear combination atomic orbitals theorya datadriven perspective orbital hybridization membership variances s quantified electron delocalization trends peak prediction errors highlighted unresolved cusps choice critically impacted performance gaussiangeneralized bell outperformed sigmoid errors improving increased showing scalability underscores contextdependent value ml ann precision anfis interpretable parameterefficient approximations link inputs physical behavior findings advocate hybrid approaches simulations balancing explainability accelerate discovery future extend anfis multielectron integrate domainspecific constraints eg kinetic energy terms bridging datadriven fundamental physics
QINNs: Quantum-Informed Neural Networks,2510.17984v1,hep-ph,2025-10-20 18:03:15+00:00,6,learn rich multiparticle correlations collider data inductive biases rarely anchored physics structure quantuminformed qinns general framework brings information concepts observables purely models framework broad paper concrete realisation encodes particle qubit uses fisher information matrix qfim compact basisindependent summary particle correlations jet tagging case study qfims act lightweight embeddings graph networks increasing expressivity plasticity qfim reveals distinct patterns qcd hadronic top jets align physical expectations thus qinns offer practical interpretable scalable route quantuminformed analyses is tomography particle collisions particularly enhancing wellestablished approaches
Privacy-Aware Framework of Robust Malware Detection in Indoor Robots: Hybrid Quantum Computing and Deep Neural Networks,2510.13136v1,cs.CR,2025-10-15 04:25:33+00:00,6,indoor robotic within cyberphysical cps increasingly exposed denial service dos attacks compromise localization control telemetry integrity privacyaware malware detection framework indoor robotic systems leverages hybrid computing counter dos threats cps preserving privacy information integrating quantumenhanced feature encoding dropoutoptimized learning architecture achieves detection privacyconstrained conditions operates without handcrafted thresholds persistent beacon data enabling scalable deployment adversarial environments benchmarking reveals robust generalization interpretability resilience instability modular circuit design advances trustworthy ai secure autonomous cps operations
Hierarchical Qubit-Merging Transformer for Quantum Error Correction,2510.11593v1,quant-ph,2025-10-13 16:31:46+00:00,1,reliable largescale computation error correction qec scheme must effectively resolve physical errors protect logical information leveraging recent advances learning networkbased decoders emerged promising enhance reliability qec hierarchical qubitmerging transformer hqmt general decoding framework explicitly leverages structural graph stabilizer codes learn error correlations across multiple scales architecture computes attention locally structurally related groups stabilizers systematically merges qubitcentric representations build global view error syndrome hqmt achieves substantially lower logical error rates surface codes integrating dedicated qubitmerging layer within transformer architecture across various code distances hqmt significantly outperforms previous networkbased qec decoders well powerful belief propagation ordered statistics decoding bposd baseline hierarchical provides scalable effective framework surface code decoding advancing realization reliable computing
Diffusion-Guided Renormalization of Neural Systems via Tensor Networks,2510.06361v1,q-bio.NC,2025-10-07 18:26:10+00:00,1,far equilibrium selforganize across multiple scales exploiting multiscale selforganization neuroscience artificial intelligence requires framework modeling effective nonequilibrium dynamics stochastic trajectories nonequilibrium thermodynamics representational geometry offer theoretical foundations need scalable datadriven techniques modeling collective properties highdimensional subsampled observations renormalization coarsegraining technique central studying emergent scaling properties manybody nonlinear dynamical systems widely physics learning coarsegraining complex dynamical remains unsolved affecting many sciences recent diffusionbased renormalization inspired statistical mechanics coarsegrains near entropy transitions marked maximal changes specific heat information transmission explore diffusionbased renormalization generating symmetrybreaking representations across scales offering scalable tensor networks diffusionguided renormalization bridges microscale mesoscale dynamics dissipative systems microscales developed scalable graph inference discovering community structure subsampled activity communitybased node orderings diffusionguided renormalization generates renormalization group flow metagraphs joint probability functions towards mesoscales diffusionguided renormalization targets effective nonequilibrium dynamics dissipative trajectories occupying lowerdimensional subspaces enabling coarsetofine control neuroscience artificial intelligence
"Curvature-Aware Deep Learning for Vector Boson Fusion: Differential Geometry, Physics-Inspired Features, and Quantum Method Limitations",2510.04887v1,hep-ph,2025-10-06 15:09:04+00:00,6,particle physics classification often assumes flat geometry ignoring curved statistical structure collision data present geometric framework vector boson fusion higgs classification combines physicsinspired observables product manifold networks unifies euclidean hyperbolic spherical representations capture nonlinear correlations among kinematic features geometric embedding yields measurable improvements flat baselines demonstrating curvatureaware architectures recover information lost standard approaches highlights incorporating geometric structure enhances discrimination power highenergy collision data
PINNGraPE: Physics Informed Neural Network for Gravitational wave Parameter Estimation,2510.02858v1,gr-qc,2025-10-03 09:53:42+00:00,3,weaklymodelled searches gravitational waves essential ensuring potential sources accounted detection efforts make minimal assumptions regarding source morphology searches primarily target generic transient sources highly effective identifying broad range compact binary coalescences weaklymodelled search coherent waveburst detect gw despite ability detect compact binaries diverse properties accurate estimation source parameters output remains challenging task overcome this leverage physicsinformed networks serve powerful tool parameter estimation applying physical constraints universal governing compact binary system approach rapidly infer mass parameters binary black hole merger within timefrequency representation gravitational wave signal
Nondestructive characterization of laser-cooled atoms using machine learning,2509.26479v1,physics.atom-ph,2025-09-30 16:26:42+00:00,2,techniques estimating physical properties lasercooled potassium atoms magnetooptical trap scattered light ie fluorescence intrinsic cooling process insitu snapshot images fluorescing atomic ensembles directly reveal spatial structure millimeterscale objects contain obvious information regarding internal properties temperature assembled labeled balanced dataset sampling times different experimental parameters includes examples with large dense atomic ensembles complete absence atoms everything between describe range trained predict atom number temperature solely fluorescence images run gamut poorly performing linear regression integrated fluorescence give number temperature fractional uncertainties respectively
SQuaD: Smart Quantum Detection for Photon Recognition and Dark Count Elimination,2509.24383v3,quant-ph,2025-09-29 07:33:21+00:00,6,detectors single photons essential component information processing across computing communication networking todays detection system consists single photon detectors timing electronics control processing software primarily counting number single photon detection events however largely incapable extracting rich physical characteristics detected photons wavelengths polarization states photon numbers temporal waveforms work time demonstrates smart detection system squad integrates field programmable gate array fpga model designed recognize features photons eliminate detector darkcount squad fully integrated high timingresolution acquisition onboard multiscale analysis intelligent feature recognition extraction feedbackdriven control name experimentally demonstrates reliable photon counting par stateofthe art commercial systems highthroughput processing individual detection events dark count recognition elimination accurate feature recognition photon wavelength polarization additionally deploy squad atomic erbium ion photon emitter source realize noisefree control readout spin qubit telecom band enabling critical advances distributed information processing
Physics-informed time series analysis with Kolmogorov-Arnold Networks under Ehrenfest constraints,2509.18483v1,cs.LG,2025-09-23 00:37:04+00:00,1,prediction dynamical responses lies heart modern physics yet modeling timedependent behaviors remains formidable challenge evolve highdimensional hilbert spaces often rendering traditional computationally prohibitive large language achieved remarkable success sequential prediction dynamics fundamentally different challenge forecasting entire temporal evolution rather merely next element sequence existing architectures recurrent convolutional often require vast datasets suffer spurious oscillations compromise physical interpretability work fundamentally approach kolmogorov arnold kans augmented physicsinformed loss enforce ehrenfest theorems achieves superior significantly less data requires percent samples compared temporal convolution chain kans architecture embeds temporal causality directly design making particularly wellsuited time series modeling physicsinformed kans offer compelling advantage conventional blackbox models maintaining mathematical rigor physical consistency dramatically reducing requirements
Solving Differential Equation with Quantum-Circuit Enhanced Physics-Informed Neural Networks,2509.16247v1,quant-ph,2025-09-17 11:10:09+00:00,8,present simple hybrid framework combines physics informed pinns features generated small circuits proof concept firstorder solved feeding measurement probabilities model architecture enforces initial condition exactly guided ode residual loss hybrid reproduces analytical solution illustrating potential quantumenhanced pinns solving
Machine Learning for Quantum Noise Reduction,2509.16242v1,quant-ph,2025-09-17 00:13:07+00:00,1,noise fundamentally limits utility nearterm devices making error mitigation essential practical computation traditional error correction codes require substantial qubit overhead complex syndrome decoding directly reconstructs clean states noisy density matrices without additional qubits formulate noise reduction supervised convolutional cnn autoencoder architecture fidelityaware composite loss function trained evaluated comprehensive synthetic dataset density matrices derived random qubit circuits encompassing five noise types depolarizing amplitude damping phase damping bitflip mixed noise across four intensity levels cnn successfully reconstructs states across noise conditions achieving average fidelity improvement d notably demonstrates superior complex mixed noise scenarios higher noise intensities mixed noise showing highest corrected fidelity improvement effectively preserves diagonal elements populations offdiagonal elements quantum coherences making suitable entanglementdependent algorithms phase damping fundamental informationtheoretic limitations suggest cnnbased density matrix reconstruction offers promising resourceefficient alternative traditional error correction nisqera devices datadriven could enable practical advantage fewer physical qubits conventional error correction schemes require
Learning spatially structured open quantum dynamics with regional-attention transformers,2509.06871v1,quant-ph,2025-09-08 16:40:32+00:00,5,simulating dynamics open spatial structure external control important challenge information science solvers require integrating coupled master field equations computationally demanding simulation optimization tasks often precluding realtime networkscale simulations feedback control regional attentionbased architecture learns spatiotemporal dynamics structured open systems incorporates translational invariance physical laws inductive bias achieve scalable complexity supports conditioning timedependent global control parameters representative systems driven dissipative single qubit electromagnetically induced transparency eit memory achieves high predictive fidelity indistribution outofdistribution control protocols provides substantial acceleration orders magnitude solvers architecture establishes general surrogate modeling framework spatially structured open dynamics immediate relevance largescale simulation repeater protocol design realtime experimental optimization scalable device modeling across diverse lightmatter platforms
Multiscale light-matter dynamics in quantum materials: from electrons to topological superlattices,2509.00966v1,physics.comp-ph,2025-08-31 19:14:52+00:00,2,lightmatter dynamics topological materials enables ultralowpower ultrafast devices challenge simulating multiple field particle light electrons atoms vast spatiotemporal scales exaflops computers increased heterogeneity lowprecision focus present paradigm shift solves challenge harnessing hardware heterogeneity lowprecision arithmetic divideconquerrecombine divide spatial physical subproblems small dynamic ranges minimal mutual information mapped onto hardware units metamodelspace algebra minimizes communication precision requirements gpus aurora dcmesh divideandconquer maxwellehrenfestsurface hopping xsnnqmd excitedstate neuralnetwork molecular dynamics modules mlmd multiscale lightmatter dynamics software times faster stateoftheart millionelectron trillionatom pbtio material achieving eflops former enabled lightinduced switching topological superlattices future ferroelectric topotronics
Quantum Phase Space Tomography for Electromagnetic Biomaterial Imaging,2509.00534v1,physics.optics,2025-08-30 15:27:28+00:00,8,present concise principles metrological framework imaging dielectric biomaterials probing full phase space wigner distribution electromagnetic field building rigorous multilayer maxwell cole cole stratified tissue quantum phase space tomography qpst couples analytical forward theory metrology bayesian inference prepare structured em probe eg squeezed microwave pulse interacts tissue perform full state tomography outgoing field recovered wigner quasi probability reveals subwavelength non features lost imaging projecting measurement onto analytically derived tissue response manifold recover key physiological parameters eg layer thickness dispersion define dielectric anaplasia metric dam quantifies tissue microstructural heterogeneity eg malignancy via deviations cole cole parameters design leverages state art sensors eg nv diamond magnetometers advanced inverse physics informed networks diffusion priors examples qpst non invasively map tissue permittivity unprecedented sensitivity bridges fundamental electromagnetic theory emerging technologies promising paradigm medical imaging
Physics-informed Hamiltonian learning for large-scale optoelectronic property prediction,2508.20536v1,cond-mat.mtrl-sci,2025-08-28 08:25:55+00:00,2,predicting optoelectronic properties largescale atomistic realistic conditions crucial rational materials design yet computationally prohibitive firstprinciples simulations recent promise overcoming challenges typically require large datasets lack physical interpretability physicsinspired approximate offer greater efficiency intuitive understanding often sacrifice transferability present hamster physicsinformed framework predicting quantummechanical hamiltonian complex chemical systems starting approximate encoding essential physical effects hamster captures critical influence dynamic environments hamiltonians explicit firstprinciples calculations halide perovskites achieving accurate prediction optoelectronic properties across temperature compositional variations scalability containing tens thousands atoms highlights power physicsinformed hamiltonian accurate interpretable optoelectronic property prediction large complex systems
Estimating classical mutual information between quantum subsystems with neural networks,2508.07652v1,quant-ph,2025-08-11 06:04:38+00:00,6,characterizing correlations basis projective measurements performed different means including calculation mutual information generally estimating informationentropybased quantities requires complete statistics systems states explore possibility reconstruct mutual information specific entropy basis limited number projective measurements prominent example antiferromagnetic ising transverse longitudinal magnetic fields demand condensed matter physics computing gives reliable estimates mutual information even case paramagnetic wave delocalized state space addition phase diagram considered reconstructed special focus discriminating various types disordered states
Local Diffusion Models and Phases of Data Distributions,2508.06614v1,cs.LG,2025-08-08 18:01:01+00:00,8,class generative artificial intelligence frameworks inspired statistical physics diffusion extraordinary synthesizing complicated distributions denoising process gradually guided score functions reallife data like images often spatially structured lowdimensional spaces however ordinary diffusion ignore local structure learn spatially global score functions often computationally expensive work perspective phases distributions provides insight constructing local denoisers reduced costs define distributions belonging distribution phase mutually connected via spatially local operations local denoisers then reverse denoising process consists early trivial phase late phase sandwiching rapid phase transition local denoisers must fail diagnose phase transitions prove informationtheoretic bound fidelity local denoisers conditional mutual information conduct experiments realworld dataset suggests simpler architectures diffusion models far phase transition point small local compute score function global necessary around narrow time interval phase transitions result opens directions studying phases distributions broader science generative artificial intelligence guiding design inspired physics concepts
Quantum Spectral Reasoning: A Non-Neural Architecture for Interpretable Machine Learning,2508.03170v1,cs.LG,2025-08-05 07:16:45+00:00,6,architecture departs conventional paradigms leveraging spectral methods specifically pade approximants lanczos algorithm interpretable signal analysis symbolic reasoning core innovation lies ability transform raw timedomain signals sparse physically meaningful spectral representations without backpropagation highdimensional embeddings dataintensive blackbox models rational spectral approximation extracts resonant structures mapped symbolic predicates via kernel projection function enabling logical inference rulebased reasoning engine architecture bridges mathematical physics sparse approximation theory symbolic artificial intelligence offering transparent physically grounded alternative models full mathematical formalism underlying stage pipeline modular algorithmic implementation systems effectiveness comparative evaluations timeseries anomaly detection symbolic classification hybrid reasoning tasks spectralsymbolic architecture achieves competitive maintaining interpretability efficiency suggesting promising direction physicallyinformed reasoningcapable learning
Double descent: When do neural quantum states generalize?,2508.00068v2,cond-mat.dis-nn,2025-07-31 18:00:22+00:00,6,states nqs flexible wavefunction parameterizations studies manybody physics inspired learning remains unclear extent nqs share characteristics standard tasks nqs exhibit double descent phenomenon key feature modern learning generalization worsens size increases improving overparameterized regime notably find second descent occur sizes much larger hilbert space dimension indicating nqs typically operate underparameterized regime increasing size degrade generalization analysis reveals optimal size regime depends number unique samples highlighting importance sampling strategies findings suggest need symmetryaware physicsinformed architecture design rather directly adopting heuristics
Search for $t\bar tt\bar tW$ Production at $\sqrt{s} = 13$ TeV Using a Modified Graph Neural Network at the LHC,2507.23723v1,hep-ex,2025-07-31 16:57:08+00:00,1,simultaneous production four top quarks association w boson sqrts tev rare sm process nexttoleadingorder nlo crosssection abcitesaiel identifying process fully hadronic decay channel particularly challenging due overwhelming backgrounds tbart tbartw tbartz tripletop production processes introduces modified physics informed network hybrid graph gnn enhancing event classification integrates graph layers particlelevel features custom multi layer perceptronmlp global stream circuit crossattention fusion combine local global representations physicsinformed loss enforce jet multiplicity constraints derived event decay dynamics benchmarked conventional methods gnn achieves signal significance ssqrtsb rocauc surpassing bdts significance roc xgboost achieves significance roc classification trained monte carlo mc simulations events normalized crosssectionbased reweighting reflect expected contributions dataset corresponding fb integrated luminosity enhanced offers framework precision event selection lhc leveraging high dimensional statistical physics informed inference tackle fundamental hep challenges aligning ml developments
Neural Network Architectures for Scalable Quantum State Tomography: Benchmarking and Memristor-Based Acceleration,2507.23007v1,quant-ph,2025-07-30 18:12:10+00:00,1,state tomography qst essential characterizing validating systems practical severely limited exponential growth hilbert space number measurements required informational completeness many prior claims relied architectural assumptions rather systematic validation benchmark several architectures determine scale effectively qubit number fail maintain high fidelity size increasesto address this perform comprehensive benchmarking diverse architectures across measurement strategies evaluate effectiveness reconstructing pure mixed states reveal cnn cgan scale robustly achieve highest fidelities spiking variational autoencoder svae demonstrates moderate fidelity performance making strong candidate embedded lowpower hardware practical diagnostics require embedded energyefficient computation discuss memristorbased computationinmemory cim platforms accelerate hardware mitigating memory bottlenecks reducing energy consumption enable scalable insitu qst identifies architectures scale favorably future lays groundwork quantumclassical codesign computationally physically scalable
Quantum-Efficient Convolution through Sparse Matrix Encoding and Low-Depth Inner Product Circuits,2507.19658v1,quant-ph,2025-07-25 20:08:12+00:00,1,convolution operations foundational image processing modern architectures yet extension domain remained algorithmically physically costly due inefficient encoding prohibitive circuit complexity work present resourceefficient reformulates convolution product structured matrix multiplication via sparse reshaping formalism leveraging observation localized convolutions encoded doubly blocktoeplitz matrix multiplications construct framework wherein sparse input patches prepared optimized keyvalue qram state encoding convolutional filters represented states superposition convolution outputs computed inner product estimation lowdepth swap test circuit yields probabilistic amplitude information reduced sampling overhead architecture supports batched convolution across multiple filters generalized swap circuit compared prior convolutional approaches eliminates redundant preparation costs scales logarithmically input size sparsity enables direct integration hybrid quantumclassical pipelines provides scalable physically realizable pathway toward quantumenhanced feature extraction opening possibilities convolutional datadriven inference
Inverse Design using Physics-Informed Quantum GANs for Tailored Absorption in Dielectric Metasurfaces,2507.18132v1,physics.optics,2025-07-24 06:47:04+00:00,1,high qfactor narrowband absorption exhibits high spectral selectivity enabling highsensitive photodetectors sensors thermal emitters alldielectric metasurfaces widely regarded excellent candidates giving rise narrowband absorption however designing metasurfaces specific functionalities remains challenging task experimentally computationally inverse design increasingly explored inverse design process highly complex due nonunique higher dimensionality design space making challenging precisely control resonance wavelength linewidth absorption intensity paper present hybrid methodology integrates generative adversarial gans both quantum physicsinformed pinns inverse design narrowband absorbing metasurfaces introducing fanoshaped absorption spectrum pinn loss function enforce physical constraints resonance behavior ensuring outputs spectrally accurate physically consistent comparison conventional gan pinn framework pinn augmented hybrid quantumclassical gan qgan findings indicate integrated pinn qgan achieves faster convergence requires fewer samples yields order magnitude lower mse compared conventional gans remarkably even though dataset contains metasurfaces qfactors order able generate highly asymmetric metasurface structures qfactors exceeding framework integrates physicsbased modeling providing promising quantumenhanced inverse design nanophotonic systems
"Quantum computational sensing using quantum signal processing, quantum neural networks, and Hamiltonian engineering",2507.15845v1,quant-ph,2025-07-21 17:53:15+00:00,6,combining sensing computing lead sensors able efficiently extract taskspecific information physical signals possible otherwise early examples sensing qcs largely focused protocols single sensing operation appears measurement exception recent grovers signal detection present theory simulations signal processing various binary multiclass machinelearning classification tasks sensing sensing operations interleaved computing operations giving rise nonlinear sensed signals evaluated tasks static timevarying signals including spatiotemporal signals optimizing circuit parameters qcs protocol takes account sampling noise allows us engineer protocols yield accurate single measurement shot cases able regime operation sensor achieve higher conventional sensor simulated advantage percentage points tasks present protocols performing nonlinear tasks hamiltonianengineered bosonic signal processing hybrid qubitbosonic systems overall substantial computationalsensing advantages obtained even small including fewqubit systems comprising single qubit single bosonic mode even single qubit alone raising prospects experimental proofofprinciple practical realizations
Machine Learning-aided Optimal Control of a noisy qubit,2507.14085v1,quant-ph,2025-07-18 17:06:58+00:00,5,graybox machinelearning framework control qubit undergoing markovian nonmarkovian dynamics environmental noise combines physicsinformed lightweight transformer selfattention mechanism trained simulated learns effective operator predicts observables accurately even presence memory effects benchmark nongaussian randomtelegraph noise gaussian ornsteinuhlenbeck noise achieve low prediction errors even challenging noise coupling regimes dynamics emulator perform gradientbased optimal control identify pulse sequences implementing universal set singlequbit gates achieving fidelities lowest considered value coupling remaining highest
Artificial Intelligence for Quantum Matter: Finding a Needle in a Haystack,2507.13322v2,cond-mat.str-el,2025-07-17 17:42:21+00:00,8,nns great potential solving ground state various manybody problems however several key challenges remain overcome nns tackle sizes inaccessible established tools here present general nn representation arbitrary manybody complex wave nparticle probability density probability current density reached overlaps large employ wave pretraining effortlessly solve fractional hall coulomb interactions realistic landaulevel mixing many particles demonstrates efficient accurate simulation highlyentangled matter generalpurpose nns enhanced physicsinformed initialization
Inverse Physics-informed neural networks procedure for detecting noise in open quantum systems,2507.12552v1,quant-ph,2025-07-16 18:03:48+00:00,5,accurate characterization essential development technologies particularly noisy intermediatescale nisq era traditional hamiltonian noise characterization often require extensive measurements scale poorly size approaches offer promising alternatives work extend inverse physicsinformed referred pinnverse framework open governed lindblad master equations incorporating coherent dissipative dynamics training enables simultaneous identification hamiltonian parameters decay rates noisy experimental data effectiveness robustness simulations twoqubit open systems pinnverse provides scalable noiseresilient framework identification potential applications control error mitigation
Polaritonic Machine Learning for Graph-based Data Analysis,2507.10415v1,cond-mat.dis-nn,2025-07-14 15:57:22+00:00,6,photonic polaritonic offer fast platform accelerating ml physicsbased computing gain advantage however polaritonic must exploit features specifically favor nonlinear optical processing address computationally hard depend features integrate photonic processing within broader ml pipelines letter polaritonic solving graphbased problems lattices condensates efficiently embed relational topological information point cloud datasets information incorporated pattern recognition workflow convolutional cnns leading significantly improved compared physicsagnostic methods extensive benchmarking photonic achieves betti number classification clique detection tasks substantial improvement bare cnns introduces distinct way photonic fast tools feature engineering building top highperforming digital learning
OrbitAll: A Unified Quantum Mechanical Representation Deep Learning Framework for All Molecular Systems,2507.03853v1,cs.LG,2025-07-05 01:21:56+00:00,2,despite success chemistry representational capacity often confined neutral closedshell molecules however realworld chemical often exhibit complex characteristics including varying charges spins environments orbitall geometry physicsinformed framework represent molecular electronic structure information orbitall utilizes spinpolarized orbital features underlying mechanical method combines graph satisfying seequivariance resulting framework represent process molecular arbitrary charges spins environmental effects orbitall demonstrates superior generalization predicting charged openshell solvated molecules robustly extrapolating molecules significantly larger leveraging physicsinformed architecture orbitall achieves chemical times fewer competing ai models speedup approximately compared density functional theory
Continuous-variable Quantum Diffusion Model for State Generation and Restoration,2506.19270v1,quant-ph,2025-06-24 03:04:21+00:00,6,generation preservation complex states environmental noise paramount challenges advancing continuousvariable cv information processing introduces framework continuousvariable diffusion principles synergizing cv cvqnns address dual challenges task state generation continuousvariable diffusion generative cvqdg employs physically driven forward diffusion process thermal loss channel inverted learnable parameterefficient backward denoising process cvqnn timeembedding frameworks capability extended state recovery continuousvariable diffusion restoration cvqdr specialized variant designed restore states particularly coherent states unknown parameters thermal degradation extensive simulations validate dual capabilities demonstrating highfidelity generation diverse gaussian coherent squeezed nongaussian fock cat states typically fidelities exceeding confirming models ability robustly restore corrupted states furthermore comprehensive complexity analysis reveals favorable inference costs highlighting frameworks efficiency scalability potential robust tool state engineering noise mitigation realistic cv systems
Variational Quantum Latent Encoding for Topology Optimization,2506.17487v1,cs.CE,2025-06-20 21:49:06+00:00,6,variational framework structural topology optimization developed integrating latent encoding strategies within coordinatebased decoding architecture approach lowdimensional latent vector generated either variational circuit sampled gaussian distribution mapped higherdimensional latent space via learnable projection layer enriched representation decoded highresolution material distribution takes latent vector fouriermapped spatial coordinates input optimization performed directly latent parameters guided solely physicsbased objectives compliance minimization volume constraints evaluated finite element analysis without requiring precomputed datasets supervised training latent vectors constructed expectation values pauli observables measured parameterized circuits providing structured entangled encoding information baseline uses gaussiansampled latent vectors projected manner variational formulation enables generation diverse physically valid topologies exploring latent space sampling perturbation contrast traditional optimization yield single deterministic solution experiments encodings produce highquality structural designs however encodings advantages several benchmark cases terms compliance design diversity highlight potential circuits effective scalable tool physicsconstrained topology optimization suggest promising directions applying nearterm hardware structural design
Quantum Recurrent Embedding Neural Network,2506.13185v1,quant-ph,2025-06-16 07:50:31+00:00,1,emerged promising models leveraging properties optimization solve complex physics beyond however previous studies inevitable trainability issues severely limit capabilities largescale regime work recurrent embedding qrenn inspired fasttrack information pathways resnet general circuit architectures information theory employing dynamical lie algebras rigorous proof trainability qrenn circuits demonstrating avoid barren plateaus notably general qrenn architecture resists simulation encompasses powerful circuits qsp qsvt dqc widely believed classically intractable building theoretical foundation qrenn accurately classify hamiltonians detect symmetryprotected topological phases demonstrating applicability supervised learning highlight power recurrent embedding potential scalable supervised predicting physical properties solving complex problems
Hamiltonian Learning via Inverse Physics-Informed Neural Networks,2506.10379v2,quant-ph,2025-06-12 06:09:41+00:00,5,hamiltonian hl enabling precise estimation parameters underlying dynamics plays critical role characterizing systems however conventional hl face challenges noise robustness resource efficiency especially limited measurements work present textitinverse physicsinformed hamiltonian ipinnhl incorporates schrodinger soft constraint via loss penalty ml procedure formulation allows integrate observational known physical laws infer hamiltonian parameters greater resource efficiency benchmark ipinnhl deepneuralnetworkbased state tomography denoted dnnhl effectiveness across several different scenarios including onedimensional spin chains crossresonance gate calibration crosstalk identification realtime compensation parameter drift ipinnhl heisenberg limit exhibits robustness noises outperforming dnnhl resource efficiency therefore ipinnhl powerful flexible framework characterization practical tasks
Physics-Informed Neural Network Approach to Quark-Antiquark Color Flux Tube,2506.03513v2,hep-ph,2025-06-04 02:57:11+00:00,8,physicsinformed pinns framework modelling spatial distribution chromodynamic fields induced quarkantiquark pairs lattice monte carlo simulations contrast conventional networks pinns incorporate physical lawsexpressed governing typeii objective embedding loss function guide learn physically consistent solutions adopting inverse approach extract parameters superconducting lattice qcd subsequently solve them accommodate physical boundary conditions recast integrodifferential form extend analysis within fractional pinns framework reconstructed field distribution assessed via relative lerror norms extract physical observables string tension mean width flux tube offering quantitative insight confinement mechanism enables reconstruction colour field profiles quarkantiquark separation without recourse predefined parametric models illuminate aspects dual meissner effect highlight promise datadriven strategies addressing nonperturbative challenges chromodynamics
A Bayesian PINN Framework for Barrow-Tsallis Holographic Dark Energy with Neutrinos: Toward a Resolution of the Hubble Tension,2506.02235v1,astro-ph.CO,2025-06-02 20:28:10+00:00,0,investigate barrowtsallis holographic dark energy bthde traditional markov chain monte carlo mcmc bayesian physicsinformed pinn framework employing range cosmological observations analysis incorporates cosmic microwave background cmb baryon acoustic oscillations bao cmb lensing cosmic chronometers cc pantheon type ia supernova compilation focus constraining hubble constant h nonextensive entropy index barrow exponent d grandaoliveros parameters a b along total neutrino mass smn bayesian pinn yields precise constraints mcmc particularly b tighter upper bounds smn inferred values h lie planck shes r alleviating hubble tension within ss depending dataset combination notably bayesian pinn achieves consistent across cc pantheon datasets maintaining physical consistency via embedded constraints combination cmb latetime probes leads stringent constraints smn ev h pm kmsmpc findings suggest bthde provides viable framework addressing cosmological tensions probing modified entropy scenarios highlighting complementary strengths traditional bayesian inference cosmological modeling
Physics-Informed Neural Networks for the Relativistic Burgers Equation in the Exterior of a Schwarzschild Black Hole,2506.00951v2,math.NA,2025-06-01 10:51:34+00:00,3,physicsinformed networkspinn solve relativistic burgers exterior domain schwarzschild black hole main contribution pinn architecture able simulate shock wave formations curved spacetime shockaware block introducing godunovinspired residuals loss function validate experiments different kinds initial conditions ability reproduce smooth discontinuous context general relativity
Constructing a bridge between functioning of oscillatory neuronal networks and quantum-like cognition along with quantum-inspired computation and AI,2506.00040v1,q-bio.NC,2025-05-27 20:08:37+00:00,6,quantumlike ql modeling outcomes information revolution extends theory beyond physics decision theory cognitive psychology effective explaining paradoxes decision making effects cognitive psychology conjunction disjunction order response replicability lacks direct link information processing brain bridges neurophysiology neuropsychology cognitive psychology exploring oscillatory neuronal give rise ql behaviors inspired power neuronal oscillations quantuminspired computation qic quantumtheoretical framework coupling cognitiondecision making oscillations it ql oscillatory cognition step small towards clarification relation mind matter nature perception cognition formulate four conjectures within ql oscillatory cognition principle experimental tests need theoretical experimental elaboration conjectures conjecture resolution binding exploring ql states entanglement generated oscillations neuronal networks findings suggest fundamental cognitive processes align principles implying humanoid ai process information quantumtheoretic laws quantumlike ai qlai efficiently realized via oscillatory performing qic
Physics-Informed Neural Network for Cross-Domain Predictive Control of Tapered Amplifier Thermal Stabilization,2505.20769v1,eess.SY,2025-05-27 06:19:50+00:00,5,thermally induced laser noise poses critical limitation sensitivity sensor arrays employing ultrastable amplified lasers primarily stemming nonlinear gaintemperature coupling effects tapered amplifiers tas address challenge present robust intelligent control strategy synergistically integrates encoderdecoder physicsinformed gated recurrent unit pigru predictive control mpc framework methodology incorporates physical soft constraints architecture yielding predictive enhanced physical consistency demonstrates robust extrapolation capabilities beyond distribution leveraging pigru models accurate multistep predictive performance implement hierarchical parallel mpc architecture capable realtime thermal instability compensation hybrid achieves crossdomain consistent thermal stabilization tas diverse laser power operations remarkably trained exclusively lowpower operational data demonstrates exceptional generalization improving prediction temperature stability previously unseen highpower operating regimes experimentally validated synchronization physicsinformed advanced mpc frameworks establishes groundbreaking paradigm addressing robustness challenges crossdomain predictive control applications overcoming conventional modeling limitations
Learning and Interpreting Gravitational-Wave Features from CNNs with a Random Forest Approach,2505.20357v2,cs.LG,2025-05-26 07:33:27+00:00,6,convolutional cnns become widely adopted gravitational wave gw detection pipelines due ability automatically learn hierarchical features raw strain data however physical meaning learned features remains underexplored limiting interpretability models work hybrid architecture combines cnnbased feature extractor random forest rf classifier improve detection interpretability unlike prior approaches directly connect classifiers cnn outputs introduces four physically interpretable metrics variance signaltonoise ratio snr waveform overlap peak amplitude computed final convolutional layer jointly cnn output rf classifier enable informed decision boundaries tested longduration strain datasets hybrid outperforms baseline cnn model achieving relative improvement sensitivity fixed false alarm rate events per month notably improved detection lowsnr signals snr le especially vulnerable misclassification noisy environments feature attribution via rf reveals cnnextracted handcrafted features contribute significantly classification decisions learned variance cnn outputs ranked among informative findings suggest physically motivated postprocessing cnn feature maps serve valuable tool interpretable gw detection bridging gap domain knowledge
A Hybrid Quantum-Classical Particle-in-Cell Method for Plasma Simulations,2505.09260v2,quant-ph,2025-05-14 10:19:33+00:00,1,present hybrid quantumclassical electrostatic particleincell pic method electrostatic field poisson solver implemented computer simulator hybrid classicalquantum hnn datadriven physicsinformed approaches hnn trained pic simulation executed via pennylane simulator remaining steps including particle motion field interpolation performed system evaluate cost hybrid approach test hybrid quantumclassical electrostatic pic twostream instability standard benchmark plasma physics poisson solver achieves comparable methods provides insights feasibility computing hnns plasma simulations discuss overhead associated current computer simulators showing challenges potential advantages hybrid quantumclassical methods
QSeer: A Quantum-Inspired Graph Neural Network for Parameter Initialization in Quantum Approximate Optimization Algorithm Circuits,2505.06810v1,cs.ET,2025-05-11 01:53:34+00:00,1,mitigate barren plateau problem effective parameter initialization crucial optimizing approximate optimization qaoa nearterm noisy intermediatescale nisq era prior physicsdriven approaches leveraged optimal parameter concentration phenomenon utilizing medium values previously optimized qaoa parameters stored databases initialization graphs however mediumvaluebased strategy lacks generalization capability conversely prior computersciencebased approaches employed graph gnns trained previously optimized qaoa parameters predict initialization values graphs however approaches neglect key physicsinformed qaoa principles parameter concentration symmetry adiabatic evolution resulting suboptimal parameter predictions limited improvements furthermore existing gnnbased support parameter initialization qaoa circuits variable depths solving weighted maxcut problems introduces qseer quantuminspired gnn designed accurate qaoa parameter prediction compared prior physics computersciencedriven methods qseer improves initial approximation ratio convergence speed qaoa circuits across diverse graphs xx respectively
HMAE: Self-Supervised Few-Shot Learning for Quantum Spin Systems,2505.03140v2,quant-ph,2025-05-06 03:32:16+00:00,1,spin molecular faces critical challenges scarce labeled computationally expensive simulations address limitations hamiltonianmasked autoencoding hmae selfsupervised framework pretrains transformers unlabeled hamiltonians enabling fewshot transfer learning unlike random masking approaches hmae employs physicsinformed strategy information theory selectively mask hamiltonian terms physical significance experiments hamiltonians realworld synthetic hmae achieves pm phase classification pm ev mae ground state energy prediction merely labeled examples statistically significant improvement p graph pm pm methods primary advantage exceptional sample efficiency reducing required labeled examples x compared baseline though emphasize ground truth values finetuning evaluation still require exact diagonalization tensor networks explicitly acknowledge current limited small specifically limited qubits training limited extension qubits testing that promising within regime size restriction prevents immediate larger practical interest materials science chemistry
Towards asteroseismology of neutron stars with physics-informed neural networks,2504.12183v1,astro-ph.HE,2025-04-16 15:39:45+00:00,3,gravitational wave signatures neutron star oscillations important information interior structure state eos high densities present technique physically informed pinns solve eigenvalue associated normal oscillation modes neutron stars procedure tested simplified scenario analytical solution test method possible get accurate eigenfrequencies eigenfunctions scheme flexibility capability adapting complex scenarios serve future path include physics systems
Efficient measurement of neutral-atom qubits with matched filters,2504.08170v1,quant-ph,2025-04-10 23:44:46+00:00,1,computers require highfidelity measurement many qubits achieve advantage traditional approaches suffer readout crosstalk neutralatom processor tightly spaced array although convolutional improve fidelity computationally expensive making difficult scale large qubit counts present simpler scalable realize matched filters readout problem local focuses single qubit uses information neighboring qubits array prevent crosstalk among qubits error reductions site array models respectively compared conventional gaussian threshold approach additionally array uses orders magnitude fewer trainable parameters four orders magnitude fewer multiplications nonlinear evaluations recent convolutional approach minor increase error across different readout times another strength physical interpretability learned filter visualized insights experimental imperfections convolutional improved pruned x x fewer parameters respectively maintaining similar errors simple approaches achieve highfidelity qubit measurements remaining scalable larger qubit counts
From short-sighted to far-sighted: A comparative study of recursive machine learning approaches for open quantum systems,2504.02218v2,physics.chem-ph,2025-04-03 02:14:47+00:00,1,accurately modeling open dynamics crucial advancing technologies yet traditional struggle balance efficiency ml provides promising alternative particularly recursive predict evolution past history success predicting single observables effectiveness complex tasks forecasting full reduced density matrix rdm remains unclear extend historybased recursive ml approaches complex systems comparing four physicsinformed pinn architectures i singlerdmpredicting pinn srpinn ii srpinn simulation parameters psrpinn iii multirdmspredicting pinn mrpinn iv mrpinn simulation parameters pmrpinn spinboson sb fennamatthewsolson fmo complex srpinn psrpinn constrained narrow history window fail capture complex evolution leading unstable longterm predictions especially nonlinear highly correlated dynamics contrast mrpinn pmrpinn improve extending forecast horizon incorporating longrange correlations reducing error propagation surprisingly explicitly including simulation parameters temperature reorganization energy psrpinn pmrpinn consistently enhance even reduce performance suggesting effects already encoded rdm evolution findings highlight limitations shortsighted recursive forecasting superior stability farsighted approaches longterm predictions
Closing the detection loophole in the triangle network with high-dimensional photonic states,2503.24213v3,quant-ph,2025-03-31 15:31:34+00:00,8,bell nonlocality without input settings eg triangle network perceived particularly fragile low robustness noise physical implementations contrary nonlocality nn states already n exceptionally high robustness photon loss dominant noise factor single photon loss transmission channels certify noise robustness loss realistic noise networkbased heuristics observe sim robustness robustness holds even imperfect sources spdc sources heralding information sources avoid global postprocessing outcomes discarding rounds photons fail arrive detection loophole triangle closed
Adiabatic Fine-Tuning of Neural Quantum States Enables Detection of Phase Transitions in Weight Space,2503.17140v2,quant-ph,2025-03-21 13:42:11+00:00,8,states nqs emerged powerful tool approximating wavefunctions learning achieve remarkable accuracy understanding encode physical information remains open challenge work adiabatic finetuning scheme trains nqs across phase diagram leading strongly correlated weight representations across different models correlation weight space enables detection phase transitions analyzing trained weights alone validate transverse field ising jj heisenberg model demonstrating phase transitions manifest distinct structures weight space establish connection physical phase transitions geometry parameters opening directions interpretability physics
Multi-timescale time encoding for CNN prediction of Fenna-Matthews-Olson energy-transfer dynamics,2503.17430v4,physics.chem-ph,2025-03-21 12:40:39+00:00,1,simulations open dynamics often rely recursive predictors accumulate error nonrecursive convolutional cnns maps parameters redundant time encoding directly populations fennamatthewsolson complex encodingmodified logistic plus tanh functionsnormalizes time resolves fast transitional quasisteady regimes physicsinformed labels enforce population conservation intersite consistency trained sim ps reference trajectories generated lindblad qutip accurately predicts sim ps dynamics across range reorganization energies bath rates temperatures beyond ps absolute relative error remains demonstrating stable longtime extrapolation avoiding stepbystep recursion suppresses error accumulation generalizes across timescales redundant time encoding enables dataefficient inference longtime dissipative dynamics realistic pigmentprotein complexes aid datadriven design lightharvesting materials
Using machine learning to map simulated noisy and laser-limited multidimensional spectra to molecular electronic couplings,2503.15706v1,physics.chem-ph,2025-03-19 21:40:00+00:00,2,twodimensional electronic spectroscopy des enabled significant discoveries biological synthetic energytransducing systems although deriving chemical information des complex task ml offers exciting opportunities translate complicated spectroscopic physical insight recent studies found nns map simulated multidimensional spectra molecularscale properties high accuracy however simulations often capture experimental factors influence real spectra including noise suboptimal pulse resonance conditions bringing question experimental utility nns trained simulated data here factors associated experimental d spectral influence ability nns map simulated des spectra onto underlying intermolecular electronic couplings systematically introducing multisourced noise library simulated d spectra noise hamper nn spectra exceeding threshold signaltonoise ratios snr background noise dominates vs intensitydependent noise stark contrast humanbased analyses des data find nn improves significantly ca rightarrow constrained bandwidth center frequency pump pulses result consistent nn optical trends described kashas theory molecular excitons findings convey positive prospects adapting simulationtrained nns extract molecular properties inherently imperfect experimental des data broadly machinelearned perspectives nonlinear spectroscopic produce unique and perhaps counterintuitive guidelines experimental design
LArTPC hit-based topology classification with quantum machine learning and symmetry,2503.12655v5,physics.ins-det,2025-03-16 21:20:42+00:00,6,present separate tracklike showerlike topologies liquid argon time projection chamber lartpc experiments neutrino physics learning effective reconstruction neutrino events lartpcs requires accurate granular information energy deposited detector energy deposits viewed d images simulated microboone experiment simple custom dataset perform pixellevel classification underlying particle topology images events studied creating small patches around pixel characterise topology immediate neighbourhood classification achieved convolutionbased models including quantumenhanced architectures known quanvolutional networks quanvolutional extended symmetries beyond translation rotational symmetry incorporated subset models quantumenhanced perform better counterparts comparable number parameters outperformed models contain order magnitude parameters inclusion rotation symmetry appears benefit large remains explored further
Topological mechanical neural networks as classifiers through in situ backpropagation learning,2503.07796v1,cond-mat.dis-nn,2025-03-10 19:25:29+00:00,6,recently frontier computing emerged physical networkspnns harnessing intrinsic physical processes learning here explore topological mechanical networkstmnns inspired spin hall effectqshe topological metamaterials classification tasks tmnns utilize pseudospin states robustness qshe making damagetolerant binary classification clustering untrained tmnns then specific tasks derive situ backpropagation twostep localrule updates tmnns local information enabling situ physical learning tmnns achieve high classifications iris flowers penguins seeds maintaining robustness bond pruning furthermore parallel classification via frequencydivision multiplexing assigning different tasks distinct frequencies enhanced efficiency introduces situ backpropagation wavebased mechanical positions tmnns promising neuromorphic computing hardware classification tasks
Enhanced Hamiltonian Learning Precision with Multi-Stage Neural Networks,2503.07356v1,quant-ph,2025-03-10 14:10:59+00:00,5,hamiltonians high precision important physics information science multistage framework significantly enhances hamiltonian precision successive optimization residual errors utilizes timeseries singlequbit pauli measurements random initial states enabling estimation unknown hamiltonian parameters without prior structural assumptions framework twoqubit systems achieving ordersofmagnitude improvement parameter accuracy extend larger integrating dynamical decoupling techniques additionally protocol exhibits robustness experimental noise bridges gap scalable hamiltonian highprecision requirements offering practical tool precise control metrology
Seismic inversion using hybrid quantum neural networks,2503.05009v2,quant-ph,2025-03-06 22:21:45+00:00,1,seismic inversionincluding poststack prestack full waveform inversion compute memoryintensive recently several approaches including physicsinformed learning developed address limitations motivated potential computing report attempt map physicsinformed framework primary goal investigate technical challenges mapping given rely computing principles fundamentally different computing computers operate qubits exploit superposition entanglement offering potential solve classically intractable problems current hardware limited hybrid quantumclassical algorithmsparticularly qmldemonstrate potential nearterm applications readily simulated qml subsurface imaging development hybrid physicsinformed hqpinn poststack prestack seismic inversion hqpinn architecture adopts encoderdecoder structure hybrid encoder estimates p simpedances seismic data decoder reconstructs seismic responses geophysical relationships guided minimizing misfit input reconstructed seismic traces systematically assess impact layer design differentiation strategies simulator backends inversion performance efficacy inversion synthetic sleipner field datasets hqpinn framework consistently yields accurate results showcasing computings promise geosciences paving way future quantumenhanced geophysical workflows
Hybrid Quantum Physics-informed Neural Network: Towards Efficient Learning of High-speed Flows,2503.02202v2,physics.comp-ph,2025-03-04 02:32:31+00:00,1,benchmarks hybrid physicsinformed hqpinn highspeed flows compared physicsinformed pinns fully qnns hqpinn architecture integrates parameterized circuit pqc parallel trained via physicsinformed loss across harmonic nonharmonic transonic benchmarks hqpinns balanced performance offering competitive stability reduced parameter cost pinns highly harmonic achieving lowest loss minimal parameters due fourier structure struggle generalize nonharmonic settings involving shocks discontinuities hqpinns mitigate artifacts sufficient parameterization match complex regimes although constrained current emulation costs scalability hqpinns promise generalpurpose solvers offering parameter efficiency robust fallback behavior particularly suited nature known apriori
Efficient optimization of neural network backflow for ab-initio quantum chemistry,2502.18843v2,physics.chem-ph,2025-02-26 05:31:08+00:00,2,ground state secondquantized chemistry hamiltonians key determining molecular properties states nqs offer flexible expressive wavefunction ansatze task face main challenges highly peaked groundstate wavefunctions hinder sampling local energy evaluations scale quartically size incurring significant costs work overcome challenges introducing suite algorithmic enhancements includes periodic compact subspace construction truncated local energy evaluations improved stochastic sampling physicsinformed modifications applying techniques backflow nnbf ansatz significant gains scalability enhanced surpasses traditional chemistry like ccsd ccsdt outperforms nqs approaches achieves competitive energies stateoftheart ab initio techniques hci asci fciqmc dmrg series ablation comparative studies quantifies contribution enhancement observed improvements efficiency furthermore investigate representational capacity ansatz finding correlates inverse participation ratio ipr delocalized states challenging approximate
Percolation thresholds and connectivity in quantum networks,2502.17191v2,quant-ph,2025-02-24 14:26:09+00:00,6,entanglement percolation qubitbased planar arbitrary topology neighboring nodes initially connected pure states quenched disorder entanglement address this physicsinformed heuristic designed find sequence entanglement swapping distillation operations connect pair distant nodes combines locally optimal percolation strategies nodes maximum distance swapping operation fails produce maximally entangled state looks alternative paths surrounding intermediate states within process analytically find numerically verify thresholds percolation depend initial configuration entanglement associated specific percolation strategies classify strategies connectivity quantity relates entanglement final state level integrity end process find distinct regimes percolation clearly separated percolation thresholds employed strategies vastly vary according topology
Machine learning meets $\mathfrak{su}(n)$ Lie algebra: Enhancing quantum dynamics learning with exact trace conservation,2502.15141v2,physics.chem-ph,2025-02-21 01:52:09+00:00,1,ml emerged promising tool simulating dissipative dynamics however existing often struggle enforce key physical constraints trace conservation modeling reduced density matrices rdms physicsinformed pinn aim address challenges frequently fail achieve full physical consistency work leverages mathfraksun lie algebra represent rdms combination identity matrix n hermitian traceless orthogonal basis operatorswhere n systems dimension coefficients associated basis framework inherently ensures exact trace conservation traceless nature basis restricts trace contribution solely identity matrix eliminates need explicit tracepreserving penalty terms loss function simplifying optimization improving efficiency validate benchmark systems spinboson fennamatthewsolson complex comparing four nn architectures purely datadriven physicsuninformed punn mathfraksun lie algebrabased punn traditional pinn mathfraksun lie algebrabased pinn mathfraksunpinn highlight limitations conventional superior accuracy robustness efficiency dissipative dynamics
Quantum decision trees with information entropy,2502.11412v3,quant-ph,2025-02-17 03:51:40+00:00,6,present classification states inspired decisiontree methods adapt decisiontree framework probabilistic nature measurements utilize conditional probabilities compute information gain thereby optimizing measurement scheme measurement shot unknown state selects observable highest expected information gain continuing convergence simulations effectively identifies states sampled haar random distribution however despite relying circuitbased networks still encounters challenges akin barren plateau problem leading order information gain proportional variance observables expectation values candidate states size increases variance consequently information gain exponentially suppressed poses significant challenges classifying general haarrandom states finally decision tree classify ground states various hamiltonians physicallymotivated observables simulators computers decision tree yields better performances compared informationoptimized indicates measurement physicallymotivated observables significantly improve classification performance guiding towards future direction approach
Deep learning-based holography for T-linear resistivity,2502.10245v1,hep-th,2025-02-14 15:55:26+00:00,8,employ within holographic duality investigate tlinear resistivity hallmark strange metals utilizing physicsinformed networks incorporate boundary tlinear resistivity bulk loss function allows us derive dilaton potentials theories capturing essential features strange metals tlinear resistivity linear specific heat scaling explore impact resistivity slope dilaton potentials regardless slope dilaton potentials exhibit universal exponential growth low temperatures driving tlinear resistivity matching infrared geometric analyses specific slope rediscovers gubserrocha model wellknown holographic strange metals additionally robustness tlinear resistivity higher temperatures correlates asymptotic ads behavior dilaton coupling maxwell term findings suggest could help uncover mechanisms holographic condensed matter advance understanding strange metals
Predictive Modeling of Classical and Quantum Mechanics Using Machine Learning: A Case Study with TensorFlow,2502.05621v1,quant-ph,2025-02-08 16:02:03+00:00,4,paper present several approaches predicting behavior systems domain pendulum subject multiple forces standard artificial ann physicsinformed pinn domain predict ground state energy anharmonic oscillator discretized potential ann convolutional layers cnn long shortterm memory lstm network pinn incorporates schrodinger equation detailed outputs comparisons provided
Expedited Noise Spectroscopy of Transmon Qubits,2502.00679v2,quant-ph,2025-02-02 05:52:45+00:00,5,tremendous progress physical realization computing hardware recent times bringing us closer ever realizing promise computing however noise continues pose crucial challenge comes scaling present day processors decoherence limits qubits ability store information long periods presence uncontrollable noise sources erroneous implementation control state preparation measurements leads faulty implementations circuits conventional noise spectroscopy protocols characterize environmental noise usually resource intensive lengthy moreover underlying noise vary nature time making noise profile extraction futile information cannot harnessed improve error correction dynamical decoupling protocols work address challenge learningbased methodology quickly extract noise spectra multiple qubits possible noise mitigation strategy procedure involves implementing undemanding dynamical decoupling sequences record coherence decays investigated qubits predict underlying noise spectra help convolution pretrained synthetic dataset protocol virtually hardwareagnostic validate effectiveness superconducting qubits available ibm platform rapidly obtained yet accurate noise spectra design bespoke dynamic decoupling sequences perform timedependent noise spectroscopy
Exploring the Nexus of Many-Body Theories through Neural Network Techniques: the Tangent Model,2501.15792v1,quant-ph,2025-01-27 05:36:55+00:00,8,paper present physically informed representation effective interactions associated coupledcluster downfolding describe chemical processes representation allows us evaluate effective interactions efficiently various geometrical configurations chemical corresponding various levels complexity underlying wave functions reveals bare effective interactions related tangent latent variables refer characterization effective interaction tangent model discuss connection tangent effective interaction previously developed theoretical analysis examines difference bare effective hamiltonians corresponding active spaces
Physics-informed Transformers for Electronic Quantum States,2412.12248v1,cond-mat.str-el,2024-12-16 19:00:00+00:00,6,neuralnetworkbased variational states general recently autoregressive particular proven powerful tools describe complex manybody wave functions however crucially depends basis chosen often lack physical interpretability mitigate issues modified variational montecarlo framework leverages prior physical information construct secondquantized basis containing reference state serves rough approximation true ground state basis transformer parametrize autoregressively sample corrections reference state giving rise interpretable computationally representation ground state nonsparse fermionic featuring metalinsulator transition employing hartreefock strongcoupling limit define physicsinformed bases transformers hidden representation captures natural energetic order different basis states paves way interpretable quantumstate representations
Using optimal control to guide neural-network interpolation of continuously-parameterized gates,2412.06623v1,quant-ph,2024-12-09 16:16:18+00:00,5,control synthesis families gates enable critical advantages midsized computing applications advance faulttolerance combine optimal control physicsinformed efficiently synthesize control surfaces interpolate among gate families optimal control active strategy guide pretraining bootstrap physicsinformed achieve rapid convergence nonlinear control surfaces sufficient desired gates find critical enabling expressiveness beyond linear interpolation important cases hard control simulation adapting pretraining reference pulse calibrations transfer quickly calibrate learned control surfaces devices fluctuate time synthesis qubit gates parameters focusing gate families variational vqa ansatz avoiding inefficient decomposition vqa ansatz basis gate sets continuous gate families potential improve noise robustness vqas near term framework accessible optimal control tools combined simple enable practitioners achieve x speedups going beyond standard gate sets
Physics-informed neural network model for quantum impurity problems based on Lehmann representation,2411.18835v1,cond-mat.str-el,2024-11-28 00:52:22+00:00,8,physicsinformed pinn efficiently predict selfenergy anderson impurity aims lehmann representation example pinn singleorbital aim saim noninteracting electron bath semicircular density states trained across wide range onsite coulomb interactions u hybridization strengths v pinn demonstrates high uv matsubarafrequency spaces additionally investigate effectiveness physical constraints implemented pinn model example lehmann representation allows pinn reduce maximum test error electron filling factor approximately
Advancing Hybrid Quantum Neural Network for Alternative Current Optimal Power Flow,2410.20275v4,eess.SY,2024-10-26 21:05:54+00:00,1,alternative current optimal power flow acopf essential power planning realtime operation remains nphard nonconvex optimization significant challenges proposes hybrid classicalquantum framework acopf problem integrating parameterized circuits pqcs feature extraction encoding decoding framework integrates types residual connection structures mitigate barren plateau circuits enhancing stability convergence furthermore physicsinformed pinn module incorporated guarantee tolerable constraint violation improving physical consistency reliability acopf solutions experimental evaluations multiple ieee test achieves superior accuracy generalization robustness noise requiring minimal resources
Discovery of Quasi-Integrable Equations from traveling-wave data using the Physics-Informed Neural Networks,2410.19014v5,physics.flu-dyn,2024-10-23 08:29:13+00:00,3,physicsinformed pinns emerged powerful tool analyzing nonlinear identifying governing observational data study pinns investigate vortextype quasiintegrable spatial dimensions specifically zakharovkuznetsov zk regularized longwave rlw equations toy geostrophic shallow water dynamics planetary atmospheres pinns successfully solve forward process meshfree automatic differentiation however inverse process substantial misidentification occurs due structural similarities zk rlw equations address issue conservation lawenhanced pinns initial condition variations frictionbased perturbation improve identification accuracy incorporating small perturbations preserving conservation laws significantly enhances resolution identification findings contribute broader goal techniques discovering governing complex fluid dynamical systems jupiters great red spot
First Photon Machine Learning,2410.17471v1,quant-ph,2024-10-22 23:04:55+00:00,6,techniques expected revolutionize information acquired exchanged processed yet challenge realize measure values practical settings present photon paradigm establish unambiguous advantage effects artificial intelligence extending physics behind doubleslit experiment particles manyslit version experiment finds single photon perform image recognition around fidelity beats large margin theoretical limit similar possibly achieve about experiment entire implemented subattojoule optics equivalent percalculation energy cost joule highlighting prospects optical unparalleled advantages speed capacity energy efficiency
Quantum resources of quantum and classical variational methods,2409.13008v2,quant-ph,2024-09-19 18:00:00+00:00,6,variational techniques long heart atomic solidstate manybody physics recently extended learning providing basis representing states via networks generally aim minimize energy given ansatz though open questions remain expressivity variational ansatze connection variational techniques computing variational algorithms offers opportunities explore complexity methods concept nonstabilizerness magic create bridge information variational techniques energy necessary always sufficient condition nonstabilizerness systematic benchmarking states matrix product states variational methods techniques accurate nonstabilizerness accounting symmetries severe impact accuracy findings form basis universal expressivity characterization variational methods
Memory-Augmented Hybrid Quantum Reservoir Computing,2409.09886v2,quant-ph,2024-09-15 22:44:09+00:00,1,reservoir computing rc effective predicting chaotic highdimensional dynamic reservoir fixed internal weights keeping phase linear simplifies reduces complexity compared fully trained recurrent rnns reservoir computing qrc uses exponential growth hilbert spaces systems allowing greater information processing memory capacity power however original qrc proposal requires coherent injection inputs multiple times complicating practical implementation present hybrid quantumclassical implements memory postprocessing measurements avoids need multiple coherent input injections evaluated benchmark tasks including chaotic mackeyglass time series prediction tested physical platforms fully connected ising rydberg atom array optimized demonstrates promising predictive capabilities achieving higher number steps compared previously reported approaches
Classifying Multipartite Continuous Variable Entanglement Structures through Data-augmented Neural Networks,2409.07909v2,quant-ph,2024-09-12 10:25:37+00:00,6,emerged promising paradigm information processing yet confront challenge generating datasets sufficient size rich diversity particularly acute dealing multipartite systems instance task classifying different structures multipartite entanglement continuous variable systems necessary simulate large number infinitedimension state cover many types nongaussian states possible here dataaugmented complete task homodyne measurement data augmentation processing techniques physical principles efficiently enhance performance testing randomly generated tripartite quadripartite states indicate entanglement structure among various partitions accuracies significantly improved augmentation allows us extend datadriven techniques complex tasks encoded large hilbert space
Data-driven 2D stationary quantum droplets and wave propagations in the amended GP equation with two potentials via deep neural networks learning,2409.02339v1,cs.LG,2024-09-04 00:01:15+00:00,7,paper systematic solve twodimensional d stationary droplets qds investigate wave propagation d amended grosspitaevskii leehuangyang correction kinds potentials firstly initialvalue iterative iinn d stationary droplets stationary equations learned stationary qds initial value conditions physicsinformed pinns explore evolutions spacetime region especially types potentials d quadruplewell gaussian potential ptsymmetric hogaussian potential lead spontaneous symmetry breaking generation multicomponent qds wave propagations nonlinear physical models
AQ-PINNs: Attention-Enhanced Quantum Physics-Informed Neural Networks for Carbon-Efficient Climate Modeling,2409.01626v1,quant-ph,2024-09-03 05:52:04+00:00,1,growing demands artificial intelligence ai addressing climate change raise significant concerns inefficiencies environmental impact highlighted jevons paradox attentionenhanced physicsinformed aqpinns tackle challenges integrates computing techniques physicsinformed pinns climate modeling aiming enhance predictive fluid dynamics governed navierstokes reducing burden carbon footprint harnessing variational multihead selfattention mechanisms aqpinns achieve reduction parameters compared multihead selfattention maintaining comparable convergence loss employs tensor enhance representational capacity lead gradient computations reduced susceptibility barren plateaus aqpinns represent crucial step towards sustainable effective climate modeling solutions
Brain functions emerge as thermal equilibrium states of the connectome,2408.14221v3,q-bio.NC,2024-08-26 12:35:16+00:00,6,fundamental idea neuroscience cognitive perception learning memory locomotion shaped constrained brains structural organization despite significant progress mapping analyzing structural connectomes principles linking brains physical architecture functional capabilities remain elusive here algebraic bridge theoretical gap offering insights relationship connectome emergent brain functions connecting structural functional predictions wellmapped c elegans anatomical extrasynaptic connectomes brain functions defined functional system emerge thermal equilibrium states algebraic derived graph algebra underlying directed multigraph specifically equilibrium states characterized kubomartinschwinger kms formalism reveal individual neurons contribute functional formation illuminates structurefunction relationship circuits key features functional connectome delineates topologically driven neuronal interactions integration capacity ic index quantifies effectively neurons coordinate modulate diverse information flows together features statistical mechanistic account information flow reveal topology connectome predicts cognition complex behaviors
Advancing Molecular Machine Learning Representations with Stereoelectronics-Infused Molecular Graphs,2408.04520v2,cs.LG,2024-08-08 15:21:07+00:00,2,molecular representation critical element understanding physical world foundation modern molecular learning previous molecular employed strings fingerprints global features simple molecular graphs inherently informationsparse representations however complexity prediction tasks increases molecular representation needs encode higher fidelity information introduces infusing quantumchemicalrich information molecular graphs via stereoelectronic effects enhancing expressivity interpretability predict stereoelectronicsinfused representation tailored double graph workflow enables downstream molecular task without expensive chemical calculations explicit addition stereoelectronic information significantly improves messagepassing d molecular property prediction learned representations trained small molecules accurately extrapolate much larger molecular structures yielding chemical insight orbital interactions previously intractable systems entire proteins opening avenues molecular design finally developed web simgchemecmuedu users rapidly explore stereoelectronic information molecular systems
"AI-Driven Physics-Informed Bio-Silicon Intelligence System: Integrating Hybrid Systems, Biocomputing, Neural Networks, and Machine Learning, for Advanced Neurotechnology",2407.11939v3,q-bio.NC,2024-07-12 20:21:13+00:00,6,present biosilicon intelligence bsis innovative hybrid platform integrates biological siliconbased computing bsis physicsinformed hybrid hierarchical reinforcement state machine employs carbon nanotubecoated electrodes interface rat brains systems enabling highfidelity interfacing bidirectional communication selforganizing biological silicon forms leverages analogue digital ai theory incorporating concepts theory chaos theory dynamical theory physics mechanics additionally bsis replicates neuronal dynamics typical intelligent brain tissue employing nonlinear operations underlying information storage signals read freeeeg board brainflow software features extracted mapped game actions tracking feature changes continuous data metadata encoded analogue digital brain stimulation signals microvolt level proprietary software hardware employs dual signaling rat brain incorporating reward sound well humaninaudible distress sounds details design theory functionality technical specifications bsis highlighting interdisciplinary advanced technological integration
FreeCG: Free the Design Space of Clebsch-Gordan Transform for Machine Learning Force Fields,2407.02263v4,cs.LG,2024-07-02 13:40:29+00:00,2,force fields mlffs great importance chemistry physics materials science many related fields clebschgordan transform cg transform effectively encodes manybody interactions important building block many mlffs however permutationequivariance requirement mlffs limits design space cg transform is intensive cg transform conducted neighboring edge operations performed manner edges constraint reduced expressiveness simultaneously increasing demands overcome challenge implement cg transform layer permutationinvariant abstract edges generated real edge information allows complete freedom design layer without compromising crucial symmetry developing free design space group cg transform sparse path abstract edges shuffling attention enhancer form powerful cg transform layer method known freecg achieves stateoftheart sota force prediction md rmd md well extended property prediction qm datasets several improvements greater maximum beyond extensive realworld applications showcase high practicality freecg introduces paradigm carrying expressive cg transform future geometric designs this recent sota quinnet enhanced paradigm code publicly available
Physics-informed neural network for quantum control of NMR registers,2407.00444v1,quant-ph,2024-06-29 13:56:31+00:00,5,increasingly various tasks information technologies here present experimental demonstration control physicsinformed pinn pinns salient feature encodes entire control sequence terms parameters feature enables control sequence later adopted hardware optimal time discretization contrasts conventional involving priory time discretization here discuss important information tasks gate synthesis state preparation first gate synthesis designing twoqubit cnot gate experimentally implementing heteronuclear twospin nmr register second state preparation designing control sequence efficiently transfer thermal state longlived singlet state experimentally implement homonuclear twospin nmr register present detailed analysis pinn control sequences regarding bandwidth discretization levels control field errors external noise
"Analyzing the effect of higher dimensions on the black hole silhouette, deflection angles, and PINN approximated quasinormal modes",2406.08078v3,gr-qc,2024-06-12 10:57:18+00:00,3,investigates effects higher dimensions observable properties schwarzschildtangherlini black holes focusing photonsphere shadow radius deflection angles quasinormal modes qnms extending physicsinformed pinns research examines increasing dimensionality alters properties causing shadow size reduction weaker deflection angles shifts qnm frequencies findings suggest black holes increase dimensionality gravitational influence diminishes particularly affecting light deflection stability photon orbits weak strong deflection analyses indicates need ultrasensitive technology detect higherdimensional signatures remarks observational constraints currently favor fourdimensional spacetime however exploration additional dimensions remains vital advancing gravity provides theoretical framework understanding black hole behavior higher dimensions potentially informing future astrophysical observations
Residual neural networks to classify the high frequency emission in core-collapse supernova gravitational waves,2406.00422v2,astro-ph.HE,2024-06-01 12:40:23+00:00,8,present methodology explore morphology high frequency feature hff ie dominant risingfrequency gw emission protoneutron star corecollapse supernovae ccsne residual resnet perform multiclass classification image samples constructed timefrequency morlet wavelet scalograms defined threeclass categorizing hff slope steep moderate low according physically informed ranges resnet optimized phenomenological waveforms injected real noise ligovirgo ob observing run tested numerically simulated ccsn waveforms embedded real noise galactic distances kpc kpc h l kpc v data obtained highly accurate test accuracies feasibility methodology distances observed declines test h l kpc v kpc attribute limitations input datasets methodology sufficiently general enable earlystage characterization hff real interferometric data
Quantum Active Learning,2405.18230v1,quant-ph,2024-05-28 14:39:54+00:00,6,learning extension harnesses mechanics facilitates effiient encoded states typically demands substantial labeled set supervised learning human annotators often experts labels samples additional experiments adding cost mitigate expense quest maintain fully labeled datasets requiring fewer labeled samples practice thereby extending fewshot realm active estimates uncertainty select informative samples pool labeling consequently qml supposed accumulate maximal knowledge set comprises labeled samples selected via sampling strategies notably qml trained within qal framework restricted specific types enabling enhancement architectures perspective towards fewshot learning recognizing symmetry fundamental concept physics ubiquitous across various domains leverage symmetry inherent states induced embedding design employ equivariant qnn capable generalizing fewer geometric priors benchmark qal classification problems observing positive negative results qal effectively trains model achieving comparable fully labeled datasets labeling less samples pool unbiased sampling behavior furthermore elucidate negative result qal overtaken random sampling baseline miscellaneous experiments character count limit see main text
Beyond the Buzz: Strategic Paths for Enabling Useful NISQ Applications,2405.14561v1,quant-ph,2024-05-23 13:40:28+00:00,1,much debate whether computing current nisq devices consisting noisy hundred qubits requiring nonnegligible usage computing part algorithms utility ever offer advantages scientific industrial applications respect traditional computing position paper argue realworld nisq applications yet surpass counterparts strategic approaches facilitate advancements industrial scientific applications identified key strategies guide nisq computing towards practical useful implementations firstly prioritizing identification killer app key point demonstrating distinctive capabilities nisq devices catalyze broader development suggest focusing applications inherently quantum eg pointing towards chemistry material science promising domains fields hold potential exhibit benefits setting benchmarks applications follow secondly integrating ai deeplearning nisq computing promising approach examples physicsinformed differentiable circuits dqc synergy computing ai lastly recognizing interdisciplinary nature nisq computing advocate codesign approach achieving synergy computing necessitates effort codesigning applications algorithms programming environments integration hpc hardware interoperability components crucial enabling full potential nisq computing
Addressing the Non-perturbative Regime of the Quantum Anharmonic Oscillator by Physics-Informed Neural Networks,2405.13442v2,quant-ph,2024-05-22 08:34:52+00:00,8,physical sciences recently boosted ability researchers tackle physical little analytical insight available recently physicsinformed pinns introduced promising tools solve guided physically grounded constraints realm paves way solve schroedinger nonintegrable systems following unsupervised approach pinns anharmonic oscillator interaction term proportional fourth power position coordinate present compute eigenenergies corresponding eigenfunctions varying weight quartic interaction bridge regime perturbative strong coupling theory work including pure quartic oscillator investigate real imaginary frequency laying foundation tackle emerging field theory
Deep TOV to characterize Neutron Stars,2405.08163v1,astro-ph.HE,2024-05-13 20:09:34+00:00,3,astrophysical observations theoretical models terrestrial experiments probe different regions neutron star ns interior therefore essential consistently combine information sources analysis requires multiple evaluations tolman oppenheimer volkoff become computationally expensive large number observations further multimessenger astronomy requires rapid ns characterization via gravitational waves electromagnetic followup work networkbased map eos curve mass radius cold nonrotating ns estimate speedup order magnitude compared stateoftheart reprimand solver average error e calculating mass radius neutron star additionally solvers obtaining eos curves physics conforming eos model frzkh utilize continuous map measure sensitivity parameters frzkh towards mass radius parameters sensitive least orders magnitude higher remaining parameters information useful speeding up well probing crucial parameter space parameter estimation astrophysical observations physicsconforming eos model
Hybrid Quantum Graph Neural Network for Molecular Property Prediction,2405.05205v1,quant-ph,2024-05-08 16:43:25+00:00,2,accelerate process materials design materials science increasingly driven techniques extract information collected data specially ml algorithms span ml discipline ability predict various properties materials level similar explicit calculation mechanical theories significantly reduced run time resources within ml graph emerged important within field learning since capable predicting accurately wide range important physical chemical electronic properties due higher ability graph representation material molecular descriptors aggregation information embedded within graph parallel development state art applications fusion computing created paradigm augmented layers able encode high dimensional efficiently leveraging structure existing algorithms developed unique gradient free hybrid convoluted graph hyqcgnn predict formation energies perovskite materials hybrid statistical competitive obtained purely convoluted graph network algorithms xgboost consequently suggests pathway explore feature encoding parametric circuits yield drastic improvements complex ml like graph network
A Hybrid Quantum-Classical Physics-Informed Neural Network Architecture for Solving Quantum Optimal Control Problems,2404.15015v1,quant-ph,2024-04-23 13:22:22+00:00,5,proposes integrated quantumclassical merges dynamics computing methodologies tailored address control pontryagins minimum principle within physicsinformed pinn framework leveraging dynamic circuit combines gaussian nongaussian gates showcases innovative optimizing state manipulations hybrid effectively applies techniques solve optimal control problems illustrated design implementation hybrid pinn solve state transition threelevel system highlighting potential across various computing applications
Unsupervised Learning of Individual Kohn-Sham States: Interpretable Representations and Consequences for Downstream Predictions of Many-Body Effects,2404.14601v1,cond-mat.mtrl-sci,2024-04-22 21:50:50+00:00,2,representation electronic structure major challenge condensed matter materials physics within mechanical principles approaches kohnsham density functional theory dft preeminent tool understanding electronic structure highdimensional wavefunctions calculated serve building block downstream calculations correlated manybody excitations related physical observables here variational autoencoders vae unsupervised highdimensional dft wavefunctions wavefunctions lie lowdimensional manifold within latent space autonomously determines optimal representation electronic structure avoiding limitations due manual feature engineering selection prior work utility latent space representation dft wavefunction supervised nn downstream prediction quasiparticle bandstructures within gw formalism includes manyelectron correlations beyond dft gw prediction achieves low error ev combined test set metals semiconductors drawn d materials database cdb suggesting latent space representation captures key physical information original data finally explore interpretability vae representation successful representation downstream prediction derived smoothness vae latent space enables generation wavefunctions arbitrary points latent space provides general machinelearning framework investigating electronic structure manybody physics
Physics-Informed Neural Networks and Beyond: Enforcing Physical Constraints in Quantum Dissipative Dynamics,2404.14021v2,physics.chem-ph,2024-04-22 09:35:48+00:00,1,nns accelerate simulations dissipative dynamics ensuring simulations adhere fundamental physical laws crucial largely ignored stateoftheart nn approaches lead implausible measured violation trace conservation recover correct physical behavior physicsinformed nns pinns mitigate violations good extend beyond that uncertaintyaware enforces perfect trace conservation design surpassing pinns
Synergistic integration of physical embedding and machine learning enabling precise and reliable force field,2404.13368v1,physics.chem-ph,2024-04-20 13:09:11+00:00,2,force field achieved significant strides accurately reproducing potential energy surface chemical accuracy however still faces significant challenges eg extrapolating uncharted chemical spaces interpreting longrange electrostatics mapping complex macroscopic properties address issues advocate synergistic integration physical principles techniques within framework physically informed pinn innovative involves incorporation physical constraints directly parameters network coupled implementation global optimization strategy choose amoeba force field physicsbased embedding train test diethylene glycol dimethyl ether degdme dataset case study reveal significant breakthrough constructing precise noiserobust force field utilizing sets hundreds samples exhibits remarkable generalization dft describing molecular interactions enables precise prediction macroscopic properties diffusion coefficient minimal cost provides crucial insight establishing fundamental framework pinn
Quasinormal Modes in Modified Gravity using Physics-Informed Neural Networks,2404.11583v2,gr-qc,2024-04-17 17:29:03+00:00,3,paper physicsinformed computation quasinormal modes black hole modified gravity particular focus case theory several choices coupling scalar field gaussbonnet invariant type calculation introduces number challenges respect case general relativity mainly due extra complexity perturbation fact background known numerically perturbation typically requires sophisticated techniques easy codes physicsinformed comparable traditional case backgrounds simple implement additionally gpu parallelization straightforward thanks standard environments
Gravitational Duals from Equations of State,2403.14763v1,hep-th,2024-03-21 18:07:32+00:00,3,holography relates gravitational theories five dimensions fourdimensional field theories flat space map state field theory encoded black hole gravitational theory solving fivedimensional einsteins determine state algorithmic direct problem determining gravitational theory gives rise prescribed state much challenging inverse problem present solve physicsinformed networks resulting datadriven informed physics einsteins equations successfully theories crossovers first secondorder phase transitions
Neural Network Analysis of S2-Star Dynamics: Extended mass,2403.09748v1,gr-qc,2024-03-14 03:43:21+00:00,3,physicsinformed pinn analysis dynamics sstars vicinity supermassive black hole galactic center performed within general relativity treatment aim reveal role possible extended mass dark matter configuration dynamics sstars addition dominating central black holes mass pinn fails detect extended mass perturbation observational s star within existing accuracy precession constraint indicates signature extended mass central mass inside apocenter s analysis confirm efficiency analysis sstar dynamics
Reducing the error rate of a superconducting logical qubit using analog readout information,2403.00706v2,quant-ph,2024-03-01 17:48:23+00:00,1,error correction enables preservation logical qubits lower logical error rate physical error rate depending decoding method traditional error decoding approaches relying binarization hardening readout data often ignore valuable information embedded analog soft readout signal present experimental showcasing advantages incorporating soft information decoding process distancethree d bitflip surface code transmons end times dataqubit array encode states make logical state ketmathrml protect bitflip errors performing repeated zbasis stabilizer measurements infer logical fidelity ketmathrml state average across states employ decoding strategies minimum weight perfect matching recurrent network reduction extracted logical error rate soft information decoding soft information widely applicable independent physical qubit platform could reduce readout duration minimizing logical error rates
Emergence of Accurate Atomic Energies from Machine Learned Noble Gas Potentials,2403.00377v1,cond-mat.soft,2024-03-01 09:04:40+00:00,2,theory atoms molecules qtaim gives access welldefined local atomic energies due locality energies potentially interesting fitting atomistic inform physically relevant properties however computationally quantummechanically accurate local energies notoriously difficult obtain large systems here employing semiempirical correlations different components total energy obtain welldefined local energies moderate cost employ methodology investigate energetics noble liquids argon krypton mixture instead local energies fit atomistic models well local energies reproduced machinelearned trained total energies investigation suggest smaller networks trained total energy atomistic system likely reproduce underlying local energy partitioning faithfully larger networks furthermore capable energy decomposition are turn capable transferring previously unseen systems step towards understanding much physics learned applied particularly better understanding physics aids transferability networks
Solving the Regge-Wheeler and Teukolsky equations: supervised versus unsupervised physics-informed neural networks,2402.11343v3,gr-qc,2024-02-17 17:35:06+00:00,3,expand burgeoning research physicsinformed pinns ability solve eigenvalue black hole bh perturbation theory implement supervised solve reggewheeler teukolsky equations gravitational perturbations schwarzschild kerr bhs respectively date applications pinns datafree unsupervised proven ability compute quasinormal mode frequencies bhs quantities physical significance gravitational wave astronomy investigate potential pinns compute quasinormal mode overtones higher lowlying n n modes with n indexing overtones present instead supervised simplify computations consistent universal approximation theory networks found pinn intrinsic ability recover complex frequencies various spin sequences ie s a in ell m in n in approximation errors increasing rotation parameter a overtone number n result residuals data
Ab initio simulations of the thermodynamic properties and phase transition of Fermi systems based on fictitious identical particles and physics-informed neural networks,2402.07231v1,cond-mat.quant-gas,2024-02-11 15:46:31+00:00,8,fictitious identical particle thermodynamics emerged powerful tool overcome fermion sign problem enabling highly accurate simulations thousand fermions warm dense matter t dornheim et al j phys chem lett however inferring thermodynamic properties fermi large number exact simulations bosonic sector still poses subtle challenges especially regime high degeneracy presence phase transitions work physicsinformed pinns trained extensive signproblemfree simulations bosonic sector offer valuable means infer thermodynamic properties fermi systems pinns play particularly crucial role capturing phase transitions illustrate methodology fictitious identical particles combined pinns simulating thermodynamics fermi systems explore realistic scenarios including ultracold fermi gases periodic potentials phase transitions pair condensation formed unitary limit threedimensional harmonic trap spatially continuous fermihubbard model efficiently reliably simulated hundreds fermions here fermi gas unitary limit fictitious identical particle combined pinns confirms universal result critical temperature increasing number fermions consistent experimental observations
Artificial-intelligence-based surrogate solution of dissipative quantum dynamics: physics-informed reconstruction of the universal propagator,2402.02788v1,quant-ph,2024-02-05 07:52:04+00:00,1,accurate or even approximate govern dynamics dissipative remains challenging task science several designed solve different degrees flexibility rely mainly highly expensive iterative schemes recently dynamics current architectures highly dependent physics particular usually limited population dynamics surrogate solves dissipative dynamics parameterizing propagators fourier operators train dataset physicsinformed loss functions compared conventional algorithms propagator avoids timeconsuming iterations provides universal superoperator evolve initial state arbitrarily long times illustrate wide applicability approach employ propagator compute population dynamics timecorrelation fennamatthewsolson complex
Quantum natural gradient without monotonicity,2401.13237v1,quant-ph,2024-01-24 05:54:02+00:00,8,natural gradient ng informationgeometric optimization plays crucial role especially estimation parameters like networks ng systems natural gradient qng introduced utilized noisy intermediatescale devices additionally mathematically equivalent qng known stochastic reconfiguration method implemented enhance monte carlo methods worth noting symmetric logarithmic derivative sld metric monotone metrics far monotonicity believed guiding principle construct geometry physics paper generalized qng removing condition monotonicity initially monotonicity crucial condition conventional qng optimal subsequently analytical evidence showing nonmonotone qng outperforms conventional qng sld metric terms convergence speed
Disentangling quantum neural networks for unified estimation of quantum entropies and distance measures,2401.07716v3,quant-ph,2024-01-15 14:33:03+00:00,8,estimation entropies distance measures von neumann entropy renyi entropy tsallis entropy trace distance fidelityinduced distances bures distance key area research information science study disentangling deqnn designed efficiently estimate various physical quantities information estimation quantities generally tied size hilbert space state estimated deqnn offers unified dimensionality reduction methodology significantly reduce size hilbert space preserving values diverse physical quantities indepth discussion physical scenarios limitations applicable well learnability network
Model-aware reinforcement learning for high-performance Bayesian experimental design in quantum metrology,2312.16985v3,quant-ph,2023-12-28 12:04:15+00:00,5,sensors offer control flexibility estimation allowing manipulation experimenter across various parameters sensing platform pinpointing optimal controls enhance sensors precision remains challenging task analytical might reach offers promising avenue many interest especially given capabilities contemporary hardware introduced versatile procedure capable optimizing wide range metrology estimation hypothesis testing combining modelaware reinforcement rl bayesian estimation particle filtering achieve this address challenge incorporating many nondifferentiable steps estimation process measurements resampling particle filter modelaware rl gradientbased method derivatives sensors precision obtained automatic differentiation ad simulation experiment suitable optimizing nonadaptive adaptive strategies agents implementation technique form python library called qsensoropt alongside several premade applications relevant physical platforms namely nv centers photonic circuits optical cavities library released soon pypi leveraging method achieved many examples surpass current stateoftheart experimental design addition bayesian estimation leveraging modelaware rl possible find optimal controls minimization cramerrao bound fisher information
Astrocyte Regulated Neuromorphic Central Pattern Generator Control of Legged Robotic Locomotion,2312.15805v4,cs.NE,2023-12-25 20:33:16+00:00,6,neuromorphic computing systems information transmitted action potentials bioplausible fashion gaining increasing interest due promise lowpower eventdriven computing neuromorphic computing robotic locomotion research largely focused central pattern generators cpgs bionics robotic control inspired circuits governing collaboration limb muscles animal movement implementation artificial cpgs neuromorphic hardware platforms potentially enable adaptive energyefficient edge robotics applications resource constrained environments however underlying rewiring mechanisms cpg gait emergence process well understood addresses missing gap literature pertaining cpg plasticity underscores critical homeostatic functionality astrocytes cellular component brain believed play major role multiple brain functions introduces astrocyte regulated spiking snnbased cpg locomotion gait rewardmodulated stdp quadruped robots astrocytes help build inhibitory connections among artificial motor neurons different limbs snnbased cpg simulated multiobject physics simulation platform resulting emergence trotting gait running robot flat ground times power savings observed comparison stateoftheart reinforcement robot control algorithm neurosciencealgorithm codesign potentially enable leap functionality neuromorphic incorporating glial cell functionality
Inverting the Kohn-Sham equations with physics-informed machine learning,2312.15301v1,physics.comp-ph,2023-12-23 17:13:53+00:00,2,electronic structure theory calculations offer understanding matter level complementing experimental studies materials science chemistry widely methods density functional theory dft maps set real interacting electrons set fictitious noninteracting electrons share probability density ensuring density remains depends exchangecorrelation xc energy and derivative xc potential inversions obtain exact xc potentials target electronic densities hopes gaining insights accuracyboosting approximations avenue perform inversions mapping density potential work learn mapping physicsinformed piml methods namely physics informed pinns fourier operators fnos capabilities dataset onedimensional atomic molecular models capabilities discussed conjunction proofofconcept presentation primary finding investigation combination approaches greatest potential inverting kohnsham scale
Entanglement transition in deep neural quantum states,2312.11941v1,quant-ph,2023-12-19 08:40:23+00:00,6,despite huge theoretical potential states describing generic highlycorrelated manybody still often poses practical difficulties customized architectures active investigation address issues guided search suited architectures deepened understanding link properties attributes physical trying describe imperative drawing inspiration field learning information propagation impacts physical entanglement properties states fact link previously identified information propagation phase transition similar transition entanglement states bridge identify optimal state hyperparameter regimes representing area well volume law entangled states former easily accessed alternative methods tensor representations least low physical dimensions latter challenging describe generally due extensive entanglement advance understanding configurations accurate state representation helps effective representations deal volumelaw states findings describe ground state area law state vs excited state volume law state properties prototypical nextnearest neighbor spin heisenberg model
Dynamical transition in controllable quantum neural networks with large depth,2311.18144v2,quant-ph,2023-11-29 23:14:33+00:00,8,understanding dynamics fundamental task information science wide impact physics chemistry learning work latetime dynamics quadratic loss described generalized lotkavolterra equations lead transcritical bifurcation transition dynamics targeted value loss crosses minimum achievable value below dynamics evolve frozenkernel dynamics frozenerror dynamics showing duality tangent kernel total error regions convergence towards fixed point exponential critical point becomes polynomial nonperturbative analytical theory explain transition via restricted haar ensemble late time output state approaches steady state via mapping hessian effective hamiltonian identify linearly vanishing gap transition point compared linear loss function quadratic loss within frozenerror dynamics enables speedup convergence theory findings verified experimentally ibm devices
Autoencoder-based analytic continuation method for strongly correlated quantum systems,2311.17920v1,cond-mat.str-el,2023-11-29 18:59:59+00:00,8,single particle greens provides valuable information momentum energyresolved spectral properties strongly correlated system largescale calculations monte carlo qmc dynamical mean field theory dmft including clusterdmft usually obtains greens imaginarytime gt process inverting laplace transform obtain spectral ao realfrequency illposed forms core analytic continuation problem letter completely unsupervised autoencodertype solve analytic continuation problem encoderdecoder that together minor physical assumptions extract highquality frequency response imaginary time domain deeply tunable architecture can principle locate sharp features spectral might normally lost already wellestablished methods maximum entropy maxent methods strength autoencoder applying qmc gt singleband hubbard model general illposed inverse problems
Transformer-QEC: Quantum Error Correction Code Decoding with Transferable Transformers,2311.16082v1,quant-ph,2023-11-27 18:52:25+00:00,1,computing potential solve intractable systems yet high error rates contemporary devices often exceed tolerable limits useful execution error correction qec mitigates employing redundancy distributing information across multiple qubits utilizing syndrome qubits monitor states errors syndromes subsequently interpreted decoding identify correct errors qubits task complex due multiplicity error sources affecting syndrome qubits well syndrome extraction operations additionally identical syndromes emanate different error sources necessitating decoding evaluates syndromes collectively although ml decoders multilayer perceptrons mlps convolutional cnns proposed often focus local syndrome regions require retraining adjusting different code distances transformerbased qec decoder employs selfattention achieve global receptive field across input syndromes incorporates mixed loss approach combining local physical error global parity label losses moreover transformer architectures inherent adaptability variablelength inputs allows transfer learning enabling decoder adapt varying code distances without retraining evaluation six code distances ten different error configurations demonstrates consistently outperforms nonml decoders union find uf minimum weight perfect matching mwpm ml decoders thereby achieving best logical error rates moreover transfer save x cost
Quantum Inception Score,2311.12163v4,quant-ph,2023-11-20 20:28:30+00:00,8,motivated great success generative learning enthusiastic exploration version recently started depart journey important relevant metric evaluate quality generative models case example classical inception score cis paper natural extension cis inception score qis generators importantly qis relates quality holevo information channel classifies given dataset context several properties qis first qis greater equal corresponding cis defined projection measurements output second difference qis cis arises presence coherence characterized resource theory asymmetry third set entangled generators prepared exists classifying process leading enhancement qis fourth harness fluctuation theorem characterize physical limitation qis finally qis assess quality onedimensional spin chain generative model convolutional classifier phase classification manybody physics
Directly observing replica symmetry breaking in a vector quantum-optical spin glass,2311.04216v2,quant-ph,2023-11-07 18:59:34+00:00,6,spin glasses quintessential examples complex matter although much order remains uncertain abstract inform eg classification combinatorial optimization problems magnetic ordering metals impurities artificial intelligence form mathematical basis computing brain modeling ability active gas microscope realize spin glass drivendissipative vector form microscopically visualizing glassy spin states technique allows us directly measure replica symmetry breaking resulting ultrametric hierarchical structure ultrametricity known emergent evolution protein folding climate change infiniterange equilibrium spin glasses directly observable physically realized system
Machine-learning the phase diagram of a strongly-interacting Fermi gas,2310.16006v1,cond-mat.quant-gas,2023-10-24 17:00:05+00:00,8,determine phase diagram strongly correlated fermions crossover boseeinstein condensates molecules bec cooper pairs fermions bcs utilizing artificial network applying advanced image recognition techniques momentum distribution fermions quantity widely considered featureless providing information condensed state measure critical temperature exhibits maximum bosonic side crossover additionally backanalyze trained interprets physically relevant quantities
Physics informed neural networks learning a two-qubit Hamiltonian,2310.15148v1,quant-ph,2023-10-23 17:52:58+00:00,5,techniques employed perform full characterization system particular artificial intelligence technique learn hamiltonian called physics informed pinn idea behind pinn universal approximation theorem claims approximate contains enough complexity consequently physical model moreover means extra provided user intrinsic physical parameters extracted called inversepinn here inversepinn goal extracting physical parameters constitutes qubit hamiltonian find efficient probe robustness inversepinn learn hamiltonian twoqubit system ibm computers experimental platforms obtain plugged pinn found able predict twoqubit parameters average
Deep-Learning-Based Radio-Frequency Side-Channel Attack on Quantum Key Distribution,2310.13738v1,quant-ph,2023-10-20 18:00:02+00:00,6,key distribution qkd protocols proven secure fundamental physical laws however proofs welldefined setting encoding sent signals only side channels encoded state correlated properties degrees freedom channel allow eavesdropper obtain information unnoticeably number hacking attacks channel yet radiation emitted devices correlated leaking information potential key especially combined analysis methods sidechannel attack convolutional analyze recorded classical radiofrequency electromagnetic emissions even distance centimeters electronics qkd sender employing frequently electronic components able recover virtually information secret key yet here countermeasures enable significant reduction emissions amount secret key information leaked attacker analysis independent actual device starting point assessing presence side channels qkd devices
Learning quantum properties from short-range correlations using multi-task networks,2310.11807v3,quant-ph,2023-10-18 08:53:23+00:00,6,characterizing multipartite crucial computing manybody physics problem however becomes challenging size large properties interest involve correlations among large number particles predict various properties manybody states constant correlation length measurement small number neighboring sites technique multitask learning offer several advantages traditional singletask approaches experiments multitask sufficiently regular states predict global properties like string order parameters observation shortrange correlations distinguish phases cannot distinguished singletask networks remarkably appears able transfer information learnt lower dimensional higher dimensional ones make accurate predictions hamiltonians seen training
Moire synaptic transistor for homogeneous-architecture reservoir computing,2310.11743v1,cond-mat.mes-hall,2023-10-18 06:55:32+00:00,6,reservoir computing considered promising intelligent computing paradigm effectively processing complex temporal information exploiting tunable reproducible dynamics single electronic device desired implement reservoir readout layer reservoir computing system twodimensional moire material artificial lattice constant many times larger atomic length scale type studied artificial materials community material science condensedmatter physics past years materials featured gatetunable periodic potential electronic correlation varying electric field allows electrons moire potential per unit cell exhibit distinct reproducible dynamics showing great promise robust reservoir computing here report moire synaptic transistor implement reservoir computing homogeneous reservoirreadout architecture synaptic transistor fabricated hbnbilayer graphenehbn moire heterostructure exhibiting ferroelectricitylike hysteretic gate voltage dependence resistance varying magnitude gate voltage enables moire transistor switched longterm memory shortterm memory nonlinear dynamics employing short longterm memory reservoir nodes weights readout layer respectively construct fullmoire physical classification achieved mnist handwritten digit database would pave way towards development neuromorphic computing moire materials
On Training Derivative-Constrained Neural Networks,2310.01649v2,cs.LG,2023-10-02 21:23:31+00:00,8,refer setting partial derivatives networks nns predictions respect inputs additional signal derivativeconstrained dc nn situation common physicsinformed settings natural sciences integrated relu irelu activation improve dc nns investigate denormalization label rescaling help stabilize dc training evaluate physicsinformed settings including chemistry scientific sciml tasks existing architectures irelu activations combined denormalization label rescaling better incorporate signal provided derivative constraints
Solving Einstein equations using deep learning,2309.07397v1,gr-qc,2023-09-14 02:46:48+00:00,3,einstein field notoriously challenging solve due complex mathematical form analytical available absence highly symmetric ideal matter distribution however accurate crucial particularly strong gravitational field black holes neutron stars work auto differentiation solve einstein field numerically inspired idea physicsinformed pinns utilizing techniques successfully obtain schwarzschild metric charged schwarzschild metric given energymomentum tensor matter innovative could open different way solving spacetime coupled einstein field become integral part relativity
Supervised Machine Learning and Physics based Machine Learning approach for prediction of peak temperature distribution in Additive Friction Stir Deposition of Aluminium Alloy,2309.06838v2,cs.LG,2023-09-13 09:39:42+00:00,1,additive friction stir deposition afsd solidstate additive manufacturing technique circumvents issues porosity cracking properties anisotropy plague traditional powder bed fusion directed energy deposition approaches however correlations process parameters thermal profiles resulting microstructure afsd remain poorly understood hinders process optimization properties employs framework combining supervised sml physicsinformed pinns predict peak temperature distribution afsd process parameters eight regression implemented sml modeling four pinns leveraged governing transport wave propagation heat transfer mechanics across multiple statistical measures ensemble techniques like gradient boosting proved superior sml lowest mse integrated ml classify deposition quality process factors logistic regression delivering robust accuracy fusing datadriven fundamental physics dual methodology provides comprehensive insights tailoring microstructure thermal management afsd demonstrates power bridging statistical physicsbased modeling elucidating processproperty relationships
Physics-Informed Neural Networks for an optimal counterdiabatic quantum computation,2309.04434v2,quant-ph,2023-09-08 16:55:39+00:00,5,methodology leverages strength physicsinformed pinns address counterdiabatic cd protocol optimization circuits comprised nq qubits primary objective utilize physicsinspired techniques accurately solve time evolution different physical observables within system accomplish objective embed necessary physical information underlying effectively tackle problem particular impose hermiticity condition physical observables make principle least action guaranteeing acquisition appropriate counterdiabatic terms underlying physics offers dependable alternative address cd driving problem free constraints typically encountered previous methodologies relying approximations provides general framework obtain optimal physical observables relevant problem including external parameterization time known scheduling function gauge potential operator involving nonadiabatic terms well temporal evolution energy levels system among others main applications methodology mathrmh mathrmlih molecules represented qubit qubit employing stog basis successful derivation desirable decomposition nonadiabatic terms achieved linear combination utilizing pauli operators attribute confers significant advantages practical implementation within computing algorithms
Unifying over-smoothing and over-squashing in graph neural networks: A physics informed approach and beyond,2309.02769v2,cs.LG,2023-09-06 06:22:18+00:00,8,graph gnns emerged leading approaches graphstructured data despite great success critical challenges oversmoothing oversquashing limited expressive power continue impact gnns study inspired timereversal principle commonly utilized physics reverse time direction graph heat equation resulted reversing process yields class high pass filtering enhance sharpness graph node features leveraging concept multiscaled heat kernel gnn mhkg amalgamating diverse filtering functions effects node features explore flexible filtering conditions generalize mhkg termed gmhkg thoroughly roles element controlling oversmoothing oversquashing expressive power notably illustrate aforementioned issues characterized analyzed via properties filtering functions uncover tradeoff oversmoothing oversquashing enhancing node feature sharpness make suffer oversquashing vice versa furthermore manipulate time gmhkg handle issues mild conditions conclusive experiments highlight effectiveness models surpasses several gnn baseline across graph datasets characterized homophily heterophily
Clusternets: A deep learning approach to probe clustering dark energy,2308.03517v2,astro-ph.CO,2023-08-07 12:11:27+00:00,0,ml becoming popular cosmology extracting valuable information cosmological data paper evaluate convolutional cnn trained matter density snapshots distinguish clustering dark energy de cosmological constant scenario detect speed sound cs associated clustering de compare cnn random forest rf trained power spectra varying dark energy state parameter wrmde within range keeping cs find cnn significant improvement rf algorithm improvement classification high depending physical scales involved investigate ml algorithms ability detect impact speed sound choosing cs set maintaining constant wrm de different cases wrm de in suggest distinguishing various values cs case cs challenging particularly small scales wrmdeapprox however larger scales cs detection improves notably cnn consistently outperforms rf algorithm leading approximate enhancement cs detection cases
Estimating Entanglement Entropy via Variational Quantum Circuits with Classical Neural Networks,2307.13511v2,quant-ph,2023-07-25 14:04:21+00:00,8,entropy plays crucial role physics information science encompassing domains work present entropy estimator qnee combines nn variational circuits estimate von neumann renyi entropies state qnee provides accurate estimates entropy yielding eigenvalues eigenstates input density matrix leveraging capabilities nn qnee classify different phases accompany changes entanglement entropy simulation demonstrates effectiveness qnee applying d xxz heisenberg model particular qnee exhibits high sensitivity estimating entanglement entropy near phase transition point expect qnee serve valuable tool entropy estimation phase classification
Stabilization and Dissipative Information Transfer of a Superconducting Kerr-Cat Qubit,2307.12298v1,quant-ph,2023-07-23 11:28:52+00:00,6,today competition build computer continues number qubits hardware increasing rapidly however noise comes process reduces algorithmic applications alternative ways computer architecture implementation discussed hand alternative ways hybridization circuitbased computing dissipativebased computing model here goal part provides advantage circuit model remaining part dissipative model less affected noise scheme importance involve highly repetitive processes susceptible noise study examine dissipative information transfer qubit called catqubit especially important dissipativebased version binary classification basic processing unit algorithms hand catqubit architecture potential easily implement activationlike artificial due rich physics offers alternative hardware opportunity artificial networks calculations exhibit successful transfer information reservoir qubits dissipative scheme
"Recent Advances in Metasurface Design and Quantum Optics Applications with Machine Learning, Physics-Informed Neural Networks, and Topology Optimization Methods",2307.09126v1,physics.optics,2023-07-18 10:17:33+00:00,4,twodimensional planar material low depth profile metasurface generate nonclassical phase distributions transmitted reflected electromagnetic waves interface thus offers flexibility control wave front traditional metasurface design process mainly adopts forward prediction algorithm finite difference time domain combined manual parameter optimization however timeconsuming difficult keep practical metaatom spectrum consistent ideal one addition since periodic boundary condition metaatom design process aperiodic condition array simulation coupling neighboring metaatoms leads inevitable inaccuracy review representative intelligent metasurface design introduced discussed including learning physicsinformation network topology optimization method elaborate principle approach analyze advantages limitations discuss potential applications summarise recent advances enabled metasurfaces optics applications short highlights promising direction intelligent metasurface designs applications future optics research serves uptodate reference researchers metasurface metamaterial fields
All-optically untangling light propagation through multimode fibres,2307.08707v1,physics.optics,2023-07-14 21:48:32+00:00,6,light propagates complex medium multimode optical fibre mmf spatial information carries scrambled experimentally alloptical strategy unscramble light again create digital capturing way light scattered inversedesign build complementary optical call optical inverter reverses scattering process implementation concept multiplane light conversion understood diffractive artificial physical matrix preconditioner present design strategies allowing different aspects device prioritised experimentally prototype optical inverter capable simultaneously unscrambling spatial modes propagated m long mmf enables near instantaneous incoherent imaging without need beam scanning processing reconfigurable nature prototype allowing adapt deliver optical transformation mmf matched changes configuration represents step towards way see scattering media beyond imaging concept applications fields optical communications optical computing photonics
Fast reconstruction of programmable integrated interferometers,2307.03635v1,physics.optics,2023-07-07 14:48:38+00:00,6,programmable linear optical interferometers important information technologies well building hardwareaccelerated artificial networks recent showed possibility constructing optical interferometers could implement arbitrary transformations input fields even case high manufacturing errors building detailed devices drastically increases efficiency practical use integral design interferometers complicates reconstruction since internal elements hard address approached optimization opt express paper present linear algebra only computationally expensive optimization procedures makes possible perform fast accurate characterization highdimensional programmable integrated interferometers moreover provides access physical characteristics individual interferometer layers
Neural network decoder for near-term surface-code experiments,2307.03280v2,quant-ph,2023-07-06 20:31:25+00:00,1,neuralnetwork decoders achieve lower logical error rate compared conventional decoders like minimumweight perfect matching decoding surface code furthermore decoders require prior information physical error rates making highly adaptable study investigate decoder simulated experimental obtained transmonqubit processor focusing smalldistance surface codes typically outperforms matching decoder due better handling errors leading multiple correlated syndrome defects y errors experimental google ai nature decoder achieves logical error rates approximately lower minimumweight perfect matching approaching maximumlikelihood decoder flexibility decoder incorporate soft information available analog readout transmon qubits evaluate decoder simulation symmetric gaussiannoise model considering soft information leads approximately lower logical error rate depending probability measurement error good logical performance flexibility efficiency make decoders wellsuited nearterm demonstrations memories
Deep Bayesian Experimental Design for Quantum Many-Body Systems,2306.14510v1,quant-ph,2023-06-26 08:40:14+00:00,6,bayesian experimental design technique allows efficiently select measurements characterize physical maximizing expected information gain recent developments normalizing flows allow approximation posterior extension technique complex highdimensional situations paper holds promise adaptive measurement strategies characterize presentday technology platforms particular focus arrays coupled cavities qubit arrays represent high relevance modern applications like simulations computing realized platforms measurement control exploited characterize counteract unavoidable disorder thus represent ideal targets applications bayesian experimental design
Uncertainty Estimation for Molecules: Desiderata and Methods,2306.14916v1,physics.chem-ph,2023-06-20 15:50:09+00:00,2,graph gnns promising surrogates mechanical calculations establish unprecedented low errors collections molecular dynamics md trajectories thanks fast inference times promise accelerate chemistry applications unfortunately despite low indistribution id errors gnns might horribly wrong outofdistribution ood samples uncertainty estimation ue aid situations communicating models certainty prediction here take closer look identify six key desiderata ue molecular force fields physicsinformed applicationfocused ones overview field survey existing field ue analyze fit set desiderata analysis conclude none previous works satisfies criteria fill gap localized kernel lnk gaussian process gpbased extension existing gnns satisfying desiderata extensive experimental evaluation test four different ue different backbones datasets outofequilibrium detection find lnk yielding times lower errors terms aucroc score dropout evidential regressionbased maintaining high predictive performance
Rapid identification of time-frequency domain gravitational wave signals from binary black holes using deep learning,2305.19003v3,gr-qc,2023-05-30 12:59:29+00:00,3,recent developments techniques offered alternative complementary traditional matched filtering identification gravitational wave gw signals rapid accurate identification gw signals crucial progress gw physics multimessenger astronomy particularly light upcoming fourth fifth observing runs ligovirgokagra work d unet identify timefrequency domain gw signals stellarmass binary black hole bbh mergers simulate bbh mergers component masses modot account ligo detector noise find gw events second observation runs could clearly rapidly identified third observing run gw events could identified particular gw currently unknown special case identified network binary neutron star mergers neutron starblack hole mergers identified compared traditional convolutional network unet output timefrequency domain signal images rather probabilities providing intuitive investigation moreover unet preliminary inference chirp mass information conclusion unet rapidly identify timefrequency domain gw signals bbh mergers potentially helpful future parameter inferences
Neural-network-designed three-qubit gates robust against charge noise and crosstalk in silicon,2305.13132v2,cond-mat.mes-hall,2023-05-22 15:30:11+00:00,5,spin qubits semiconductor dots promising platform computing scaling large hampered crosstalk charge noise crosstalk refers unwanted offresonant rotation idle qubits resonant rotation target qubit threequbit crosstalk charge noise difficult analytically create gate protocols produce threequbit gates toffoli gate directly single shot instead composition twoqubit gates therefore numerically optimize physicsinformed produce theoretically robust shaped pulses generate toffoliequivalent gate additionally robust fracp x cz gates create universal set gates robust charge noise robust pulses maintain infidelity average quasistatic fluctuations voltage mv instead tenths mv nonrobust pulses
Bayesian Renormalization,2305.10491v3,hep-th,2023-05-17 18:00:28+00:00,8,note present fully information theoretic renormalization inspired bayesian statistical inference refer bayesian renormalization main insight bayesian renormalization fisher metric defines correlation length plays role emergent rg scale quantifying distinguishability nearby points space probability distributions rg scale interpreted proxy maximum number unique observations made given statistical inference experiment role bayesian renormalization scheme subsequently prepare effective given precision bounded aforementioned scale applications bayesian renormalization physical systems emergent information theoretic scale naturally identified maximum energy probed current experimental apparatus bayesian renormalization coincides ordinary renormalization however bayesian renormalization sufficiently general even circumstances immediate physical scale absent provides ideal renormalization science contexts end insight bayesian renormalization scheme relates existing compression generation information bottleneck diffusion paradigm conclude designing explicit form bayesian renormalization inspired wilsons momentum shell renormalization scheme field theory bayesian renormalization scheme simple verify sense organizes parameters according hierarchy information theoretic importance
Demonstration of Sub-micron UCN Position Resolution using Room-temperature CMOS Sensor,2305.09562v1,physics.ins-det,2023-05-16 15:57:41+00:00,6,high spatial resolution ultracold neutron ucn measurement growing interest ucn experiments ucn spectrometers ucn polarimeters physics ucns gravity utilize physicsinformed enhance experimental position resolution submicron spatial resolutions ucn position measurements obtained roomtemperature cmos sensor extending previous position uncertainty microns explore opensource software allpix squared generate experimentlike synthetic hit images groundtruth position labels physicsinformed fullyconnected fcnn learn mapping input hit images output hit position automated analysis submicron position resolution ucn detection combined fast rates current next generation ucn sources enable improved precision future ucn research applications
Gradient-Annihilated PINNs for Solving Riemann Problems: Application to Relativistic Hydrodynamics,2305.08448v2,physics.comp-ph,2023-05-15 08:43:42+00:00,3,present methodology physicsinformed pinns solving admitting discontinuous solutions method called gradientannihilated pinns gapinns introduces modified loss requires partially ignore highgradients physical variables achieved introducing suitable weighting function relies set hyperparameters control gradients treated physical loss activation dynamically accounted for gapinn solving riemann special relativistic hydrodynamics extending earlier studies pinns context euler equations obtained gapinn correctly describe propagation speeds discontinuities sharply capture associated jumps relative l error compare exact special relativistic riemann problems reference ground truth error obtained secondorder central shockcapturing scheme investigated reached gapinn comparable obtained shockcapturing scheme significantly higher achieved baseline pinn algorithm additional benefit worth stressing pinnbased sidesteps costly recovery primitive variables state vector conserved ones wellknown drawback gridbased relativistic hydrodynamics equations due inherent generality ability handle steep gradients gapinn discussed could valuable tool relativistic flows astrophysics particle physics characterized prevalence discontinuous solutions
Statistical learning on randomized data to verify quantum state approximate k-designs,2305.01465v4,quant-ph,2023-05-02 14:46:28+00:00,6,random ensembles pure states proven extremely important various aspects physics benchmarking circuits testing advantage providing insights manybody thermalization studying black hole information paradox although generating fully random ensemble experimentally challenging approximations useful known emerge naturally variety physical models including rydberg setups referred approximate state designs verifying degree randomness expensive task similar performing full state tomography manybody systems theoretical work efficiently validate character approximate designs respect size acquisition compared conventional frequentist approach achieved translating information residing complex manybody state succinct representation random projective measurement basis processed statistical inference maximum likelihood estimation benchmarked predictions shadow tomography scheme combining postprocessing obtained randomized measurements characterisation approximate state designs applicable noisy platform generate designs
Hybrid quantum physics-informed neural networks for simulating computational fluid dynamics in complex shapes,2304.11247v3,cs.LG,2023-04-21 20:49:29+00:00,1,finding distribution velocities pressures fluid solving navierstokes principal task chemical energy pharmaceutical industries well mechanical engineering design pipeline systems existing solvers openfoam ansys simulations fluid dynamics intricate geometries computationally expensive require resimulation whenever geometric parameters initial boundary conditions altered physicsinformed promising tool simulating fluid flows complex geometries adapt changes geometry mesh definitions allowing generalization across fluid parameters transfer across different shapes present hybrid physicsinformed simulates laminar fluid flows d yshaped mixers combines expressive power flexibility physicsinformed network resulting higher compared purely network findings highlight potential approaches particular hybrid physicsinformed network complex shape optimization tasks fluid dynamics improving fluid simulations complex geometries research hybrid contributes development reliable fluid dynamics solvers
Quantum Superposition States: Spin Glasses and Entanglement,2304.09782v1,quant-ph,2023-04-19 16:08:58+00:00,6,spinglass sg fascinating garnered significant attention due intriguing properties implications various research fields key characteristics spin glasses contain random disorder leads many possible states occurring close probabilities explore concept spinglass superposition states sss equiprobable sss possible electronic configurations edwardanderson ea type sg order parameter qea magnetization sss classified contribution distinguishing magnetic order disorder sg antiferromagnetic fm paramagnetic pm phases generalize superposition states size investigate entanglement phasebased sss negativity measure sg order parameter utilized determine entanglement magnetically ordered disordered phases vice versa negativity signifying magnetic order findings insight nature sss relevance sgs magnets implications various fields including condensed matter physics sgs prototypical example disordered systems relevant fields networks optimization problems information storage complex random disorder behavior greatly interested overall provides deeper understanding behavior sgs nature sss potential applications various fields
Characterization of multi-mode linear optical networks,2304.06486v1,quant-ph,2023-04-13 13:09:14+00:00,6,multimode optical interferometers represent viable platforms successful implementation several information schemes take advantage optical processing examples range communication sensing computation including optical networks optical reservoir computing simulation complex physical systems realization routines requires high levels control tunability parameters define operations carried device requirement becomes particularly crucial light recent technological improvements integrated photonic technologies enable implementation progressively larger circuits embedding considerable amount tunable parameters work formulate procedures characterization optical circuits presence imperfections typically occur physical experiments unbalanced losses phase instabilities input output collection stages aims reconstructing transfer matrix represents optical interferometer without making strong assumptions internal structure encoding viability experimentally relevant scenario defined tunable integrated photonic circuit effectiveness robustness method findings find wide range optical setups bulk integrated configurations
Fluctuation based interpretable analysis scheme for quantum many-body snapshots,2304.06029v2,cond-mat.quant-gas,2023-04-12 17:59:59+00:00,6,microscopically understanding classifying phases matter heart stronglycorrelated physics simulations genuine projective measurements snapshots manybody state taken include full information correlations system rise made possible routinely solve abstract processing classification tasks large datasets act guiding hand analysis however though proven successful differentiating different phases matter conventional mostly lack interpretability physical footing here combine confusion correlation convolutional networks yields fully interpretable phase detection terms correlation functions particular thermodynamic properties d heisenberg model whereby trained pick qualitative changes snapshots characteristic temperature magnetic correlations become significantly longrange identify full counting statistics nearest neighbor spin correlations important quantity decision process network go beyond averages local observables access fluctuations secondorder correlations indirectly include contributions higher order longrange correlations able detect changes specific heat spin susceptibility latter analogy magnetic properties pseudogap phase hightemperature superconductors combining confusion scheme transformer networks opens directions interpretable image processing sensible longrange order
Referenceless characterisation of complex media using physics-informed neural networks,2303.16041v3,physics.optics,2023-03-28 15:16:23+00:00,6,work present characterise transmission matrices complex scattering media physicsinformed multiplane mpnn without requirement known optical reference field accurately measure transmission matrix commercial multimode fiber without outputphase ambiguity dark spots leading upto improvement focusing efficiency compared phasestepping holography significantly noiserobust phasestepping holography generalised characterise cascade transmission matrices allowing control propagation light independent scattering media essential tool accurate light control complex media applications ranging optical networks biomedical imaging information processing
Towards Symmetry-Aware Efficient Simulation of Quantum Systems and Beyond,2303.11409v2,physics.comp-ph,2023-03-20 19:33:13+00:00,1,simulation complex remains central challenge due exponential growth hilbert space size tensor long established powerful approximation schemes efficiency enhanced incorporating physicsinformed priors prominent example symmetry recent progress usymmetric tensor networks accelerated gpus scaled supercomputers conserved charges induce blocksparse structures reduce cost enable larger simulations principle extends general symmetries inspiring equivariant guiding symmetrypreserving ansatze variational algorithms beyond symmetry physicsinformed design includes strategies hybrid tensor parallel sequential circuits pursue efficiency complementary principles perspective argues physicsinformed tensor networks grounded symmetry beyondsymmetry insights unifying strategies scalable approaches simulation computation learning
Quantum Pontryagin Neural Networks in Gamkrelidze Form Subjected to the Purity of Quantum Channels,2304.02616v3,quant-ph,2023-03-17 23:21:54+00:00,5,investigate time energy minimization optimal control open systems whose dynamics governed lindblad or master equation dissipation markovian timeindependent control governed hamiltonian quantummechanical system specifically interested purity dissipative constrained state control inputs idea solving combination following techniques deal state constraints gamkrelidze revisited method handling control constraints idea saturation extensions time purity conservation formulated framework obtain necessary conditions optimality pontryagin minimum principle finally resulted boundary value solved physicsinformed pinn approach exploited pontryagin pinn technique control context pinns play effective role optimal control actions
Quasi-normal modes of near-extremal black holes in dRGT massive gravity using Physics-Informed Neural Networks (PINNs),2303.02395v2,gr-qc,2023-03-04 12:05:46+00:00,3,study physicsinformed pinns computing quasinormal modes qnms black holes de rhamgabadadzetolley drgt massive gravity modes describe oscillation frequencies perturbed black holes important understanding behavior objects carefully selecting hyperparameters pinn including architecture data possible achieve good agreement computed qnms approximate analytical formula nearextremal limit smallest mode number effectiveness pinns solving inverse context qnms highlight potential providing valuable insights behavior black holes
Complex dynamics on the one-dimensional quantum droplets via time piecewise PINNs,2305.01553v2,physics.flu-dyn,2023-02-26 06:06:43+00:00,4,dynamics onedimensional droplets landing applications recent research hotspots work time piecewise physicsinformed pinns complex dynamics onedimensional droplets solving corresponding amended grosspitaevskii equation effect long time domain far better conventional pinns subnetworks independent highly adjustable time piecewise pinns scarce points intrinsic modulation single droplet collision droplets excite breathers droplet background intriguingly obtain interference pattern result collision droplets significant feature interplay coherent matter waves showcase different parameters lead completely different dynamic behaviors initial condition nonlinear nonintegrable system significant guidance intrinsic modulation single droplet droplet collision breathers excitation via technology
Deep learning of many-body observables and quantum information scrambling,2302.04621v2,quant-ph,2023-02-09 13:14:10+00:00,1,significant breakthroughs science particular exhibited remarkable power modeling manybody systems here explore capacity datadriven dynamics physical observables correlated scrambling information train find mapping parameters evolution observables random circuits various regimes scrambling test textitgeneralization textitextrapolation capabilities applying unseen circuits particular type recurrent extremely powerful generalizing predictions within size time window trained both localized scrambled regimes include regimes approaches known fail sampling representation full wave function moreover considered succeeds textitextrapolating predictions beyond time window size trained localization scrambled regimes
Solving two-dimensional quantum eigenvalue problems using physics-informed machine learning,2302.01413v1,physics.comp-ph,2023-02-02 20:57:15+00:00,4,particle confined impassable box paradigmatic exactly solvable onedimensional modeled infinite square well potential explore infinitely many generalizations dimensions including particles confined rectangle elliptic triangle cardioidshaped boxes physicsinformed networks particular generalize unsupervised find particles eigenvalues eigenfunctions training adjusts weights biases energy eigenvalue output approximately solves schrodinger normalized mutually orthogonal eigenfunctions procedure solves helmholtz harmonics vibration modes waves drumheads transverse magnetic modes electromagnetic cavities related applications include dynamical billiards chaos laplacian spectra
Molecular Geometry-aware Transformer for accurate 3D Atomic System modeling,2302.00855v1,q-bio.MN,2023-02-02 03:49:57+00:00,2,molecular dynamic simulations important physics chemistry material biology learningbased strong abilities predicting molecular energy properties much faster dft calculations molecular energy least related atoms bonds bond angles torsion angles nonbonding atom pairs previous transformer atoms inputs lack explicit modeling aforementioned factors alleviate limitation moleformer transformer architecture takes nodes atoms edges bonds nonbonding atom pairs inputs interactions among rotational translational invariant geometryaware spatial encoding spatial encoding calculates relative position information including distances angles among nodes edges benchmark moleformer oc qm datasets achieves stateoftheart initial state relaxed energy prediction oc competitive qm predicting chemical properties compared transformer graph gnn proves effectiveness geometryaware spatial encoding moleformer
An Application of Pontryagin Neural Networks to Solve Optimal Quantum Control Problems,2302.09143v1,quant-ph,2023-02-01 17:48:07+00:00,5,reliable highfidelity state transformation always considered inseparable part information processing regard pontryagin maximum principle proved play important role achieve maximum fidelity optimum time energy motivated this work formulate control constrained optimal control aim minimize time energy subjected satisfying bilinear schrodinger equation derive order optimality conditions pontryagin maximum minimum principle boundary value problem next order obtain results exploit particular family physicsinformed specifically designed tackle indirect maximum principle pontryagin yet studied context significantly speed process end obtain set relations finally let us compute optimal control strategy determine time energyoptimal protocol driving general initial state target state hamiltonian bounded control make socalled qutip package python newly developed tfc python package
Deep Quantum Error Correction,2301.11930v2,quant-ph,2023-01-27 08:16:26+00:00,1,error correction codes qecc key component realizing potential computing qecc counterpart ecc enables reduction error rates distributing logical information across redundant physical qubits errors detected corrected work efficiently train emphendtoend error decoders resolve measurement collapse augmenting syndrome decoding predict initial estimate noise refined iteratively network logical error rates calculated finite fields directly optimized via differentiable objective enabling decoding constraints imposed code finally architecture extended support faulty syndrome measurement decoding repeated syndrome sampling demonstrates power decoders qecc achieving stateoftheart accuracy outperforming for small distance topological codes existing endtoend neural decoders often computationally prohibitive
Revealing the nature of hidden charm pentaquarks with machine learning,2301.05364v2,hep-ph,2023-01-13 02:12:10+00:00,8,nature hidden charm pentaquarks ie pc pc pc pionless effective field theory framework normal kh fitting cannot distinguish numbers pc pc contrast that networkbased discriminate them addition illustrate role experimental bin invariant jpsp mass distribution underlying physics fitting methods similarities differences information effectively directly provides insights networkbased predicts nature exotic states mass spectrum
eFIN: Enhanced Fourier Imager Network for generalizable autofocusing and pixel super-resolution in holographic imaging,2301.03162v1,physics.optics,2023-01-09 04:12:10+00:00,8,techniques greatly enhanced holographic imaging capabilities leading improved phase recovery image reconstruction here termed enhanced fourier imager efin highly generalizable framework hologram reconstruction pixel superresolution image autofocusing holographic microscopy experiments involving lung prostate salivary gland tissue sections papanicolau pap smears efin superior image reconstruction quality exhibits external generalization types samples never seen phase achieves wide autofocusing axial range mm capability accurately predict hologram axial distances physicsinformed learning efin enables x pixel superresolution imaging increases spacebandwidth product reconstructed images fold almost loss allows significant time savings holographic imaging processing steps showcase advancements efin pushing boundaries holographic imaging various applications eg quantitative phase imaging labelfree microscopy
Quantum Machine Learning: from physics to software engineering,2301.01851v2,quant-ph,2023-01-04 23:37:45+00:00,1,rapidly growing field intersection technology artificial intelligence review provides twofold overview several key approaches offer advancements development technologies power artificial intelligence among approaches quantumenhanced algorithms software engineering information processing improve keystone solutions context explore capability hybrid quantumclassical improve generalization increase reducing resources illustrate mitigate effects errors presently available noisy intermediatescale devices understand advantage via automatic walk processes graphs addition review hardware enhanced applying fundamental physics well tomography photonics aim concepts physics translated practical engineering software
Machine learning phases of an Abelian gauge theory,2212.14655v1,hep-lat,2022-12-30 12:36:33+00:00,8,phase transition twodimensional u link triangular lattice investigated employing supervised nn consisting input layer hidden layer neurons output layer information studied nn conducted instead artificially made configurations considered set interestingly obtained nn estimates critical point accurately uncovers physics correctly imply supervised nn simple architecture trained without input investigated model identify targeted phase structure high precision
Harmonic (Quantum) Neural Networks,2212.07462v2,cs.LG,2022-12-14 19:13:59+00:00,4,harmonic abundant nature appearing limiting cases maxwells navierstokes equations heat wave equation consequently many applications harmonic industrial process optimisation robotic path planning calculation exit times random walks despite ubiquity relevance attempts incorporate inductive biases towards harmonic contexts work effective means representing harmonic extend generality approach benchmark approaches quantum physicsinformed networks favourable performance
Solving the Teukolsky equation with physics-informed neural networks,2212.06103v2,gr-qc,2022-12-12 18:23:41+00:00,3,physicsinformed pinns compute quasinormal modes kerr geometry via teukolsky equation technique allows us extract complex frequencies separation constants without need sophisticated techniques almost immediate implementation textttpytorch framework able compute oscillation frequencies damping times arbitrary black hole spins masses typically percentual level compared accepted values literature find pinncomputed quasinormal modes indistinguishable obtained existing signaltonoise ratios snrs larger making former reliable gravitationalwave analysis mid term arrival thirdgeneration detectors like lisa einstein telescope snrs cal o might achieved
Modeling the Time Evolution of Compact Binary Systems with Machine Learning,2410.04033v1,astro-ph.CO,2024-10-05 04:48:51+00:00,1,introduces advanced techniques modeling time evolution compact binary learning dynamics compact binary systems black holes neutron stars present significant nonlinear challenges due strong gravitational interactions requirement precise simulations traditional methods like postnewtonian approximation often require significant resources face challenges efficiency here employed algorithms including like long shortterm memory lstm temporal convolutional tcn predict future evolution extensive simulation data employing lstm tcn even blackbox predictors sequence prediction significantly improve prediction without pinns pde solvers prior knowledge inductive bias employing lstm tcn obtained r values evolutionary orbits compact binaries dataset respectively ability effectively capture dynamics binaries achieving high prediction significantly reduced overhead factor compared conventional methods paves way effective computationally scalable approaches understanding gravitational phenomena predictive modeling gravitationalwave astronomy
Neutrino Interactions with perturbed Rastall Gravity: A Novel Approach to Reducing the Hubble Tension,2401.08871v2,gr-qc,2024-01-16 22:59:34+00:00,0,investigate cosmological implications coupling neutrinos perturbed rastall gravity focusing impact hubble constant h associated tension early lateuniverse measurements mcmc pinn method utilizing observational cosmic microwave background cmb cosmic chronometers cc baryon acoustic oscillations bao pantheon type ia supernovae cmb lensing perform detailed statistical analysis findings rastall provides improved fit compared standard lcdm model indicated lower akaike information criterion aic values early lateuniverse regimes introduces deviation parameter a remains consistent existing literature differs across epochs supporting dynamic gravitational framework combining datasets rastall yields h pm kmsmpc significantly reducing tension planck s shes s compared sim s discrepancy lcdm additional dataset combinations confirm alleviation planck tensions consistently s overall highlight rastall gravity neutrino coupling promising alternative lcdm capable addressing current cosmological tensions aligning observational data concluded hubble tension resolved
Physics-Informed Neural Networks as Solvers for the Time-Dependent Schrödinger Equation,2210.12522v1,quant-ph,2022-10-22 18:40:27+00:00,4,utility physicsinformed pinns solvers nonrelativistic timedependent schrodinger equation generalisability pinn solvers time evolution harmonic oscillator across varying parameters domains energy states
Physics-informed neural networks for quantum control,2206.06287v2,quant-ph,2022-06-13 16:17:22+00:00,5,control ubiquitous research field enabled physicists delve dynamics features systems delivering powerful applications various atomic optical mechanical solidstate systems recent years traditional control techniques optimization processes translated artificial intelligence algorithms here optimal control via physicsinformed pinns methodology open efficiently solving statetostate transfer high probabilities shorttime evolution lowenergy consumption controls furthermore illustrate flexibility pinns solve changes physical parameters initial conditions showing advantages comparison standard control techniques
Using physics-informed neural networks to compute quasinormal modes,2205.08284v2,physics.comp-ph,2022-05-17 12:31:42+00:00,3,recent years increased interest networks particularly regard ability approximate equations regard research begun socalled physicsinformed pinns incorporate loss boundary conditions attempting approximate paper investigate viability obtaining quasinormal modes qnms nonrotating black holes dimensional spacetime pinns find achievable standard capable solving eigenvalue dubbed eigenvalue solver here comparison qnms obtained via established namely continued fraction thorder wentzel kramer brillouin method pinn computations share degree counterparts words pinn approximations percentage deviations low dore doim terms time taken compute qnms accuracy however pinn falls short leading conclusion currently recommended considering overall performance
Hybrid Quantum-Classical Algorithms for Loan Collection Optimization with Loan Loss Provisions,2110.15870v2,quant-ph,2021-10-29 15:51:31+00:00,1,banks required set aside funds income statement known loan loss provision llp account potential loan defaults expenses treating llp global constraint hybrid quantumclassical solve quadratic constrained binary optimization qcbo loan collection optimization objective find set optimal loan collection actions maximizes expected net profit bank well financial welfare financial loanees keeping llp minimum consists parts divideandconquer enable largescale optimization alternating operator ansatz qaoa maximize objective function sampling handle llp realworld set loanees possible collection actions qaoa performed qubits computer presence qaoa improve expected net profit approximately compared qaoa absent hybrid algorithm illustrates nearterm devices tackle realworld optimization problems
Investigating a New Approach to Quasinormal Modes: Physics-Informed Neural Networks,2108.05867v1,gr-qc,2021-08-12 17:28:48+00:00,3,physicsinformed pinns hold potential supplementing existing set techniques solving emerge black hole quasinormal modes present research investigated studying black hole perturbation known analytical could framed inverse pinns main goal test pinns computing unknown quasinormal frequencies within equations black hole perturbation scenarios considered included near extremal schwarzschildde sitter reissnernordstromde sitter black holes toy resembling them cases pinns could compute qnfs digit decimal lowest multipole number l lowest mode number n
Development of a physically-informed neural network interatomic potential for tantalum,2101.06540v1,cond-mat.mtrl-sci,2021-01-16 22:49:09+00:00,2,largescale atomistic simulations materials heavily rely interatomic potentials predict energy atomic forces recent developments field constructing interatomic potentials machinelearning ml methods ml potentials predict energy forces interpolation large reference database generated quantummechanical calculations high interpolation achieved extrapolation unknown atomic environments unpredictable recently physicallyinformed pinn significantly improves transferability combining regression physicsbased bondorder interatomic potential here generalpurpose pinn potentials developed bodycentered cubic bcc metals pinn potential tantalum reproduces reference energies within mevatom accurately predicts broad spectrum physical properties ta including but limited to lattice dynamics thermal expansion energies point extended defects dislocation core structure peierls barrier melting temperature structure liquid ta liquid surface tension potential enables largescale simulations physical mechanical behavior ta nearly firstprinciples orders magnitude faster readily extended bcc metals
Solving forward and inverse problems of the logarithmic nonlinear Schrodinger equation with PT-symmetric harmonic potential via deep learning,2012.02979v1,nlin.PS,2020-12-05 09:01:58+00:00,7,paper investigate logarithmic nonlinear schrodinger lnls paritytime ptsymmetric harmonic potential important physical many fields nuclear physics optics magma transport phenomena effective gravity types initial value conditions periodic boundary conditions chosen solve lnls pt symmetric harmonic potential via physicsinformed pinns method obtained compared ones deduced fourier spectral method moreover investigate effectiveness pinns lnls pt symmetric potential choosing distinct space widths distinct optimized steps finally pinns effectively tackle datadriven discovery lnls pt symmetric harmonic potential coefficients dispersion nonlinear terms amplitudes pt symmetric harmonic potential approximately found
Relativistic interactions for the meson-two-nucleon system in the clothed-particle unitary representation,nucl-th/0603025v1,nucl-th,2006-03-08 14:29:28+00:00,8,unitary clothing transformations put forward relativistic field theory qft greenberg schweber developed shirokov construct family interactions mesontwonucleon system along brief exposition basic elements specific transition initial bare onemeson onenucleon operators states physical clothed counterparts emphasize clothing transformations question alter original total hamiltonian provides conceptually transparent representation hamiltonian terms set operators particles physical properties relativistic interactions hermitian energyindependent interaction operators processes pin pin nn nn nn pi nn derived starting yukawatype couplings fermions nucleons antinucleons bosons pi eta rho omegamesons etc types interaction distinctive offenergyshell structure naturally generated unitary transformation removes hamiltonian threeleg pinn vertex coupling
Pion re-scattering in pi0 production,nucl-th/0312017v1,nucl-th,2003-12-04 15:59:51+00:00,8,discusses approximations frequently calculate contribution pion production protonproton scattering near threshold irreducible pion rescattering reference result obtained mechanical reduction corresponding feynman diagram timeordered field theory diagrams conclude distorted wave born approximation quite adequate threshold energies even above discuss choices energy exchanged pion propagator pin amplitude describing rescattering vertex calculation employs physical nucleons pions pseudovector coupling pinn vertex realistic amplitudes pin rescattering nn transitions initial final states
Unified relativistic description of piNN and gamma-piNN,nucl-th/9810025v1,nucl-th,1998-10-09 16:52:11+00:00,8,present unified description relativistic pinn gammapinn strong interactions described nonperturbatively fourdimensional integral equations feature photon coupled possible ways strong interaction contributions hadronic processes nn nn nn pid pid pid etc corresponding electromagnetic processes nn gammann gammad nn gammad pid ed ed ed epid etc described simultaneously within strong interactions formulation obeys threebody unitarity photons coupled everywhere strong interaction model gauge invariance implemented way prescribed field theory formulation free overcounting undercounting plaguing fourdimensional descriptions pinnlike systems unified description achieved recently introduced gauging method
On the Universality of Certain Non-Renormalizable Contributions in Two-Dimensional Quantum Field Theory,hep-lat/9602026v1,hep-lat,1996-02-27 14:26:40+00:00,8,question removing ultraviolet cutoff d field theory interaction term nonrenormalizable power counting arises nontrivial correction beyond gaussian approximation called capillary wave drumhead model rather important physical point view since correctly describes finite size effects twodimensional interfaces despite fact interaction nonrenormalizable prove large class regularization schemes finite divergent parts separated simple way furthermore finite part independent choice cutoff prescription used
Monte Carlo Simulation of 2-D Quantum Gravity as Open Dynamically Triangulate Random Surfaces,hep-lat/9310016v1,hep-lat,1993-10-15 12:59:19+00:00,7,describe monte carlo procedure simulation dynamically triangulate random surfaces boundary topology disk keeps total number triangles fixed length boundary allowed fluctuate works presence matter fields present pure gravity case reproduces theoretical expectations
