pt,charge,rp,phi,eta,calo_energy,Particle_Type,pos,pos_1,dir_1,pos_2,dir_2,detid,front_1,front_2,front_3,front_4,back_1,back_2,back_3,back_4,Error,et,theta,px,py,pz,isolationPFChargedHadrCandsPtSum,isolationPFGammaCandsEtSum,maximumHCALPFClusterEt,emFraction,hcalTotOverPLead,hcalMaxOverPLead,hcal3x3OverPLead,ecalStripSumEOverPLead,bremsRecoveryEOverPLead,electronPreIDOutput,electronPreIDDecision,hasMuonReference,caloComp,segComp,muonDecision,energy,hadronicOverEm,hadronicDepth1OverEcal,hadronicDepth2OverEcal,e1x5,e2x5,e3x3,e5x5,maxEnergyXtal,sigmaEtaEta,sigmaIetaIeta,r1x5,r2x5,r9,ecalRecHitSumEtConeDR04,hcalTowerSumEtConeDR04,hcalDepth1TowerSumEtConeDR04,hcalDepth2TowerSumEtConeDR04,trkSumPtSolidConeConeDR04,trkSumPtHollowConeDR04,nTrkSolidConeDR04,nTrkHollowConeDR04,ecalRecHitSumEtDR03,hcalTowerSumEtDR03,hcalDepth1TowerSumEtDR03,hcalDepth2TowerSumEtDR03,trkSumPtSolidConeDR03,trkSumPtHollowConeDR03,nTrkSolidConeDR03,nTrkHollowConeDR03,dir,Name,Index,WasRun,Accept,Objects,path,slot,moduleLabel,moduleType,VID,KEY,id,mass
1.89388,1.0,"[0.000644675, 0.000582735, -0.109277]",2.54528,1.75169,0.0,TrackerMuons,,,,,,,,,,,,,,,,,,,,,,,,,,,,,,,,,,,,,,,,,,,,,,,,,,,,,,,,,,,,,,,,,,,,,,,,,,,,,,,
1.04283,1.0,"[0.000692627, 0.000556223, 0.00146818]",3.03598,1.89894,0.0,TrackerMuons,,,,,,,,,,,,,,,,,,,,,,,,,,,,,,,,,,,,,,,,,,,,,,,,,,,,,,,,,,,,,,,,,,,,,,,,,,,,,,,
0.784988,1.0,"[0.000697957, 0.000720078, -0.0302628]",-3.13559,2.05912,0.0,TrackerMuons,,,,,,,,,,,,,,,,,,,,,,,,,,,,,,,,,,,,,,,,,,,,,,,,,,,,,,,,,,,,,,,,,,,,,,,,,,,,,,,
1.08822,-1.0,"[0.000823188, 0.000605636, 0.076419]",1.2777,1.97298,0.0,TrackerMuons,,,,,,,,,,,,,,,,,,,,,,,,,,,,,,,,,,,,,,,,,,,,,,,,,,,,,,,,,,,,,,,,,,,,,,,,,,,,,,,
1.11126,1.0,"[0.00070686, 0.000772739, 0.00114957]",3.103,1.68425,0.0,TrackerMuons,,,,,,,,,,,,,,,,,,,,,,,,,,,,,,,,,,,,,,,,,,,,,,,,,,,,,,,,,,,,,,,,,,,,,,,,,,,,,,,
1.40585,-1.0,"[0.0133436, -0.0046056, 0.117503]",1.17689,1.871,0.0,TrackerMuons,,,,,,,,,,,,,,,,,,,,,,,,,,,,,,,,,,,,,,,,,,,,,,,,,,,,,,,,,,,,,,,,,,,,,,,,,,,,,,,
0.82746,1.0,"[0.000938866, 0.00693513, -0.027999]",3.10358,1.91583,0.0,TrackerMuons,,,,,,,,,,,,,,,,,,,,,,,,,,,,,,,,,,,,,,,,,,,,,,,,,,,,,,,,,,,,,,,,,,,,,,,,,,,,,,,
,,,,,,Extras,,"[0.000715988, 0.000534458, 0.0765696]","[-1.26965, -0.07023, -1.44928]","[-0.997444, -0.79454, -1.48773]","[-0.335271, -1.18015, -1.41776]",,,,,,,,,,,,,,,,,,,,,,,,,,,,,,,,,,,,,,,,,,,,,,,,,,,,,,,,,,,,,,,,,,,,,,,,,,
,,,,,,Extras,,"[0.000715419, 0.00060877, 0.0767438]","[-2.28142, -0.386699, 0.508384]","[-1.2601, 0.195809, 0.357978]","[-2.03136, 1.04974, 0.492816]",,,,,,,,,,,,,,,,,,,,,,,,,,,,,,,,,,,,,,,,,,,,,,,,,,,,,,,,,,,,,,,,,,,,,,,,,,
,,,,,,Extras,,"[0.00069871, 0.000631419, -0.0542591]","[-1.09218, -0.217334, -0.889303]","[-1.10242, 0.640993, -1.16764]","[-0.338249, 1.02847, -0.866982]",,,,,,,,,,,,,,,,,,,,,,,,,,,,,,,,,,,,,,,,,,,,,,,,,,,,,,,,,,,,,,,,,,,,,,,,,,
,,,,,,Extras,,"[0.000686468, 0.000744336, 0.0767232]","[-1.21466, -0.275177, -0.142473]","[-1.16774, 0.512411, -0.0812046]","[-0.607472, 1.06074, -0.142584]",,,,,,,,,,,,,,,,,,,,,,,,,,,,,,,,,,,,,,,,,,,,,,,,,,,,,,,,,,,,,,,,,,,,,,,,,,
,,,,,,Extras,,"[0.000698694, 0.000640658, -0.0343913]","[-1.09333, -0.17836, -1.60023]","[-0.810229, -0.984746, -2.0477]","[0.0329223, -1.07578, -1.56417]",,,,,,,,,,,,,,,,,,,,,,,,,,,,,,,,,,,,,,,,,,,,,,,,,,,,,,,,,,,,,,,,,,,,,,,,,,
,,,,,,Extras,,"[0.000710395, 0.000633696, -0.0310615]","[-1.01505, -1.0738, -2.95771]","[-0.311047, -1.23671, -2.71345]","[0.368084, -1.40373, -2.93655]",,,,,,,,,,,,,,,,,,,,,,,,,,,,,,,,,,,,,,,,,,,,,,,,,,,,,,,,,,,,,,,,,,,,,,,,,,
,,,,,,Extras,,"[0.000687688, 0.000653107, -0.0542476]","[-1.66056, -1.96374, -0.0196537]","[-0.511145, -1.1683, -0.0649628]","[-0.31508, -2.53376, -0.0219216]",,,,,,,,,,,,,,,,,,,,,,,,,,,,,,,,,,,,,,,,,,,,,,,,,,,,,,,,,,,,,,,,,,,,,,,,,,
,,,,,,Extras,,"[0.000703736, 0.000639508, -0.0541812]","[-0.993037, -1.16922, 1.18031]","[-0.265133, -1.24736, 0.950206]","[0.428314, -1.45525, 1.1398]",,,,,,,,,,,,,,,,,,,,,,,,,,,,,,,,,,,,,,,,,,,,,,,,,,,,,,,,,,,,,,,,,,,,,,,,,,
,,,,,,Extras,,"[0.000599514, 0.000706329, -0.0310839]","[-0.690589, -1.1136, -4.1094]","[-0.809482, -0.529255, -3.16813]","[-1.20988, -0.189225, -3.86859]",,,,,,,,,,,,,,,,,,,,,,,,,,,,,,,,,,,,,,,,,,,,,,,,,,,,,,,,,,,,,,,,,,,,,,,,,,
,,,,,,Extras,,"[0.000618209, 0.000692115, -0.0311969]","[-0.570014, -0.970946, -1.87749]","[-1.20493, -0.417543, -2.34368]","[-1.01784, 0.39301, -1.82893]",,,,,,,,,,,,,,,,,,,,,,,,,,,,,,,,,,,,,,,,,,,,,,,,,,,,,,,,,,,,,,,,,,,,,,,,,,
,,,,,,Extras,,"[-0.000492296, 0.00129783, 0.0762498]","[-0.912808, -1.66744, -1.21015]","[-0.997479, -0.794503, -0.756065]","[-1.79367, -0.502287, -1.18315]",,,,,,,,,,,,,,,,,,,,,,,,,,,,,,,,,,,,,,,,,,,,,,,,,,,,,,,,,,,,,,,,,,,,,,,,,,
,,,,,,Extras,,"[0.000785804, 0.000588618, -0.109082]","[-0.941393, -1.49669, -0.724669]","[-0.168379, -1.26406, -0.654123]","[0.507015, -1.65655, -0.719315]",,,,,,,,,,,,,,,,,,,,,,,,,,,,,,,,,,,,,,,,,,,,,,,,,,,,,,,,,,,,,,,,,,,,,,,,,,
,,,,,,Extras,,"[0.000533283, 0.000711925, -0.0656717]","[-0.314878, -0.780527, 1.00289]","[-1.26351, -0.17237, 1.74825]","[-0.487115, 0.650054, 0.957063]",,,,,,,,,,,,,,,,,,,,,,,,,,,,,,,,,,,,,,,,,,,,,,,,,,,,,,,,,,,,,,,,,,,,,,,,,,
,,,,,,Extras,,"[0.000741963, 0.000631315, -0.109226]","[-0.421963, -1.24261, -0.768521]","[-1.01621, -0.770395, -0.90442]","[-1.27231, -0.0585833, -0.749455]",,,,,,,,,,,,,,,,,,,,,,,,,,,,,,,,,,,,,,,,,,,,,,,,,,,,,,,,,,,,,,,,,,,,,,,,,,
,,,,,,Extras,,"[0.000662007, 0.000657941, -0.0214763]","[-0.30744, -0.863851, 2.37249]","[0.4411, -0.979894, 3.16813]","[0.722027, -0.285189, 2.14567]",,,,,,,,,,,,,,,,,,,,,,,,,,,,,,,,,,,,,,,,,,,,,,,,,,,,,,,,,,,,,,,,,,,,,,,,,,
,,,,,,Extras,,"[0.000738142, 0.000641011, -0.0343013]","[-0.220451, -2.07526, -0.319481]","[-0.570858, -1.14031, -0.236834]","[-1.51188, -1.39579, -0.321044]",,,,,,,,,,,,,,,,,,,,,,,,,,,,,,,,,,,,,,,,,,,,,,,,,,,,,,,,,,,,,,,,,,,,,,,,,,
,,,,,,Extras,,"[0.000637787, 0.00064769, -0.0344279]","[-0.0518687, -1.29593, -0.736548]","[-0.761966, -1.02255, -0.798129]","[-1.20065, -0.400082, -0.711827]",,,,,,,,,,,,,,,,,,,,,,,,,,,,,,,,,,,,,,,,,,,,,,,,,,,,,,,,,,,,,,,,,,,,,,,,,,
,,,,,,Extras,,"[0.000733235, 0.000646363, -0.03084]","[0.102263, -2.83616, 0.602237]","[0.372705, -1.21954, 0.240382]","[1.4872, -2.38316, 0.588822]",,,,,,,,,,,,,,,,,,,,,,,,,,,,,,,,,,,,,,,,,,,,,,,,,,,,,,,,,,,,,,,,,,,,,,,,,,
,,,,,,Extras,,"[0.000724497, 0.000652929, -0.0495657]","[0.236802, -0.97278, -2.69204]","[-0.451543, -0.981316, -3.16813]","[-0.802412, -0.428045, -2.46217]",,,,,,,,,,,,,,,,,,,,,,,,,,,,,,,,,,,,,,,,,,,,,,,,,,,,,,,,,,,,,,,,,,,,,,,,,,
,,,,,,Extras,,"[0.000936461, 0.000740855, -0.0310915]","[0.292457, -0.727482, 0.193481]","[-0.970756, -0.826931, 0.377657]","[-0.637599, 0.402629, 0.182849]",,,,,,,,,,,,,,,,,,,,,,,,,,,,,,,,,,,,,,,,,,,,,,,,,,,,,,,,,,,,,,,,,,,,,,,,,,
,,,,,,Extras,,"[0.000625386, 0.000603722, 0.00351752]","[0.42991, -0.832405, -2.91353]","[-0.136483, -0.947812, -3.16813]","[-0.586072, -0.625799, -2.68486]",,,,,,,,,,,,,,,,,,,,,,,,,,,,,,,,,,,,,,,,,,,,,,,,,,,,,,,,,,,,,,,,,,,,,,,,,,
,,,,,,Extras,,"[0.000899814, 0.00073602, -0.0214372]","[0.561284, -1.23079, 1.5703]","[1.0742, -0.687237, 1.54536]","[1.32041, 0.00608635, 1.5385]",,,,,,,,,,,,,,,,,,,,,,,,,,,,,,,,,,,,,,,,,,,,,,,,,,,,,,,,,,,,,,,,,,,,,,,,,,
,,,,,,Extras,,"[0.000664083, 0.000612598, 0.0765927]","[0.432503, -0.735608, 0.451236]","[-0.634881, -1.10594, 0.899907]","[-0.818886, 0.0155261, 0.437358]",,,,,,,,,,,,,,,,,,,,,,,,,,,,,,,,,,,,,,,,,,,,,,,,,,,,,,,,,,,,,,,,,,,,,,,,,,
,,,,,,Extras,,"[0.000691547, 0.000643418, -0.05]","[0.783853, -1.37842, 0.764202]","[0.0474082, -1.27434, 0.596506]","[-0.671604, -1.40594, 0.761325]",,,,,,,,,,,,,,,,,,,,,,,,,,,,,,,,,,,,,,,,,,,,,,,,,,,,,,,,,,,,,,,,,,,,,,,,,,
,,,,,,Extras,,"[0.000647796, 0.0006193, -0.0344279]","[0.838096, -1.61712, -1.69456]","[0.992601, -0.800587, -1.25748]","[1.72413, -0.466633, -1.66714]",,,,,,,,,,,,,,,,,,,,,,,,,,,,,,,,,,,,,,,,,,,,,,,,,,,,,,,,,,,,,,,,,,,,,,,,,,
,,,,,,Extras,,"[0.000717005, 0.000657636, -0.0342694]","[1.13562, -1.75176, -4.41678]","[0.281704, -1.24372, -2.79473]","[-0.254902, -2.03947, -4.36773]",,,,,,,,,,,,,,,,,,,,,,,,,,,,,,,,,,,,,,,,,,,,,,,,,,,,,,,,,,,,,,,,,,,,,,,,,,
,,,,,,Extras,,"[0.000873061, 0.0007389, 0.0758592]","[0.591922, -0.97331, -4.37407]","[0.67553, -0.462378, -3.16813]","[1.05302, -0.205343, -4.14808]",,,,,,,,,,,,,,,,,,,,,,,,,,,,,,,,,,,,,,,,,,,,,,,,,,,,,,,,,,,,,,,,,,,,,,,,,,
,,,,,,Extras,,"[0.000789903, 0.000719267, 0.0770182]","[0.78065, -0.781767, -3.17691]","[0.219512, -1.04082, -3.16813]","[-0.359231, -0.961754, -2.98624]",,,,,,,,,,,,,,,,,,,,,,,,,,,,,,,,,,,,,,,,,,,,,,,,,,,,,,,,,,,,,,,,,,,,,,,,,,
,,,,,,Extras,,"[0.000644665, 0.000526283, 0.00167736]","[0.826147, -0.403585, -0.533165]","[0.216673, -1.25668, -0.875843]","[-0.62225, -0.618518, -0.518615]",,,,,,,,,,,,,,,,,,,,,,,,,,,,,,,,,,,,,,,,,,,,,,,,,,,,,,,,,,,,,,,,,,,,,,,,,,
,,,,,,Extras,,"[0.000692639, 0.000635662, -0.0541411]","[1.02488, -0.301398, -1.17796]","[0.628906, -1.10935, -1.62649]","[-0.261036, -0.990594, -1.14826]",,,,,,,,,,,,,,,,,,,,,,,,,,,,,,,,,,,,,,,,,,,,,,,,,,,,,,,,,,,,,,,,,,,,,,,,,,
,,,,,,Extras,,"[0.000735092, 0.000741151, -0.0211444]","[0.729018, -0.269571, -0.0596386]","[0.784141, 1.00563, -0.142622]","[-0.43571, 0.609997, -0.0537713]",,,,,,,,,,,,,,,,,,,,,,,,,,,,,,,,,,,,,,,,,,,,,,,,,,,,,,,,,,,,,,,,,,,,,,,,,,
,,,,,,Extras,,"[0.000701026, 0.00066321, -0.0343989]","[1.4362, -0.247492, -0.790577]","[0.97668, -0.819934, -0.763491]","[0.474024, -1.34271, -0.778062]",,,,,,,,,,,,,,,,,,,,,,,,,,,,,,,,,,,,,,,,,,,,,,,,,,,,,,,,,,,,,,,,,,,,,,,,,,
,,,,,,Extras,,"[0.000710291, 0.000650069, 0.0766068]","[2.11747, -0.0257124, 0.987527]","[1.20206, 0.425734, 0.681971]","[1.61052, 1.33735, 0.974432]",,,,,,,,,,,,,,,,,,,,,,,,,,,,,,,,,,,,,,,,,,,,,,,,,,,,,,,,,,,,,,,,,,,,,,,,,,
,,,,,,Extras,,"[0.000699831, 0.000723014, 0.0765245]","[1.36079, 0.16881, -3.06501]","[1.15978, -0.530183, -2.92911]","[0.7318, -1.09752, -2.97022]",,,,,,,,,,,,,,,,,,,,,,,,,,,,,,,,,,,,,,,,,,,,,,,,,,,,,,,,,,,,,,,,,,,,,,,,,,
,,,,,,Extras,,"[0.000709731, 0.000582727, -0.0342952]","[2.74431, 0.516789, 1.63499]","[1.14774, 0.555774, 0.718843]","[2.0814, 1.81578, 1.61201]",,,,,,,,,,,,,,,,,,,,,,,,,,,,,,,,,,,,,,,,,,,,,,,,,,,,,,,,,,,,,,,,,,,,,,,,,,
,,,,,,Extras,,"[0.000671816, 0.000733933, -0.0309129]","[0.81165, 0.242222, -0.145081]","[0.918736, -0.884369, -0.293932]","[-0.216142, -0.792755, -0.139955]",,,,,,,,,,,,,,,,,,,,,,,,,,,,,,,,,,,,,,,,,,,,,,,,,,,,,,,,,,,,,,,,,,,,,,,,,,
,,,,,,Extras,,"[0.000671585, 0.000744416, 0.0765976]","[0.845445, 0.311487, -0.568269]","[0.320585, 1.23426, -0.868134]","[-0.574251, 0.648997, -0.547211]",,,,,,,,,,,,,,,,,,,,,,,,,,,,,,,,,,,,,,,,,,,,,,,,,,,,,,,,,,,,,,,,,,,,,,,,,,
,,,,,,Extras,,"[0.000668856, 0.000697924, -0.0542462]","[0.703856, 0.366769, -1.3635]","[-0.0966799, 1.27155, -2.87437]","[-0.708451, 0.23887, -1.33414]",,,,,,,,,,,,,,,,,,,,,,,,,,,,,,,,,,,,,,,,,,,,,,,,,,,,,,,,,,,,,,,,,,,,,,,,,,
,,,,,,Extras,,"[0.000706459, 0.000630406, -0.034363]","[1.0354, 0.592782, -0.854357]","[0.475997, 1.18305, -1.02854]","[-0.328406, 1.10735, -0.838711]",,,,,,,,,,,,,,,,,,,,,,,,,,,,,,,,,,,,,,,,,,,,,,,,,,,,,,,,,,,,,,,,,,,,,,,,,,
,,,,,,Extras,,"[0.000747215, 0.000565584, -0.0130718]","[0.886676, 0.529049, 1.39414]","[0.313333, 1.23613, 1.8912]","[-0.511296, 0.84328, 1.3386]",,,,,,,,,,,,,,,,,,,,,,,,,,,,,,,,,,,,,,,,,,,,,,,,,,,,,,,,,,,,,,,,,,,,,,,,,,
,,,,,,Extras,,"[0.000751696, 0.000571348, -0.0310741]","[1.04339, 0.755101, 0.403935]","[1.275, 0.0237669, 0.402793]","[1.03057, -0.706569, 0.400745]",,,,,,,,,,,,,,,,,,,,,,,,,,,,,,,,,,,,,,,,,,,,,,,,,,,,,,,,,,,,,,,,,,,,,,,,,,
,,,,,,Extras,,"[0.000696638, 0.000647352, -0.0214671]","[1.23203, 1.23436, 4.84059]","[1.03035, 0.453902, 3.16813]","[1.66021, 0.0864739, 4.6234]",,,,,,,,,,,,,,,,,,,,,,,,,,,,,,,,,,,,,,,,,,,,,,,,,,,,,,,,,,,,,,,,,,,,,,,,,,
,,,,,,Extras,,"[0.000686223, 0.000655161, -0.0343538]","[0.481129, 0.570807, 0.687329]","[1.04098, -0.736576, 1.7251]","[-0.376786, -0.594211, 0.654815]",,,,,,,,,,,,,,,,,,,,,,,,,,,,,,,,,,,,,,,,,,,,,,,,,,,,,,,,,,,,,,,,,,,,,,,,,,
,,,,,,Extras,,"[0.000686945, 0.000658567, 0.0768106]","[0.635054, 0.780985, 2.16418]","[1.27127, 0.100283, 3.11276]","[0.673063, -0.60312, 1.94268]",,,,,,,,,,,,,,,,,,,,,,,,,,,,,,,,,,,,,,,,,,,,,,,,,,,,,,,,,,,,,,,,,,,,,,,,,,
,,,,,,Extras,,"[0.0006194, 0.000681285, -0.0543866]","[0.424198, 0.925142, 1.20305]","[1.20338, 0.421983, 1.63381]","[0.883096, -0.4472, 1.18025]",,,,,,,,,,,,,,,,,,,,,,,,,,,,,,,,,,,,,,,,,,,,,,,,,,,,,,,,,,,,,,,,,,,,,,,,,,
,,,,,,Extras,,"[0.000809962, 0.000616206, 0.0767884]","[0.212751, 0.903952, 0.718383]","[-0.805473, 0.988638, 1.20928]","[-0.893244, -0.0345706, 0.69041]",,,,,,,,,,,,,,,,,,,,,,,,,,,,,,,,,,,,,,,,,,,,,,,,,,,,,,,,,,,,,,,,,,,,,,,,,,
,,,,,,Extras,,"[0.000583471, 0.000652274, 0.0764101]","[0.100154, 1.00611, 2.21051]","[0.979556, 0.78176, 3.16813]","[0.878386, -0.109043, 1.99021]",,,,,,,,,,,,,,,,,,,,,,,,,,,,,,,,,,,,,,,,,,,,,,,,,,,,,,,,,,,,,,,,,,,,,,,,,,
,,,,,,Extras,,"[0.00112756, 0.000590377, -0.0350632]","[0.115563, 0.90131, 2.76241]","[-0.497965, 0.847639, 3.16813]","[-0.76825, 0.312064, 2.5312]",,,,,,,,,,,,,,,,,,,,,,,,,,,,,,,,,,,,,,,,,,,,,,,,,,,,,,,,,,,,,,,,,,,,,,,,,,
,,,,,,Extras,,"[0.000748383, 0.000646132, 0.00164527]","[-0.221569, 3.87131, 1.83416]","[-0.311527, 1.23659, 0.608262]","[-1.62839, 3.48365, 1.81842]",,,,,,,,,,,,,,,,,,,,,,,,,,,,,,,,,,,,,,,,,,,,,,,,,,,,,,,,,,,,,,,,,,,,,,,,,,
,,,,,,Extras,,"[0.000717468, 0.000648902, -0.0541886]","[-0.110609, 0.917053, -0.890719]","[0.915377, 0.887842, -1.48664]","[0.881005, -0.1401, -0.871462]",,,,,,,,,,,,,,,,,,,,,,,,,,,,,,,,,,,,,,,,,,,,,,,,,,,,,,,,,,,,,,,,,,,,,,,,,,
,,,,,,Extras,,"[0.00074653, 0.000662141, -0.031049]","[-0.471618, 1.33518, -2.60964]","[-0.981038, 0.814716, -2.49135]","[-1.35572, 0.209656, -2.52642]",,,,,,,,,,,,,,,,,,,,,,,,,,,,,,,,,,,,,,,,,,,,,,,,,,,,,,,,,,,,,,,,,,,,,,,,,,
,,,,,,Extras,,"[0.000687094, 0.000638642, -0.0309576]","[-0.688592, 1.19379, -1.37299]","[0.0475181, 1.27434, -1.37087]","[0.753538, 1.10767, -1.34044]",,,,,,,,,,,,,,,,,,,,,,,,,,,,,,,,,,,,,,,,,,,,,,,,,,,,,,,,,,,,,,,,,,,,,,,,,,
,,,,,,Extras,,"[0.000733887, 0.000666492, -0.0657407]","[-0.377525, 0.758118, 0.642544]","[-1.27434, 0.0472461, 1.12826]","[-0.39516, -0.699905, 0.616973]",,,,,,,,,,,,,,,,,,,,,,,,,,,,,,,,,,,,,,,,,,,,,,,,,,,,,,,,,,,,,,,,,,,,,,,,,,
,,,,,,Extras,,"[0.000599601, 0.000576611, 0.0017782]","[-0.447955, 0.68542, -1.79936]","[0.510153, 1.10228, -3.16813]","[0.71056, 0.0966709, -1.60418]",,,,,,,,,,,,,,,,,,,,,,,,,,,,,,,,,,,,,,,,,,,,,,,,,,,,,,,,,,,,,,,,,,,,,,,,,,
,,,,,,Extras,,"[0.000932662, 0.000802322, -0.0310992]","[-0.653852, 0.974641, -1.27833]","[-1.21424, 0.389626, -1.53165]","[-1.05513, -0.409151, -1.23892]",,,,,,,,,,,,,,,,,,,,,,,,,,,,,,,,,,,,,,,,,,,,,,,,,,,,,,,,,,,,,,,,,,,,,,,,,,
,,,,,,Extras,,"[0.000630689, 0.000575051, 0.076848]","[-0.816336, 1.00387, -4.47741]","[-0.242062, 0.86114, -3.16813]","[0.149356, 1.18021, -4.25184]",,,,,,,,,,,,,,,,,,,,,,,,,,,,,,,,,,,,,,,,,,,,,,,,,,,,,,,,,,,,,,,,,,,,,,,,,,
,,,,,,Extras,,"[0.000716717, 0.00066076, -0.0309395]","[-0.959841, 1.1285, -1.83288]","[-0.241521, 1.25214, -1.66896]","[0.459733, 1.3647, -1.76705]",,,,,,,,,,,,,,,,,,,,,,,,,,,,,,,,,,,,,,,,,,,,,,,,,,,,,,,,,,,,,,,,,,,,,,,,,,
,,,,,,Extras,,"[0.000778451, 0.000723504, -0.0654511]","[-0.565254, 0.61903, 0.987065]","[0.43723, 1.19792, 1.8118]","[0.77512, 0.087364, 0.947543]",,,,,,,,,,,,,,,,,,,,,,,,,,,,,,,,,,,,,,,,,,,,,,,,,,,,,,,,,,,,,,,,,,,,,,,,,,
,,,,,,Extras,,"[0.000727878, 0.000670643, -0.0212611]","[-0.536295, 0.58735, 0.372816]","[-1.17953, -0.484661, 0.763758]","[0.0523345, -0.7554, 0.356971]",,,,,,,,,,,,,,,,,,,,,,,,,,,,,,,,,,,,,,,,,,,,,,,,,,,,,,,,,,,,,,,,,,,,,,,,,,
,,,,,,Extras,,"[0.000708825, 0.000656345, -0.0310088]","[-1.90831, 1.78675, -3.43633]","[-1.13537, 0.580637, -1.72222]","[-2.52974, 0.490573, -3.36588]",,,,,,,,,,,,,,,,,,,,,,,,,,,,,,,,,,,,,,,,,,,,,,,,,,,,,,,,,,,,,,,,,,,,,,,,,,
,,,,,,Extras,,"[0.000644675, 0.000582735, -0.109277]","[-1.56702, 1.06359, 5.29422]","[-0.67346, 0.934991, 3.16813]","[-0.506836, 1.73774, 5.05654]",,,,,,,,,,,,,,,,,,,,,,,,,,,,,,,,,,,,,,,,,,,,,,,,,,,,,,,,,,,,,,,,,,,,,,,,,,
,,,,,,Extras,,"[0.000698359, 0.000620955, 0.076646]","[-5.00316, 3.15441, 4.11889]","[-0.986321, 0.808314, 0.965885]","[-4.05953, 4.25605, 4.08977]",,,,,,,,,,,,,,,,,,,,,,,,,,,,,,,,,,,,,,,,,,,,,,,,,,,,,,,,,,,,,,,,,,,,,,,,,,
,,,,,,Extras,,"[0.00074166, 0.000691473, 0.0765808]","[-2.47657, 1.50646, 2.29578]","[-0.885477, 0.917677, 1.0981]","[-1.40379, 2.49283, 2.26712]",,,,,,,,,,,,,,,,,,,,,,,,,,,,,,,,,,,,,,,,,,,,,,,,,,,,,,,,,,,,,,,,,,,,,,,,,,
,,,,,,Extras,,"[0.000710625, 0.000640377, 0.0765348]","[-0.704981, 0.481519, 0.836791]","[-1.14194, -0.567579, 1.60078]","[-0.0227569, -0.803457, 0.79419]",,,,,,,,,,,,,,,,,,,,,,,,,,,,,,,,,,,,,,,,,,,,,,,,,,,,,,,,,,,,,,,,,,,,,,,,,,
,,,,,,Extras,,"[0.000725897, 0.000704743, -0.0653476]","[-0.982643, 0.532423, 1.44965]","[-0.4386, 1.19742, 1.73127]","[0.397457, 1.00138, 1.38871]",,,,,,,,,,,,,,,,,,,,,,,,,,,,,,,,,,,,,,,,,,,,,,,,,,,,,,,,,,,,,,,,,,,,,,,,,,
,,,,,,Extras,,"[0.000703408, 0.000628093, 0.0766121]","[-18.7617, 10.9339, 17.582]","[-1.1223, 0.605505, 1.10955]","[-19.4185, 9.63625, 17.5514]",,,,,,,,,,,,,,,,,,,,,,,,,,,,,,,,,,,,,,,,,,,,,,,,,,,,,,,,,,,,,,,,,,,,,,,,,,
,,,,,,Extras,,"[0.000742302, 0.000743878, 0.0764873]","[-1.11802, 0.344999, 0.807689]","[-1.18391, -0.473849, 1.03157]","[-0.543985, -0.99463, 0.786563]",,,,,,,,,,,,,,,,,,,,,,,,,,,,,,,,,,,,,,,,,,,,,,,,,,,,,,,,,,,,,,,,,,,,,,,,,,
,,,,,,Extras,,"[0.000685592, 0.000512693, 0.0764847]","[-1.01479, 0.196283, -1.52697]","[-1.05033, -0.723186, -1.98173]","[-0.192594, -0.986782, -1.46794]",,,,,,,,,,,,,,,,,,,,,,,,,,,,,,,,,,,,,,,,,,,,,,,,,,,,,,,,,,,,,,,,,,,,,,,,,,
,,,,,,Extras,,"[0.000708338, 0.000742567, -0.0212046]","[-0.736043, 0.0672805, -1.0327]","[-0.00465209, 1.27521, -2.67367]","[0.689051, 0.0582773, -0.995196]",,,,,,,,,,,,,,,,,,,,,,,,,,,,,,,,,,,,,,,,,,,,,,,,,,,,,,,,,,,,,,,,,,,,,,,,,,
,,,,,,Extras,,"[0.000692627, 0.000556223, 0.00146818]","[-1.03702, 0.109935, 3.40437]","[-0.739181, 0.554714, 3.16813]","[-0.38436, 0.892868, 3.18962]",,,,,,,,,,,,,,,,,,,,,,,,,,,,,,,,,,,,,,,,,,,,,,,,,,,,,,,,,,,,,,,,,,,,,,,,,,
,,,,,,Extras,,"[0.000702286, 0.000559985, 0.00180027]","[-0.798139, -0.00335112, -2.02821]","[-0.700776, 0.841831, -3.16813]","[0.12937, 0.6989, -1.8341]",,,,,,,,,,,,,,,,,,,,,,,,,,,,,,,,,,,,,,,,,,,,,,,,,,,,,,,,,,,,,,,,,,,,,,,,,,
,,,,,,Extras,,"[0.000718349, 0.000545309, 0.000120395]","[-1.07857, -0.182687, 4.73592]","[-0.694536, 0.149159, 3.16813]","[-0.864162, 0.568138, 4.52097]",,,,,,,,,,,,,,,,,,,,,,,,,,,,,,,,,,,,,,,,,,,,,,,,,,,,,,,,,,,,,,,,,,,,,,,,,,
,,,,,,Extras,,"[0.00108515, 0.00070277, -0.0221625]","[0.155852, -1.03749, -3.62579]","[-0.289208, -0.817634, -3.16813]","[-0.712877, -0.663125, -3.41685]",,,,,,,,,,,,,,,,,,,,,,,,,,,,,,,,,,,,,,,,,,,,,,,,,,,,,,,,,,,,,,,,,,,,,,,,,,
,,,,,,Extras,,"[0.0011173, 0.000727875, -0.0347958]","[0.164513, -0.836951, -2.58493]","[-0.466681, -0.841287, -3.16813]","[-0.723774, -0.289874, -2.3564]",,,,,,,,,,,,,,,,,,,,,,,,,,,,,,,,,,,,,,,,,,,,,,,,,,,,,,,,,,,,,,,,,,,,,,,,,,
,,,,,,Extras,,"[0.000878223, 0.000661563, -0.0347096]","[-0.121299, 1.33713, -6.90734]","[0.101276, 0.595134, -3.16813]","[0.525107, 1.18748, -6.69434]",,,,,,,,,,,,,,,,,,,,,,,,,,,,,,,,,,,,,,,,,,,,,,,,,,,,,,,,,,,,,,,,,,,,,,,,,,
,,,,,,Extras,,"[0.000653273, 0.000640937, -0.031339]","[-0.111152, 1.18686, -4.67013]","[-0.353315, 0.698231, -3.16813]","[-0.841877, 0.74561, -4.40787]",,,,,,,,,,,,,,,,,,,,,,,,,,,,,,,,,,,,,,,,,,,,,,,,,,,,,,,,,,,,,,,,,,,,,,,,,,
,,,,,,Extras,,"[0.000788374, 0.000709938, -0.0348553]","[-1.71119, 2.39431, -15.1601]","[-0.291737, 0.530991, -3.16813]","[-1.10344, 2.66428, -14.9069]",,,,,,,,,,,,,,,,,,,,,,,,,,,,,,,,,,,,,,,,,,,,,,,,,,,,,,,,,,,,,,,,,,,,,,,,,,
,,,,,,Extras,,"[0.000674157, 0.000612434, 0.000307769]","[1.55458, -1.37951, 2.81385]","[1.19011, -0.458078, 1.76566]","[2.04305, -0.0225397, 2.77275]",,,,,,,,,,,,,,,,,,,,,,,,,,,,,,,,,,,,,,,,,,,,,,,,,,,,,,,,,,,,,,,,,,,,,,,,,,
,,,,,,Extras,,"[0.000655663, 0.000614377, 0.00137348]","[0.535954, -0.850384, 5.01697]","[0.494497, -0.376607, 3.16813]","[0.917464, -0.290426, 4.81696]",,,,,,,,,,,,,,,,,,,,,,,,,,,,,,,,,,,,,,,,,,,,,,,,,,,,,,,,,,,,,,,,,,,,,,,,,,
,,,,,,Extras,,"[0.000681671, 0.000576998, -0.00198086]","[2.35647, -0.701464, 7.68826]","[0.869026, -0.498152, 3.16813]","[1.74731, -1.61674, 7.48385]",,,,,,,,,,,,,,,,,,,,,,,,,,,,,,,,,,,,,,,,,,,,,,,,,,,,,,,,,,,,,,,,,,,,,,,,,,
,,,,,,Extras,,"[0.000709459, 0.000604271, 0.0766457]","[3.04355, -0.0609646, -0.778133]","[1.24383, 0.281216, -0.248438]","[2.6999, 1.35588, -0.761129]",,,,,,,,,,,,,,,,,,,,,,,,,,,,,,,,,,,,,,,,,,,,,,,,,,,,,,,,,,,,,,,,,,,,,,,,,,
,,,,,,Extras,,"[0.00066925, 0.00064385, 0.0774251]","[0.0848316, 0.830455, -2.52427]","[0.729533, 0.661065, -3.16813]","[0.759234, 0.0133178, -2.3156]",,,,,,,,,,,,,,,,,,,,,,,,,,,,,,,,,,,,,,,,,,,,,,,,,,,,,,,,,,,,,,,,,,,,,,,,,,
,,,,,,Extras,,"[0.000582933, 0.000643343, 0.0765674]","[0.0400024, 1.3972, -1.23588]","[0.696284, 1.06836, -1.1031]","[1.24312, 0.588852, -1.21142]",,,,,,,,,,,,,,,,,,,,,,,,,,,,,,,,,,,,,,,,,,,,,,,,,,,,,,,,,,,,,,,,,,,,,,,,,,
,,,,,,Extras,,"[0.000708822, 0.000709449, 0.0765738]","[-1.12865, -0.0216042, -1.29049]","[-0.979064, 0.817085, -1.52641]","[-0.165852, 1.06843, -1.25212]",,,,,,,,,,,,,,,,,,,,,,,,,,,,,,,,,,,,,,,,,,,,,,,,,,,,,,,,,,,,,,,,,,,,,,,,,,
,,,,,,Extras,,"[0.000822251, 0.000572544, 0.0767567]","[0.556225, 0.928835, -1.47814]","[-0.28243, 1.24355, -1.88224]","[-0.846489, 0.546283, -1.41749]",,,,,,,,,,,,,,,,,,,,,,,,,,,,,,,,,,,,,,,,,,,,,,,,,,,,,,,,,,,,,,,,,,,,,,,,,,
,,,,,,Extras,,"[0.000738641, 0.000419393, 0.0765645]","[2.49176, 0.322307, -2.52187]","[1.25779, -0.210141, -1.22023]","[2.22392, -1.10053, -2.48941]",,,,,,,,,,,,,,,,,,,,,,,,,,,,,,,,,,,,,,,,,,,,,,,,,,,,,,,,,,,,,,,,,,,,,,,,,,
,,,,,,Extras,,"[0.000695801, 0.000618645, 0.0765766]","[17.576, -11.9939, 42.5822]","[1.02896, -0.753293, 2.62848]","[16.6757, -13.0988, 42.4333]",,,,,,,,,,,,,,,,,,,,,,,,,,,,,,,,,,,,,,,,,,,,,,,,,,,,,,,,,,,,,,,,,,,,,,,,,,
,,,,,,Extras,,"[0.000709733, 0.000638899, 0.0774254]","[4.08431, -2.85493, 9.91401]","[1.14026, -0.570974, 2.62426]","[4.68285, -1.56494, 9.83273]",,,,,,,,,,,,,,,,,,,,,,,,,,,,,,,,,,,,,,,,,,,,,,,,,,,,,,,,,,,,,,,,,,,,,,,,,,
,,,,,,Extras,,"[0.000823188, 0.000605636, 0.076419]","[0.314403, 1.04182, 3.83763]","[-0.142483, 0.844449, 3.16813]","[-0.593275, 0.844844, 3.61614]",,,,,,,,,,,,,,,,,,,,,,,,,,,,,,,,,,,,,,,,,,,,,,,,,,,,,,,,,,,,,,,,,,,,,,,,,,
,,,,,,Extras,,"[0.000662546, 0.000720835, -0.0311267]","[0.947967, 0.447616, 0.131143]","[1.20447, -0.418873, 0.140522]","[0.452908, -0.924561, 0.123643]",,,,,,,,,,,,,,,,,,,,,,,,,,,,,,,,,,,,,,,,,,,,,,,,,,,,,,,,,,,,,,,,,,,,,,,,,,
,,,,,,Extras,,"[0.000995494, 0.000857461, -0.0338868]","[0.591549, -0.829159, 1.76434]","[1.26015, -0.195473, 2.42975]","[0.793674, 0.58701, 1.7291]",,,,,,,,,,,,,,,,,,,,,,,,,,,,,,,,,,,,,,,,,,,,,,,,,,,,,,,,,,,,,,,,,,,,,,,,,,
,,,,,,Extras,,"[0.000637125, 0.000663034, -0.0344804]","[0.300953, 1.03072, 1.62354]","[-0.569645, 1.14092, 2.07864]","[-0.976399, 0.368166, 1.58165]",,,,,,,,,,,,,,,,,,,,,,,,,,,,,,,,,,,,,,,,,,,,,,,,,,,,,,,,,,,,,,,,,,,,,,,,,,
,,,,,,Extras,,"[0.000674572, 0.000649615, -0.0343033]","[0.450277, 2.42851, 2.16205]","[-0.147981, 1.2666, 1.09837]","[-0.990271, 2.23216, 2.13852]",,,,,,,,,,,,,,,,,,,,,,,,,,,,,,,,,,,,,,,,,,,,,,,,,,,,,,,,,,,,,,,,,,,,,,,,,,
,,,,,,Extras,,"[0.000621562, 0.000659793, -0.0343903]","[0.523667, 2.75533, 2.33642]","[-0.0948577, 1.27169, 1.04147]","[-0.923332, 2.61206, 2.3138]",,,,,,,,,,,,,,,,,,,,,,,,,,,,,,,,,,,,,,,,,,,,,,,,,,,,,,,,,,,,,,,,,,,,,,,,,,
,,,,,,Extras,,"[0.000770336, 0.00057648, -0.0214278]","[-1.22027, -1.27048, -1.70925]","[-1.18646, -0.467449, -1.29457]","[-1.72433, 0.0939274, -1.67008]",,,,,,,,,,,,,,,,,,,,,,,,,,,,,,,,,,,,,,,,,,,,,,,,,,,,,,,,,,,,,,,,,,,,,,,,,,
,,,,,,Extras,,"[0.000750201, 0.000508155, -0.109198]","[-1.54073, -0.661885, 3.29842]","[-1.27388, 0.0585949, 2.49734]","[-1.42869, 0.770619, 3.21492]",,,,,,,,,,,,,,,,,,,,,,,,,,,,,,,,,,,,,,,,,,,,,,,,,,,,,,,,,,,,,,,,,,,,,,,,,,
,,,,,,Extras,,"[0.000695013, 0.000666029, -0.0657294]","[1.72207, -0.047445, 2.32619]","[1.13966, -0.572167, 1.70236]","[1.02688, -1.31755, 2.23488]",,,,,,,,,,,,,,,,,,,,,,,,,,,,,,,,,,,,,,,,,,,,,,,,,,,,,,,,,,,,,,,,,,,,,,,,,,
,,,,,,Extras,,"[0.000710331, 0.000619274, -0.00244729]","[0.948173, 0.344901, -0.684193]","[1.14228, -0.5669, -0.957926]","[0.288391, -0.941794, -0.659181]",,,,,,,,,,,,,,,,,,,,,,,,,,,,,,,,,,,,,,,,,,,,,,,,,,,,,,,,,,,,,,,,,,,,,,,,,,
,,,,,,Extras,,"[0.00277142, -0.00141179, -0.00468676]","[0.637266, 0.641451, 2.17198]","[1.17821, -0.0552488, 3.16813]","[0.518952, -0.613351, 1.96042]",,,,,,,,,,,,,,,,,,,,,,,,,,,,,,,,,,,,,,,,,,,,,,,,,,,,,,,,,,,,,,,,,,,,,,,,,,
,,,,,,Extras,,"[0.00139911, 0.00107293, 0.000759627]","[-0.471059, 0.764902, -0.191748]","[-1.27317, 0.0723365, -0.319756]","[-0.532526, -0.69456, -0.187759]",,,,,,,,,,,,,,,,,,,,,,,,,,,,,,,,,,,,,,,,,,,,,,,,,,,,,,,,,,,,,,,,,,,,,,,,,,
,,,,,,Extras,,"[-0.0005074, -0.00126347, -0.0208518]","[-1.13492, 0.717817, -0.121893]","[-0.525693, 1.16183, -0.140211]","[0.205618, 1.31083, -0.117163]",,,,,,,,,,,,,,,,,,,,,,,,,,,,,,,,,,,,,,,,,,,,,,,,,,,,,,,,,,,,,,,,,,,,,,,,,,
,,,,,,Extras,,"[0.000869559, 0.00123475, 0.0763876]","[-1.04406, 0.279709, 0.0876682]","[-0.676397, 1.08105, 0.199498]","[0.205423, 1.03462, 0.0942966]",,,,,,,,,,,,,,,,,,,,,,,,,,,,,,,,,,,,,,,,,,,,,,,,,,,,,,,,,,,,,,,,,,,,,,,,,,
,,,,,,Extras,,"[0.000698601, 0.000638239, -0.0131471]","[1.00704, -0.282581, -0.0428666]","[1.11541, 0.618101, -0.0730727]","[0.280507, 0.982031, -0.043732]",,,,,,,,,,,,,,,,,,,,,,,,,,,,,,,,,,,,,,,,,,,,,,,,,,,,,,,,,,,,,,,,,,,,,,,,,,
,,,,,,Extras,,"[0.00174823, 0.00047246, 0.0781814]","[0.143869, 0.89524, -2.59917]","[-0.532448, 0.888829, -3.16813]","[-0.787671, 0.282712, -2.44513]",,,,,,,,,,,,,,,,,,,,,,,,,,,,,,,,,,,,,,,,,,,,,,,,,,,,,,,,,,,,,,,,,,,,,,,,,,
,,,,,,Extras,,"[0.00125561, -0.000144903, 0.079974]","[-1.32297, -0.920321, 7.9846]","[-0.418288, -0.45409, 3.16813]","[-0.80203, -1.35303, 7.80732]",,,,,,,,,,,,,,,,,,,,,,,,,,,,,,,,,,,,,,,,,,,,,,,,,,,,,,,,,,,,,,,,,,,,,,,,,,
,,,,,,Extras,,"[0.000695759, 0.000843351, -0.0126948]","[1.7588, 0.0408799, -9.95473]","[0.549691, -0.0866688, -3.16813]","[1.62966, -0.557083, -9.72781]",,,,,,,,,,,,,,,,,,,,,,,,,,,,,,,,,,,,,,,,,,,,,,,,,,,,,,,,,,,,,,,,,,,,,,,,,,
,,,,,,Extras,,"[0.00065916, 0.000679417, -0.0217477]","[1.22749, 1.42012, -10.5241]","[0.291215, 0.480077, -3.16813]","[0.692392, 1.71927, -10.3542]",,,,,,,,,,,,,,,,,,,,,,,,,,,,,,,,,,,,,,,,,,,,,,,,,,,,,,,,,,,,,,,,,,,,,,,,,,
,,,,,,Extras,,"[0.000634008, 0.000788667, 0.0680351]","[-0.82939, -0.419871, -0.782661]","[-0.224914, -1.25523, -1.18356]","[0.61131, -0.651902, -0.759664]",,,,,,,,,,,,,,,,,,,,,,,,,,,,,,,,,,,,,,,,,,,,,,,,,,,,,,,,,,,,,,,,,,,,,,,,,,
,,,,,,Extras,,"[0.000741103, 0.000617901, 0.0957281]","[-0.512374, -0.709634, 0.556452]","[0.479023, -1.18183, 1.07104]","[0.830825, -0.138384, 0.54228]",,,,,,,,,,,,,,,,,,,,,,,,,,,,,,,,,,,,,,,,,,,,,,,,,,,,,,,,,,,,,,,,,,,,,,,,,,
,,,,,,Extras,,"[0.000737246, 0.000285653, 0.067712]","[1.22707, 0.0971376, -0.0291386]","[1.08036, -0.677505, 0.0441907]","[0.430968, -1.12603, -0.0186969]",,,,,,,,,,,,,,,,,,,,,,,,,,,,,,,,,,,,,,,,,,,,,,,,,,,,,,,,,,,,,,,,,,,,,,,,,,
,,,,,,Extras,,"[0.000375667, 0.000639282, 0.0846347]","[-0.000133933, 0.84261, -1.2291]","[-1.11124, 0.625562, -2.19191]","[-0.687485, -0.420974, -1.19966]",,,,,,,,,,,,,,,,,,,,,,,,,,,,,,,,,,,,,,,,,,,,,,,,,,,,,,,,,,,,,,,,,,,,,,,,,,
,,,,,,Extras,,"[0.0088931, -0.0048128, -0.00762873]","[-0.560568, -0.841665, 0.37937]","[0.27635, -1.24492, 0.527241]","[0.847852, -0.516261, 0.376627]",,,,,,,,,,,,,,,,,,,,,,,,,,,,,,,,,,,,,,,,,,,,,,,,,,,,,,,,,,,,,,,,,,,,,,,,,,
,,,,,,Extras,,"[-0.00569605, -0.00029689, 0.0866203]","[0.202517, -1.38532, 1.27314]","[-0.50489, -1.17102, 1.30166]","[-1.1164, -0.789718, 1.24188]",,,,,,,,,,,,,,,,,,,,,,,,,,,,,,,,,,,,,,,,,,,,,,,,,,,,,,,,,,,,,,,,,,,,,,,,,,
,,,,,,Extras,,"[0.0156521, 0.0237755, -0.1328]","[0.655703, -0.424333, -0.387412]","[-0.444078, -1.1954, -1.03984]","[-0.724941, 0.122184, -0.37189]",,,,,,,,,,,,,,,,,,,,,,,,,,,,,,,,,,,,,,,,,,,,,,,,,,,,,,,,,,,,,,,,,,,,,,,,,,
,,,,,,Extras,,"[0.00218767, 0.00312504, 0.0766574]","[-1.10648, 0.657796, 0.896446]","[-0.529698, 1.16001, 1.02597]","[0.233338, 1.22313, 0.874516]",,,,,,,,,,,,,,,,,,,,,,,,,,,,,,,,,,,,,,,,,,,,,,,,,,,,,,,,,,,,,,,,,,,,,,,,,,
,,,,,,Extras,,"[-0.00723475, -0.0109664, 0.101364]","[-3.17338, 2.17339, 2.8552]","[-1.17482, 0.495983, 1.05209]","[-3.72609, 0.829986, 2.83449]",,,,,,,,,,,,,,,,,,,,,,,,,,,,,,,,,,,,,,,,,,,,,,,,,,,,,,,,,,,,,,,,,,,,,,,,,,
,,,,,,Extras,,"[0.0027469, 0.00558039, -0.0209853]","[-0.89852, 0.372729, -0.284729]","[-1.13842, -0.574619, -0.454209]","[-0.206638, -0.91674, -0.2821]",,,,,,,,,,,,,,,,,,,,,,,,,,,,,,,,,,,,,,,,,,,,,,,,,,,,,,,,,,,,,,,,,,,,,,,,,,
,,,,,,Extras,,"[0.000371763, 0.00068649, 0.094556]","[0.113001, 0.804524, 1.99938]","[-0.722913, 0.814198, 3.16813]","[-0.712699, -0.0155551, 1.80402]",,,,,,,,,,,,,,,,,,,,,,,,,,,,,,,,,,,,,,,,,,,,,,,,,,,,,,,,,,,,,,,,,,,,,,,,,,
,,,,,,Extras,,"[0.00718847, -0.0207776, -0.0902674]","[-0.883566, -0.267726, -2.23985]","[-0.978466, 0.523133, -3.16813]","[-0.197738, 0.753505, -1.94002]",,,,,,,,,,,,,,,,,,,,,,,,,,,,,,,,,,,,,,,,,,,,,,,,,,,,,,,,,,,,,,,,,,,,,,,,,,
,,,,,,Extras,,"[0.000540417, -0.00109304, -0.0299344]","[1.48656, -0.134977, -4.1389]","[0.960648, -0.550884, -3.16813]","[0.834785, -1.14251, -3.90341]",,,,,,,,,,,,,,,,,,,,,,,,,,,,,,,,,,,,,,,,,,,,,,,,,,,,,,,,,,,,,,,,,,,,,,,,,,
,,,,,,Extras,,"[-0.000463195, 0.00732809, -0.0424965]","[-1.06913, -0.185523, -1.54074]","[-0.781728, -1.00752, -2.05163]","[0.0990788, -1.02398, -1.48242]",,,,,,,,,,,,,,,,,,,,,,,,,,,,,,,,,,,,,,,,,,,,,,,,,,,,,,,,,,,,,,,,,,,,,,,,,,
,,,,,,Extras,,"[-0.00333707, 0.00184926, -0.0188941]","[0.308386, 1.03264, 1.59474]","[-0.55715, 1.14707, 2.0551]","[-0.963001, 0.383026, 1.55412]",,,,,,,,,,,,,,,,,,,,,,,,,,,,,,,,,,,,,,,,,,,,,,,,,,,,,,,,,,,,,,,,,,,,,,,,,,
,,,,,,Extras,,"[0.000990685, -0.000695875, -0.00767927]","[-1.00157, -0.216565, -0.931304]","[-1.06533, 0.700897, -1.30223]","[-0.184153, 0.975883, -0.907457]",,,,,,,,,,,,,,,,,,,,,,,,,,,,,,,,,,,,,,,,,,,,,,,,,,,,,,,,,,,,,,,,,,,,,,,,,,
,,,,,,Extras,,"[0.0302274, -0.0285558, 0.0387053]","[0.590457, 0.596631, 2.33406]","[1.04465, -0.00350798, 3.16813]","[0.564667, -0.498266, 2.13448]",,,,,,,,,,,,,,,,,,,,,,,,,,,,,,,,,,,,,,,,,,,,,,,,,,,,,,,,,,,,,,,,,,,,,,,,,,
,,,,,,Extras,,"[-0.0180394, 0.00825318, -0.0618018]","[-0.820729, -2.02382, 7.54485]","[-0.150945, -0.908856, 3.16813]","[0.189765, -2.12345, 7.36297]",,,,,,,,,,,,,,,,,,,,,,,,,,,,,,,,,,,,,,,,,,,,,,,,,,,,,,,,,,,,,,,,,,,,,,,,,,
,,,,,,Extras,,"[0.0207381, 0.011675, -0.0503524]","[1.00771, -1.83187, -4.31089]","[0.202854, -1.25898, -2.75655]","[-0.424257, -1.99895, -4.22984]",,,,,,,,,,,,,,,,,,,,,,,,,,,,,,,,,,,,,,,,,,,,,,,,,,,,,,,,,,,,,,,,,,,,,,,,,,
,,,,,,Extras,,"[-0.204198, -0.0428915, -0.293415]","[0.200351, -0.943508, -2.17096]","[-0.751729, -1.03009, -3.06429]","[-0.845501, -0.317024, -2.04957]",,,,,,,,,,,,,,,,,,,,,,,,,,,,,,,,,,,,,,,,,,,,,,,,,,,,,,,,,,,,,,,,,,,,,,,,,,
,,,,,,Extras,,"[-0.00343251, -0.00377981, 0.0507579]","[0.797923, -0.74737, -2.997]","[0.226081, -1.08302, -3.16813]","[-0.384952, -0.932078, -2.78101]",,,,,,,,,,,,,,,,,,,,,,,,,,,,,,,,,,,,,,,,,,,,,,,,,,,,,,,,,,,,,,,,,,,,,,,,,,
,,,,,,Extras,,"[0.0183228, -0.00126133, 0.0853836]","[0.103976, 0.96648, -2.79548]","[-0.526081, 0.897977, -3.16813]","[-0.831556, 0.336545, -2.61223]",,,,,,,,,,,,,,,,,,,,,,,,,,,,,,,,,,,,,,,,,,,,,,,,,,,,,,,,,,,,,,,,,,,,,,,,,,
,,,,,,Extras,,"[0.000689055, 0.000625204, 0.076688]","[-5.06105, 3.19078, 4.16336]","[-1.05182, 0.854371, 1.00949]","[-0.622462, 0.505612, 0.597409]",,,,,,,,,,,,,,,,,,,,,,,,,,,,,,,,,,,,,,,,,,,,,,,,,,,,,,,,,,,,,,,,,,,,,,,,,,
,,,,,,Extras,,"[0.000739931, 0.000699775, 0.0762656]","[40.7092, -27.8248, 98.7622]","[1.1081, -0.775326, 2.77875]","[0.358563, -0.250884, 0.899161]",,,,,,,,,,,,,,,,,,,,,,,,,,,,,,,,,,,,,,,,,,,,,,,,,,,,,,,,,,,,,,,,,,,,,,,,,,
,,,,,,Extras,,"[0.000644675, 0.000582735, -0.109277]","[-1.56702, 1.06359, 5.29422]","[-0.67346, 0.934991, 3.16813]","[-0.506836, 1.73774, 5.05654]",,,,,,,,,,,,,,,,,,,,,,,,,,,,,,,,,,,,,,,,,,,,,,,,,,,,,,,,,,,,,,,,,,,,,,,,,,
,,,,,,Extras,,"[0.000692627, 0.000556223, 0.00146818]","[-1.03702, 0.109935, 3.40437]","[-0.739181, 0.554714, 3.16813]","[-0.38436, 0.892868, 3.18962]",,,,,,,,,,,,,,,,,,,,,,,,,,,,,,,,,,,,,,,,,,,,,,,,,,,,,,,,,,,,,,,,,,,,,,,,,,
,,,,,,Extras,,"[0.000823188, 0.000605636, 0.076419]","[0.314403, 1.04182, 3.83763]","[-0.142483, 0.844449, 3.16813]","[-0.593275, 0.844844, 3.61614]",,,,,,,,,,,,,,,,,,,,,,,,,,,,,,,,,,,,,,,,,,,,,,,,,,,,,,,,,,,,,,,,,,,,,,,,,,
,,,,,,Extras,,"[0.0133436, -0.0046056, 0.117503]","[0.539561, 1.29819, 4.45713]","[-0.142483, 0.844449, 3.16813]","[-0.593275, 0.844844, 3.61614]",,,,,,,,,,,,,,,,,,,,,,,,,,,,,,,,,,,,,,,,,,,,,,,,,,,,,,,,,,,,,,,,,,,,,,,,,,
,,,,,,Extras,,"[0.000938866, 0.00693513, -0.027999]","[-0.826862, 0.0314497, 2.74937]","[-0.739181, 0.554714, 3.16813]","[-0.38436, 0.892868, 3.18962]",,,,,,,,,,,,,,,,,,,,,,,,,,,,,,,,,,,,,,,,,,,,,,,,,,,,,,,,,,,,,,,,,,,,,,,,,,
,,,,,,MuonChambers,,,,,,604017248.0,"[-0.480186, 0.887732, 5.78382]","[-0.197029, 0.990708, 5.78391]","[-0.606112, 2.56574, 5.78427]","[-1.17844, 2.3576, 5.7841]","[-0.480215, 0.887691, 5.93082]","[-0.197058, 0.990666, 5.93091]","[-0.606141, 2.5657, 5.93127]","[-1.17847, 2.35756, 5.9311]",,,,,,,,,,,,,,,,,,,,,,,,,,,,,,,,,,,,,,,,,,,,,,,,,,,,,,,,,,,,,,,,,
,,,,,,MuonChambers,,,,,,604017760.0,"[-0.480186, 0.887732, 5.78382]","[-0.197029, 0.990708, 5.78391]","[-0.606112, 2.56574, 5.78427]","[-1.17844, 2.3576, 5.7841]","[-0.480215, 0.887691, 5.93082]","[-0.197058, 0.990666, 5.93091]","[-0.606141, 2.5657, 5.93127]","[-1.17847, 2.35756, 5.9311]",,,,,,,,,,,,,,,,,,,,,,,,,,,,,,,,,,,,,,,,,,,,,,,,,,,,,,,,,,,,,,,,,
,,,,,,MuonChambers,,,,,,604021296.0,"[-0.725248, 1.25645, 8.06162]","[-0.00263748, 1.45007, 8.06247]","[-0.154099, 3.52765, 8.06592]","[-1.63284, 3.13144, 8.06417]","[-0.725378, 1.25614, 8.24208]","[-0.00276787, 1.44976, 8.24294]","[-0.15423, 3.52734, 8.24639]","[-1.63297, 3.13113, 8.24464]",,,,,,,,,,,,,,,,,,,,,,,,,,,,,,,,,,,,,,,,,,,,,,,,,,,,,,,,,,,,,,,,,
,,,,,,MuonChambers,,,,,,604017256.0,"[-0.627913, 0.789895, 6.07674]","[-0.366848, 0.940316, 6.07654]","[-1.04232, 2.42079, 6.07702]","[-1.56999, 2.11675, 6.07744]","[-0.627799, 0.789898, 6.22374]","[-0.366734, 0.94032, 6.22354]","[-1.0422, 2.4208, 6.22402]","[-1.56988, 2.11676, 6.22444]",,,,,,,,,,,,,,,,,,,,,,,,,,,,,,,,,,,,,,,,,,,,,,,,,,,,,,,,,,,,,,,,,
,,,,,,MuonChambers,,,,,,604017768.0,"[-0.627913, 0.789895, 6.07674]","[-0.366848, 0.940316, 6.07654]","[-1.04232, 2.42079, 6.07702]","[-1.56999, 2.11675, 6.07744]","[-0.627799, 0.789898, 6.22374]","[-0.366734, 0.94032, 6.22354]","[-1.0422, 2.4208, 6.22402]","[-1.56988, 2.11676, 6.22444]",,,,,,,,,,,,,,,,,,,,,,,,,,,,,,,,,,,,,,,,,,,,,,,,,,,,,,,,,,,,,,,,,
,,,,,,MuonChambers,,,,,,604017256.0,"[-0.627913, 0.789895, 6.07674]","[-0.366848, 0.940316, 6.07654]","[-1.04232, 2.42079, 6.07702]","[-1.56999, 2.11675, 6.07744]","[-0.627799, 0.789898, 6.22374]","[-0.366734, 0.94032, 6.22354]","[-1.0422, 2.4208, 6.22402]","[-1.56988, 2.11676, 6.22444]",,,,,,,,,,,,,,,,,,,,,,,,,,,,,,,,,,,,,,,,,,,,,,,,,,,,,,,,,,,,,,,,,
,,,,,,MuonChambers,,,,,,604017768.0,"[-0.627913, 0.789895, 6.07674]","[-0.366848, 0.940316, 6.07654]","[-1.04232, 2.42079, 6.07702]","[-1.56999, 2.11675, 6.07744]","[-0.627799, 0.789898, 6.22374]","[-0.366734, 0.94032, 6.22354]","[-1.0422, 2.4208, 6.22402]","[-1.56988, 2.11676, 6.22444]",,,,,,,,,,,,,,,,,,,,,,,,,,,,,,,,,,,,,,,,,,,,,,,,,,,,,,,,,,,,,,,,,
,,,,,,MuonChambers,,,,,,604017256.0,"[-0.627913, 0.789895, 6.07674]","[-0.366848, 0.940316, 6.07654]","[-1.04232, 2.42079, 6.07702]","[-1.56999, 2.11675, 6.07744]","[-0.627799, 0.789898, 6.22374]","[-0.366734, 0.94032, 6.22354]","[-1.0422, 2.4208, 6.22402]","[-1.56988, 2.11676, 6.22444]",,,,,,,,,,,,,,,,,,,,,,,,,,,,,,,,,,,,,,,,,,,,,,,,,,,,,,,,,,,,,,,,,
,,,,,,MuonChambers,,,,,,604017768.0,"[-0.627913, 0.789895, 6.07674]","[-0.366848, 0.940316, 6.07654]","[-1.04232, 2.42079, 6.07702]","[-1.56999, 2.11675, 6.07744]","[-0.627799, 0.789898, 6.22374]","[-0.366734, 0.94032, 6.22354]","[-1.0422, 2.4208, 6.22402]","[-1.56988, 2.11676, 6.22444]",,,,,,,,,,,,,,,,,,,,,,,,,,,,,,,,,,,,,,,,,,,,,,,,,,,,,,,,,,,,,,,,,
,,,,,,MuonChambers,,,,,,604017248.0,"[-0.480186, 0.887732, 5.78382]","[-0.197029, 0.990708, 5.78391]","[-0.606112, 2.56574, 5.78427]","[-1.17844, 2.3576, 5.7841]","[-0.480215, 0.887691, 5.93082]","[-0.197058, 0.990666, 5.93091]","[-0.606141, 2.5657, 5.93127]","[-1.17847, 2.35756, 5.9311]",,,,,,,,,,,,,,,,,,,,,,,,,,,,,,,,,,,,,,,,,,,,,,,,,,,,,,,,,,,,,,,,,
,,,,,,MuonChambers,,,,,,604017256.0,"[-0.627913, 0.789895, 6.07674]","[-0.366848, 0.940316, 6.07654]","[-1.04232, 2.42079, 6.07702]","[-1.56999, 2.11675, 6.07744]","[-0.627799, 0.789898, 6.22374]","[-0.366734, 0.94032, 6.22354]","[-1.0422, 2.4208, 6.22402]","[-1.56988, 2.11676, 6.22444]",,,,,,,,,,,,,,,,,,,,,,,,,,,,,,,,,,,,,,,,,,,,,,,,,,,,,,,,,,,,,,,,,
,,,,,,MuonChambers,,,,,,604017760.0,"[-0.480186, 0.887732, 5.78382]","[-0.197029, 0.990708, 5.78391]","[-0.606112, 2.56574, 5.78427]","[-1.17844, 2.3576, 5.7841]","[-0.480215, 0.887691, 5.93082]","[-0.197058, 0.990666, 5.93091]","[-0.606141, 2.5657, 5.93127]","[-1.17847, 2.35756, 5.9311]",,,,,,,,,,,,,,,,,,,,,,,,,,,,,,,,,,,,,,,,,,,,,,,,,,,,,,,,,,,,,,,,,
,,,,,,MuonChambers,,,,,,604017768.0,"[-0.627913, 0.789895, 6.07674]","[-0.366848, 0.940316, 6.07654]","[-1.04232, 2.42079, 6.07702]","[-1.56999, 2.11675, 6.07744]","[-0.627799, 0.789898, 6.22374]","[-0.366734, 0.94032, 6.22354]","[-1.0422, 2.4208, 6.22402]","[-1.56988, 2.11676, 6.22444]",,,,,,,,,,,,,,,,,,,,,,,,,,,,,,,,,,,,,,,,,,,,,,,,,,,,,,,,,,,,,,,,,
,,,,,,MuonChambers,,,,,,604017248.0,"[-0.480186, 0.887732, 5.78382]","[-0.197029, 0.990708, 5.78391]","[-0.606112, 2.56574, 5.78427]","[-1.17844, 2.3576, 5.7841]","[-0.480215, 0.887691, 5.93082]","[-0.197058, 0.990666, 5.93091]","[-0.606141, 2.5657, 5.93127]","[-1.17847, 2.35756, 5.9311]",,,,,,,,,,,,,,,,,,,,,,,,,,,,,,,,,,,,,,,,,,,,,,,,,,,,,,,,,,,,,,,,,
,,,,,,MuonChambers,,,,,,604017760.0,"[-0.480186, 0.887732, 5.78382]","[-0.197029, 0.990708, 5.78391]","[-0.606112, 2.56574, 5.78427]","[-1.17844, 2.3576, 5.7841]","[-0.480215, 0.887691, 5.93082]","[-0.197058, 0.990666, 5.93091]","[-0.606141, 2.5657, 5.93127]","[-1.17847, 2.35756, 5.9311]",,,,,,,,,,,,,,,,,,,,,,,,,,,,,,,,,,,,,,,,,,,,,,,,,,,,,,,,,,,,,,,,,
,,,,,,MuonChambers,,,,,,604017248.0,"[-0.480186, 0.887732, 5.78382]","[-0.197029, 0.990708, 5.78391]","[-0.606112, 2.56574, 5.78427]","[-1.17844, 2.3576, 5.7841]","[-0.480215, 0.887691, 5.93082]","[-0.197058, 0.990666, 5.93091]","[-0.606141, 2.5657, 5.93127]","[-1.17847, 2.35756, 5.9311]",,,,,,,,,,,,,,,,,,,,,,,,,,,,,,,,,,,,,,,,,,,,,,,,,,,,,,,,,,,,,,,,,
,,,,,,MuonChambers,,,,,,604017256.0,"[-0.627913, 0.789895, 6.07674]","[-0.366848, 0.940316, 6.07654]","[-1.04232, 2.42079, 6.07702]","[-1.56999, 2.11675, 6.07744]","[-0.627799, 0.789898, 6.22374]","[-0.366734, 0.94032, 6.22354]","[-1.0422, 2.4208, 6.22402]","[-1.56988, 2.11676, 6.22444]",,,,,,,,,,,,,,,,,,,,,,,,,,,,,,,,,,,,,,,,,,,,,,,,,,,,,,,,,,,,,,,,,
,,,,,,MuonChambers,,,,,,604017760.0,"[-0.480186, 0.887732, 5.78382]","[-0.197029, 0.990708, 5.78391]","[-0.606112, 2.56574, 5.78427]","[-1.17844, 2.3576, 5.7841]","[-0.480215, 0.887691, 5.93082]","[-0.197058, 0.990666, 5.93091]","[-0.606141, 2.5657, 5.93127]","[-1.17847, 2.35756, 5.9311]",,,,,,,,,,,,,,,,,,,,,,,,,,,,,,,,,,,,,,,,,,,,,,,,,,,,,,,,,,,,,,,,,
,,,,,,MuonChambers,,,,,,604017768.0,"[-0.627913, 0.789895, 6.07674]","[-0.366848, 0.940316, 6.07654]","[-1.04232, 2.42079, 6.07702]","[-1.56999, 2.11675, 6.07744]","[-0.627799, 0.789898, 6.22374]","[-0.366734, 0.94032, 6.22354]","[-1.0422, 2.4208, 6.22402]","[-1.56988, 2.11676, 6.22444]",,,,,,,,,,,,,,,,,,,,,,,,,,,,,,,,,,,,,,,,,,,,,,,,,,,,,,,,,,,,,,,,,
,,,,,,Errors,,,,,,,,,,,,,,,### Error: ISpyMuon::refitTrack exception caught for TrackerMuon:,,,,,,,,,,,,,,,,,,,,,,,,,,,,,,,,,,,,,,,,,,,,,,,,,,,,,,,,,,,,,,,,
,,,,,,Errors,,,,,,,,,,,,,,,### Error: ISpyMuon::refitTrack exception caught for TrackerMuon:,,,,,,,,,,,,,,,,,,,,,,,,,,,,,,,,,,,,,,,,,,,,,,,,,,,,,,,,,,,,,,,,
,,,,,,Errors,,,,,,,,,,,,,,,### Error: ISpyMuon::refitTrack exception caught for TrackerMuon:,,,,,,,,,,,,,,,,,,,,,,,,,,,,,,,,,,,,,,,,,,,,,,,,,,,,,,,,,,,,,,,,
,,,,,,Errors,,,,,,,,,,,,,,,### Error: ISpyMuon::refitTrack exception caught for TrackerMuon:,,,,,,,,,,,,,,,,,,,,,,,,,,,,,,,,,,,,,,,,,,,,,,,,,,,,,,,,,,,,,,,,
,,,,,,Errors,,,,,,,,,,,,,,,### Error: ISpyMuon::refitTrack exception caught for TrackerMuon:,,,,,,,,,,,,,,,,,,,,,,,,,,,,,,,,,,,,,,,,,,,,,,,,,,,,,,,,,,,,,,,,
,,,,,,Errors,,,,,,,,,,,,,,,### Error: ISpyMuon::refitTrack exception caught for TrackerMuon:,,,,,,,,,,,,,,,,,,,,,,,,,,,,,,,,,,,,,,,,,,,,,,,,,,,,,,,,,,,,,,,,
,,,,,,Errors,,,,,,,,,,,,,,,### Error: ISpyMuon::refitTrack exception caught for TrackerMuon:,,,,,,,,,,,,,,,,,,,,,,,,,,,,,,,,,,,,,,,,,,,,,,,,,,,,,,,,,,,,,,,,
,,,2.47527,0.796714,,PFJets,,,,,,,,,,,,,,,,85.3607,0.847051,,,,,,,,,,,,,,,,,,,,,,,,,,,,,,,,,,,,,,,,,,,,,,,,,,,,,,,,,,,,,,
,,,-0.612743,1.45738,,PFJets,,,,,,,,,,,,,,,,76.9239,0.457538,,,,,,,,,,,,,,,,,,,,,,,,,,,,,,,,,,,,,,,,,,,,,,,,,,,,,,,,,,,,,,
,,,-2.70508,2.53928,,PFJets,,,,,,,,,,,,,,,,35.0666,0.157519,,,,,,,,,,,,,,,,,,,,,,,,,,,,,,,,,,,,,,,,,,,,,,,,,,,,,,,,,,,,,,
,,,-1.8692,-0.057254,,PFJets,,,,,,,,,,,,,,,,35.423,1.62802,,,,,,,,,,,,,,,,,,,,,,,,,,,,,,,,,,,,,,,,,,,,,,,,,,,,,,,,,,,,,,
,,,1.43067,0.780889,,PFJets,,,,,,,,,,,,,,,,31.754,0.858972,,,,,,,,,,,,,,,,,,,,,,,,,,,,,,,,,,,,,,,,,,,,,,,,,,,,,,,,,,,,,,
,,,0.144522,0.321501,,PFJets,,,,,,,,,,,,,,,,32.5271,1.2547,,,,,,,,,,,,,,,,,,,,,,,,,,,,,,,,,,,,,,,,,,,,,,,,,,,,,,,,,,,,,,
,,,-1.04253,-1.79384,,PFJets,,,,,,,,,,,,,,,,27.3121,2.81197,,,,,,,,,,,,,,,,,,,,,,,,,,,,,,,,,,,,,,,,,,,,,,,,,,,,,,,,,,,,,,
,,,0.855934,2.07625,,PFJets,,,,,,,,,,,,,,,,27.2116,0.249498,,,,,,,,,,,,,,,,,,,,,,,,,,,,,,,,,,,,,,,,,,,,,,,,,,,,,,,,,,,,,,
,,,-1.10244,3.25524,,PFJets,,,,,,,,,,,,,,,,26.4795,0.0771049,,,,,,,,,,,,,,,,,,,,,,,,,,,,,,,,,,,,,,,,,,,,,,,,,,,,,,,,,,,,,,
,,,0.219968,-1.06071,,PFJets,,,,,,,,,,,,,,,,27.343,2.475,,,,,,,,,,,,,,,,,,,,,,,,,,,,,,,,,,,,,,,,,,,,,,,,,,,,,,,,,,,,,,
,,,0.0709386,3.34692,,PFJets,,,,,,,,,,,,,,,,25.8614,0.0703564,,,,,,,,,,,,,,,,,,,,,,,,,,,,,,,,,,,,,,,,,,,,,,,,,,,,,,,,,,,,,,
,,,2.41795,-2.61937,,PFJets,,,,,,,,,,,,,,,,24.4565,2.99615,,,,,,,,,,,,,,,,,,,,,,,,,,,,,,,,,,,,,,,,,,,,,,,,,,,,,,,,,,,,,,
,,,-2.62933,-1.1479,,PFJets,,,,,,,,,,,,,,,,25.28,2.52708,,,,,,,,,,,,,,,,,,,,,,,,,,,,,,,,,,,,,,,,,,,,,,,,,,,,,,,,,,,,,,
,,,2.38128,-1.27218,,PFJets,,,,,,,,,,,,,,,,21.958,2.59517,,,,,,,,,,,,,,,,,,,,,,,,,,,,,,,,,,,,,,,,,,,,,,,,,,,,,,,,,,,,,,
,,,-0.38294,-2.95227,,PFJets,,,,,,,,,,,,,,,,20.0062,3.03725,,,,,,,,,,,,,,,,,,,,,,,,,,,,,,,,,,,,,,,,,,,,,,,,,,,,,,,,,,,,,,
,,,2.33193,-3.82575,,PFJets,,,,,,,,,,,,,,,,19.0863,3.098,,,,,,,,,,,,,,,,,,,,,,,,,,,,,,,,,,,,,,,,,,,,,,,,,,,,,,,,,,,,,,
,,,-2.47512,1.19598,,PFJets,,,,,,,,,,,,,,,,19.1637,0.587328,,,,,,,,,,,,,,,,,,,,,,,,,,,,,,,,,,,,,,,,,,,,,,,,,,,,,,,,,,,,,,
,,,1.21426,-4.10617,,PFJets,,,,,,,,,,,,,,,,18.0411,3.10865,,,,,,,,,,,,,,,,,,,,,,,,,,,,,,,,,,,,,,,,,,,,,,,,,,,,,,,,,,,,,,
,,,3.05404,-0.0631123,,PFJets,,,,,,,,,,,,,,,,19.8804,1.63387,,,,,,,,,,,,,,,,,,,,,,,,,,,,,,,,,,,,,,,,,,,,,,,,,,,,,,,,,,,,,,
,,,0.889082,-2.73549,,PFJets,,,,,,,,,,,,,,,,16.092,3.01205,,,,,,,,,,,,,,,,,,,,,,,,,,,,,,,,,,,,,,,,,,,,,,,,,,,,,,,,,,,,,,
,,,-2.17284,3.51485,,PFJets,,,,,,,,,,,,,,,,15.6671,0.0594869,,,,,,,,,,,,,,,,,,,,,,,,,,,,,,,,,,,,,,,,,,,,,,,,,,,,,,,,,,,,,,
,,,1.39487,3.15151,,PFJets,,,,,,,,,,,,,,,,15.6651,0.0855227,,,,,,,,,,,,,,,,,,,,,,,,,,,,,,,,,,,,,,,,,,,,,,,,,,,,,,,,,,,,,,
,,,-2.64739,-3.00392,,PFJets,,,,,,,,,,,,,,,,14.5833,3.04249,,,,,,,,,,,,,,,,,,,,,,,,,,,,,,,,,,,,,,,,,,,,,,,,,,,,,,,,,,,,,,
,,,1.40974,-0.878829,,PFJets,,,,,,,,,,,,,,,,14.4752,2.35439,,,,,,,,,,,,,,,,,,,,,,,,,,,,,,,,,,,,,,,,,,,,,,,,,,,,,,,,,,,,,,
,,,2.57016,3.19401,,PFJets,,,,,,,,,,,,,,,,13.6524,0.0819684,,,,,,,,,,,,,,,,,,,,,,,,,,,,,,,,,,,,,,,,,,,,,,,,,,,,,,,,,,,,,,
,,,-0.771204,4.22081,,PFJets,,,,,,,,,,,,,,,,13.5523,0.0293713,,,,,,,,,,,,,,,,,,,,,,,,,,,,,,,,,,,,,,,,,,,,,,,,,,,,,,,,,,,,,,
,,,-0.128261,-4.23481,,PFJets,,,,,,,,,,,,,,,,13.4712,3.11263,,,,,,,,,,,,,,,,,,,,,,,,,,,,,,,,,,,,,,,,,,,,,,,,,,,,,,,,,,,,,,
,,,-2.08172,-1.97298,,PFJets,,,,,,,,,,,,,,,,12.887,2.86528,,,,,,,,,,,,,,,,,,,,,,,,,,,,,,,,,,,,,,,,,,,,,,,,,,,,,,,,,,,,,,
,,,-1.32659,-3.84768,,PFJets,,,,,,,,,,,,,,,,12.5116,3.09894,,,,,,,,,,,,,,,,,,,,,,,,,,,,,,,,,,,,,,,,,,,,,,,,,,,,,,,,,,,,,,
,,,-1.36128,-0.93043,,PFJets,,,,,,,,,,,,,,,,11.9198,2.39028,,,,,,,,,,,,,,,,,,,,,,,,,,,,,,,,,,,,,,,,,,,,,,,,,,,,,,,,,,,,,,
,,,1.50254,4.20253,,PFJets,,,,,,,,,,,,,,,,11.2927,0.0299131,,,,,,,,,,,,,,,,,,,,,,,,,,,,,,,,,,,,,,,,,,,,,,,,,,,,,,,,,,,,,,
,,,-1.2688,0.878074,,PFJets,,,,,,,,,,,,,,,,11.8038,0.787734,,,,,,,,,,,,,,,,,,,,,,,,,,,,,,,,,,,,,,,,,,,,,,,,,,,,,,,,,,,,,,
,,,2.02823,1.86696,,PFJets,,,,,,,,,,,,,,,,11.0353,0.306757,,,,,,,,,,,,,,,,,,,,,,,,,,,,,,,,,,,,,,,,,,,,,,,,,,,,,,,,,,,,,,
,,,-3.01829,3.81916,,PFJets,,,,,,,,,,,,,,,,10.5316,0.0438854,,,,,,,,,,,,,,,,,,,,,,,,,,,,,,,,,,,,,,,,,,,,,,,,,,,,,,,,,,,,,,
,,,-2.81678,-4.10323,,PFJets,,,,,,,,,,,,,,,,9.98822,3.10856,,,,,,,,,,,,,,,,,,,,,,,,,,,,,,,,,,,,,,,,,,,,,,,,,,,,,,,,,,,,,,
,,,0.430153,4.34342,,PFJets,,,,,,,,,,,,,,,,9.87095,0.0259827,,,,,,,,,,,,,,,,,,,,,,,,,,,,,,,,,,,,,,,,,,,,,,,,,,,,,,,,,,,,,,
,,,2.58597,-4.70675,,PFJets,,,,,,,,,,,,,,,,9.51498,3.12352,,,,,,,,,,,,,,,,,,,,,,,,,,,,,,,,,,,,,,,,,,,,,,,,,,,,,,,,,,,,,,
,,,1.36442,-1.96499,,PFJets,,,,,,,,,,,,,,,,8.68974,2.86309,,,,,,,,,,,,,,,,,,,,,,,,,,,,,,,,,,,,,,,,,,,,,,,,,,,,,,,,,,,,,,
,,,-1.88475,4.60866,,PFJets,,,,,,,,,,,,,,,,8.44112,0.0199297,,,,,,,,,,,,,,,,,,,,,,,,,,,,,,,,,,,,,,,,,,,,,,,,,,,,,,,,,,,,,,
,,,3.08042,4.78526,,PFJets,,,,,,,,,,,,,,,,7.20675,0.0167034,,,,,,,,,,,,,,,,,,,,,,,,,,,,,,,,,,,,,,,,,,,,,,,,,,,,,,,,,,,,,,
,,,-0.29043,2.31978,,PFJets,,,,,,,,,,,,,,,,6.44639,0.195962,,,,,,,,,,,,,,,,,,,,,,,,,,,,,,,,,,,,,,,,,,,,,,,,,,,,,,,,,,,,,,
,,,-0.518297,-0.732465,,PFJets,,,,,,,,,,,,,,,,5.88967,2.24538,,,,,,,,,,,,,,,,,,,,,,,,,,,,,,,,,,,,,,,,,,,,,,,,,,,,,,,,,,,,,,
,,,-0.0206143,-1.88253,,PFJets,,,,,,,,,,,,,,,,5.10978,2.8395,,,,,,,,,,,,,,,,,,,,,,,,,,,,,,,,,,,,,,,,,,,,,,,,,,,,,,,,,,,,,,
,,,2.94289,2.12582,,PFJets,,,,,,,,,,,,,,,,5.09706,0.237547,,,,,,,,,,,,,,,,,,,,,,,,,,,,,,,,,,,,,,,,,,,,,,,,,,,,,,,,,,,,,,
,,,-0.945215,-4.86486,,PFJets,,,,,,,,,,,,,,,,5.04614,3.12617,,,,,,,,,,,,,,,,,,,,,,,,,,,,,,,,,,,,,,,,,,,,,,,,,,,,,,,,,,,,,,
,,,-1.55309,-2.80829,,PFJets,,,,,,,,,,,,,,,,5.02252,3.02112,,,,,,,,,,,,,,,,,,,,,,,,,,,,,,,,,,,,,,,,,,,,,,,,,,,,,,,,,,,,,,
,,,1.56743,-3.15829,,PFJets,,,,,,,,,,,,,,,,4.64507,3.05665,,,,,,,,,,,,,,,,,,,,,,,,,,,,,,,,,,,,,,,,,,,,,,,,,,,,,,,,,,,,,,
,,,-3.09102,-1.87048,,PFJets,,,,,,,,,,,,,,,,4.65482,2.8359,,,,,,,,,,,,,,,,,,,,,,,,,,,,,,,,,,,,,,,,,,,,,,,,,,,,,,,,,,,,,,
,,,-1.95607,1.94549,,PFJets,,,,,,,,,,,,,,,,4.16681,0.28391,,,,,,,,,,,,,,,,,,,,,,,,,,,,,,,,,,,,,,,,,,,,,,,,,,,,,,,,,,,,,,
,,,1.8663,4.88617,,PFJets,,,,,,,,,,,,,,,,3.40667,0.0151003,,,,,,,,,,,,,,,,,,,,,,,,,,,,,,,,,,,,,,,,,,,,,,,,,,,,,,,,,,,,,,
,,,-0.180056,4.99316,,PFJets,,,,,,,,,,,,,,,,3.39704,0.0135682,,,,,,,,,,,,,,,,,,,,,,,,,,,,,,,,,,,,,,,,,,,,,,,,,,,,,,,,,,,,,,
,,,1.97879,-0.146413,,PFJets,,,,,,,,,,,,,,,,3.55414,1.71669,,,,,,,,,,,,,,,,,,,,,,,,,,,,,,,,,,,,,,,,,,,,,,,,,,,,,,,,,,,,,,
,,,1.72876,-4.68384,,PFJets,,,,,,,,,,,,,,,,3.08385,3.12311,,,,,,,,,,,,,,,,,,,,,,,,,,,,,,,,,,,,,,,,,,,,,,,,,,,,,,,,,,,,,,
,,,0.498471,1.21284,,PFJets,,,,,,,,,,,,,,,,3.13026,0.57805,,,,,,,,,,,,,,,,,,,,,,,,,,,,,,,,,,,,,,,,,,,,,,,,,,,,,,,,,,,,,,
8.80615,,,-1.42821,,,PFMETs,,,,,,,,,,,,,,,,,,1.25137,-8.71678,0.0,,,,,,,,,,,,,,,,,,,,,,,,,,,,,,,,,,,,,,,,,,,,,,,,,,,,,,,,,,,
53.0195,-1.0,,-0.609773,1.46061,,PFTaus,,,,,,,,,,,,,,,,,,,,,0.0,0.0,3.11675,0.86377,1.57899,0.642548,0.736024,10.0116,,-999.0,0.0,0.0,,,1.0,,,,,,,,,,,,,,,,,,,,,,,,,,,,,,,,,,,,,,,,,,,,
3.4094,1.0,,1.57509,-0.878025,,PFTaus,,,,,,,,,,,,,,,,,,,,,0.0,0.0,0.0,1.0,0.0,0.0,0.0,0.0,,-999.0,0.0,0.0,,,1.0,,,,,,,,,,,,,,,,,,,,,,,,,,,,,,,,,,,,,,,,,,,,
3.27961,1.0,,0.79297,1.67169,,PFTaus,,,,,,,,,,,,,,,,,,,,,0.0,0.0,0.873311,0.763528,0.47075,0.47075,0.47075,1.51997,,-999.0,0.0,0.0,,,1.0,,,,,,,,,,,,,,,,,,,,,,,,,,,,,,,,,,,,,,,,,,,,
2.57172,-1.0,,-2.27273,-0.00764219,,PFTaus,,,,,,,,,,,,,,,,,,,,,0.0,0.685519,1.11942,0.245001,0.825081,0.461354,0.0,0.267743,,-999.0,0.0,0.0,,,1.0,,,,,,,,,,,,,,,,,,,,,,,,,,,,,,,,,,,,,,,,,,,,
1.58571,1.0,,-1.05374,0.464993,,PFTaus,,,,,,,,,,,,,,,,,,,,,0.0,0.762955,1.10013,0.613834,0.646856,0.646856,0.0,0.394723,,-999.0,0.0,0.0,,,1.0,,,,,,,,,,,,,,,,,,,,,,,,,,,,,,,,,,,,,,,,,,,,
1.82139,-1.0,,-1.09264,-0.831268,,PFTaus,,,,,,,,,,,,,,,,,,,,,0.0,1.40573,0.650241,0.380863,1.27008,0.505622,0.0,0.781295,,-999.0,0.0,0.0,,,1.0,,,,,,,,,,,,,,,,,,,,,,,,,,,,,,,,,,,,,,,,,,,,
0.800146,1.0,,-1.89865,-2.0446,,PFTaus,,,,,,,,,,,,,,,,,,,,,0.0,1.75423,0.546779,0.689753,0.707528,0.707528,0.707528,1.573,,-999.0,0.0,0.0,,,1.0,,,,,,,,,,,,,,,,,,,,,,,,,,,,,,,,,,,,,,,,,,,,
1.08822,-1.0,,1.2777,1.97298,,PFTaus,,,,,,,,,,,,,,,,,,,,,1.01108,1.36863,0.612039,0.754912,0.588449,0.588449,0.588449,0.577607,,-999.0,0.0,1.0,,,1.0,,,,,,,,,,,,,,,,,,,,,,,,,,,,,,,,,,,,,,,,,,,,
2.94294,1.0,,2.19131,-2.34169,,PFTaus,,,,,,,,,,,,,,,,,,,,,0.951619,2.96132,1.91834,0.560199,1.44212,0.661303,0.661303,1.83691,,-999.0,0.0,0.0,,,1.0,,,,,,,,,,,,,,,,,,,,,,,,,,,,,,,,,,,,,,,,,,,,
2.61421,-1.0,,2.38908,-1.08725,,PFTaus,,,,,,,,,,,,,,,,,,,,,4.03328,0.0,2.10733,0.246872,1.19074,0.820223,0.820223,0.0,,-999.0,0.0,0.0,,,1.0,,,,,,,,,,,,,,,,,,,,,,,,,,,,,,,,,,,,,,,,,,,,
2.31396,1.0,,-2.97369,0.217973,,PFTaus,,,,,,,,,,,,,,,,,,,,,2.55505,1.91841,0.903821,0.615589,0.842303,0.394838,0.0,0.451138,,-999.0,0.0,0.0,,,1.0,,,,,,,,,,,,,,,,,,,,,,,,,,,,,,,,,,,,,,,,,,,,
30.5255,1.0,,2.60539,0.721791,,PFTaus,,,,,,,,,,,,,,,,,,,,,2.02377,7.91762,21.0859,0.375036,1.42668,1.0,1.35135,0.787207,,-999.0,0.0,0.0,,,1.0,,,,,,,,,,,,,,,,,,,,,,,,,,,,,,,,,,,,,,,,,,,,
3.41469,-1.0,,3.111,-1.0473,,PFTaus,,,,,,,,,,,,,,,,,,,,,0.0,0.0,1.45071,0.0,1.71095,1.1578,1.1578,0.0,,-999.0,0.0,0.0,,,1.0,,,,,,,,,,,,,,,,,,,,,,,,,,,,,,,,,,,,,,,,,,,,
4.05776,1.0,,-0.463911,-0.70222,,PFTaus,,,,,,,,,,,,,,,,,,,,,0.0,0.54798,0.0,1.0,0.0,0.0,0.0,2.15722,,-999.0,0.0,0.0,,,1.0,,,,,,,,,,,,,,,,,,,,,,,,,,,,,,,,,,,,,,,,,,,,
1.83714,1.0,,1.29949,-1.742,,PFTaus,,,,,,,,,,,,,,,,,,,,,0.752654,0.0,2.27391,0.204551,4.03109,4.03109,0.0,1.0366,,-999.0,0.0,0.0,,,1.0,,,,,,,,,,,,,,,,,,,,,,,,,,,,,,,,,,,,,,,,,,,,
5.02517,-1.0,,1.63407,0.412359,,PFTaus,,,,,,,,,,,,,,,,,,,,,0.624452,0.792659,2.36537,0.543279,0.802791,0.610954,0.610954,0.725444,,-999.0,0.0,0.0,,,1.0,,,,,,,,,,,,,,,,,,,,,,,,,,,,,,,,,,,,,,,,,,,,
3.5797,-1.0,,2.93231,2.32977,,PFTaus,,,,,,,,,,,,,,,,,,,,,2.13676,0.0,0.787718,0.739607,1.81514,0.999954,0.999954,1.44403,,-999.0,0.0,0.0,,,1.0,,,,,,,,,,,,,,,,,,,,,,,,,,,,,,,,,,,,,,,,,,,,
5.26592,1.0,,0.240631,-0.95737,,PFTaus,,,,,,,,,,,,,,,,,,,,,0.901,1.66179,1.38556,0.669138,1.48721,0.756575,0.0,1.85179,,-999.0,0.0,0.0,,,1.0,,,,,,,,,,,,,,,,,,,,,,,,,,,,,,,,,,,,,,,,,,,,
3.89278,1.0,,-2.19516,-1.56938,,PFTaus,,,,,,,,,,,,,,,,,,,,,0.0,2.75827,1.52358,0.396529,3.19904,1.23259,1.0003,1.49523,,-999.0,0.0,0.0,,,1.0,,,,,,,,,,,,,,,,,,,,,,,,,,,,,,,,,,,,,,,,,,,,
3.67063,1.0,,0.63784,0.474116,,PFTaus,,,,,,,,,,,,,,,,,,,,,1.04833,3.12267,0.0,1.0,0.0,0.0,0.0,1.17418,,-999.0,0.0,0.0,,,1.0,,,,,,,,,,,,,,,,,,,,,,,,,,,,,,,,,,,,,,,,,,,,
15.3976,-1.0,,2.03746,0.875096,,PFTaus,,,,,,,,,,,,,,,,,,,,,0.838278,3.9951,0.431154,0.957552,1.09084,0.710131,0.380712,0.238175,,-999.0,0.0,0.0,,,1.0,,,,,,,,,,,,,,,,,,,,,,,,,,,,,,,,,,,,,,,,,,,,
4.21425,-1.0,,1.27403,0.924117,,PFTaus,,,,,,,,,,,,,,,,,,,,,2.80465,2.23693,1.66823,0.568037,1.82684,0.656348,1.24666,0.980452,,-0.875896,0.0,0.0,,,1.0,,,,,,,,,,,,,,,,,,,,,,,,,,,,,,,,,,,,,,,,,,,,
10.3093,0.0,,-2.91607,3.61019,,PFTaus,,,,,,,,,,,,,,,,,,,,,,,0.0,-1.0,0.0,0.0,0.0,0.0,,-1111.0,0.0,0.0,,,1.0,,,,,,,,,,,,,,,,,,,,,,,,,,,,,,,,,,,,,,,,,,,,
8.30154,0.0,,1.55481,2.93582,,PFTaus,,,,,,,,,,,,,,,,,,,,,,,0.0,-1.0,0.0,0.0,0.0,0.0,,-1111.0,0.0,0.0,,,1.0,,,,,,,,,,,,,,,,,,,,,,,,,,,,,,,,,,,,,,,,,,,,
4.35969,0.0,,-0.200146,4.76372,,PFTaus,,,,,,,,,,,,,,,,,,,,,,,0.0,-1.0,0.0,0.0,0.0,0.0,,-1111.0,0.0,0.0,,,1.0,,,,,,,,,,,,,,,,,,,,,,,,,,,,,,,,,,,,,,,,,,,,
3.11843,0.0,,-2.87497,-5.0092,,PFTaus,,,,,,,,,,,,,,,,,,,,,,,0.0,-1.0,0.0,0.0,0.0,0.0,,-1111.0,0.0,0.0,,,1.0,,,,,,,,,,,,,,,,,,,,,,,,,,,,,,,,,,,,,,,,,,,,
9.06949,0.0,,1.09128,-3.84329,,PFTaus,,,,,,,,,,,,,,,,,,,,,,,0.0,-1.0,0.0,0.0,0.0,0.0,,-1111.0,0.0,0.0,,,1.0,,,,,,,,,,,,,,,,,,,,,,,,,,,,,,,,,,,,,,,,,,,,
9.21251,0.0,,1.40234,3.83042,,PFTaus,,,,,,,,,,,,,,,,,,,,,,,0.0,-1.0,0.0,0.0,0.0,0.0,,-1111.0,0.0,0.0,,,1.0,,,,,,,,,,,,,,,,,,,,,,,,,,,,,,,,,,,,,,,,,,,,
10.3827,0.0,,1.82236,-4.10383,,PFTaus,,,,,,,,,,,,,,,,,,,,,,,0.0,-1.0,0.0,0.0,0.0,0.0,,-1111.0,0.0,0.0,,,1.0,,,,,,,,,,,,,,,,,,,,,,,,,,,,,,,,,,,,,,,,,,,,
10.6464,0.0,,-0.175784,-2.96391,,PFTaus,,,,,,,,,,,,,,,,,,,,,,,0.0,-1.0,0.0,0.0,0.0,0.0,,-1111.0,0.0,0.0,,,1.0,,,,,,,,,,,,,,,,,,,,,,,,,,,,,,,,,,,,,,,,,,,,
10.6559,0.0,,2.54911,3.11658,,PFTaus,,,,,,,,,,,,,,,,,,,,,,,0.0,-1.0,0.0,0.0,0.0,0.0,,-1111.0,0.0,0.0,,,1.0,,,,,,,,,,,,,,,,,,,,,,,,,,,,,,,,,,,,,,,,,,,,
3.92559,0.0,,2.21262,2.43455,,PFTaus,,,,,,,,,,,,,,,,,,,,,,,0.0,-1.0,0.0,0.0,0.0,0.0,,-1111.0,0.0,0.0,,,1.0,,,,,,,,,,,,,,,,,,,,,,,,,,,,,,,,,,,,,,,,,,,,
9.93301,0.0,,-0.849316,2.75269,,PFTaus,,,,,,,,,,,,,,,,,,,,,,,0.0,-1.0,0.0,0.0,0.0,0.0,,-1111.0,0.0,0.0,,,1.0,,,,,,,,,,,,,,,,,,,,,,,,,,,,,,,,,,,,,,,,,,,,
10.7907,0.0,,-2.711,-3.01825,,PFTaus,,,,,,,,,,,,,,,,,,,,,,,0.0,-1.0,0.0,0.0,0.0,0.0,,-1111.0,0.0,0.0,,,1.0,,,,,,,,,,,,,,,,,,,,,,,,,,,,,,,,,,,,,,,,,,,,
12.0633,0.0,,-1.28367,1.06989,,PFTaus,,,,,,,,,,,,,,,,,,,,,,,0.0,-1.0,0.0,0.0,0.0,0.0,,-1111.0,0.0,0.0,,,1.0,,,,,,,,,,,,,,,,,,,,,,,,,,,,,,,,,,,,,,,,,,,,
3.94607,0.0,,0.11588,-4.50591,,PFTaus,,,,,,,,,,,,,,,,,,,,,,,0.0,-1.0,0.0,0.0,0.0,0.0,,-1111.0,0.0,0.0,,,1.0,,,,,,,,,,,,,,,,,,,,,,,,,,,,,,,,,,,,,,,,,,,,
4.24689,0.0,,-1.10216,4.37871,,PFTaus,,,,,,,,,,,,,,,,,,,,,,,0.0,-1.0,0.0,0.0,0.0,0.0,,-1111.0,0.0,0.0,,,1.0,,,,,,,,,,,,,,,,,,,,,,,,,,,,,,,,,,,,,,,,,,,,
10.2171,0.0,,0.720098,2.50129,,PFTaus,,,,,,,,,,,,,,,,,,,,,,,0.0,-1.0,0.0,0.0,0.0,0.0,,-1111.0,0.0,0.0,,,1.0,,,,,,,,,,,,,,,,,,,,,,,,,,,,,,,,,,,,,,,,,,,,
9.93501,0.0,,2.58342,-4.51903,,PFTaus,,,,,,,,,,,,,,,,,,,,,,,0.0,-1.0,0.0,0.0,0.0,0.0,,-1111.0,0.0,0.0,,,1.0,,,,,,,,,,,,,,,,,,,,,,,,,,,,,,,,,,,,,,,,,,,,
9.34324,0.0,,-2.68805,2.94792,,PFTaus,,,,,,,,,,,,,,,,,,,,,,,0.0,-1.0,0.0,0.0,0.0,0.0,,-1111.0,0.0,0.0,,,1.0,,,,,,,,,,,,,,,,,,,,,,,,,,,,,,,,,,,,,,,,,,,,
9.52658,0.0,,-0.639665,4.02049,,PFTaus,,,,,,,,,,,,,,,,,,,,,,,0.0,-1.0,0.0,0.0,0.0,0.0,,-1111.0,0.0,0.0,,,1.0,,,,,,,,,,,,,,,,,,,,,,,,,,,,,,,,,,,,,,,,,,,,
5.33225,0.0,,-0.816876,-2.9311,,PFTaus,,,,,,,,,,,,,,,,,,,,,,,0.0,-1.0,0.0,0.0,0.0,0.0,,-1111.0,0.0,0.0,,,1.0,,,,,,,,,,,,,,,,,,,,,,,,,,,,,,,,,,,,,,,,,,,,
6.9118,0.0,,0.771989,3.44874,,PFTaus,,,,,,,,,,,,,,,,,,,,,,,0.0,-1.0,0.0,0.0,0.0,0.0,,-1111.0,0.0,0.0,,,1.0,,,,,,,,,,,,,,,,,,,,,,,,,,,,,,,,,,,,,,,,,,,,
6.57306,0.0,,-2.9954,4.50884,,PFTaus,,,,,,,,,,,,,,,,,,,,,,,0.0,-1.0,0.0,0.0,0.0,0.0,,-1111.0,0.0,0.0,,,1.0,,,,,,,,,,,,,,,,,,,,,,,,,,,,,,,,,,,,,,,,,,,,
18.2953,0.0,,-1.19839,3.36733,,PFTaus,,,,,,,,,,,,,,,,,,,,,,,0.0,-1.0,0.0,0.0,0.0,0.0,,-1111.0,0.0,0.0,,,1.0,,,,,,,,,,,,,,,,,,,,,,,,,,,,,,,,,,,,,,,,,,,,
5.73947,0.0,,-2.0244,1.88454,,PFTaus,,,,,,,,,,,,,,,,,,,,,,,0.0,-1.0,0.0,0.0,0.0,0.0,,-1111.0,0.0,0.0,,,1.0,,,,,,,,,,,,,,,,,,,,,,,,,,,,,,,,,,,,,,,,,,,,
5.64617,0.0,,1.49027,-3.12707,,PFTaus,,,,,,,,,,,,,,,,,,,,,,,0.0,-1.0,0.0,0.0,0.0,0.0,,-1111.0,0.0,0.0,,,1.0,,,,,,,,,,,,,,,,,,,,,,,,,,,,,,,,,,,,,,,,,,,,
5.58819,0.0,,0.797589,-4.48944,,PFTaus,,,,,,,,,,,,,,,,,,,,,,,0.0,-1.0,0.0,0.0,0.0,0.0,,-1111.0,0.0,0.0,,,1.0,,,,,,,,,,,,,,,,,,,,,,,,,,,,,,,,,,,,,,,,,,,,
5.56087,0.0,,-0.828066,-4.76042,,PFTaus,,,,,,,,,,,,,,,,,,,,,,,0.0,-1.0,0.0,0.0,0.0,0.0,,-1111.0,0.0,0.0,,,1.0,,,,,,,,,,,,,,,,,,,,,,,,,,,,,,,,,,,,,,,,,,,,
5.35057,0.0,,1.85389,4.56807,,PFTaus,,,,,,,,,,,,,,,,,,,,,,,0.0,-1.0,0.0,0.0,0.0,0.0,,-1111.0,0.0,0.0,,,1.0,,,,,,,,,,,,,,,,,,,,,,,,,,,,,,,,,,,,,,,,,,,,
14.8255,0.0,,2.19865,-3.28958,,PFTaus,,,,,,,,,,,,,,,,,,,,,,,0.0,-1.0,0.0,0.0,0.0,0.0,,-1111.0,0.0,0.0,,,1.0,,,,,,,,,,,,,,,,,,,,,,,,,,,,,,,,,,,,,,,,,,,,
22.868,0.0,,-2.64799,2.363,,PFTaus,,,,,,,,,,,,,,,,,,,,,,,0.0,-1.0,0.0,0.0,0.0,0.0,,-1111.0,0.0,0.0,,,1.0,,,,,,,,,,,,,,,,,,,,,,,,,,,,,,,,,,,,,,,,,,,,
5.06948,0.0,,2.83902,-3.05812,,PFTaus,,,,,,,,,,,,,,,,,,,,,,,0.0,-1.0,0.0,0.0,0.0,0.0,,-1111.0,0.0,0.0,,,1.0,,,,,,,,,,,,,,,,,,,,,,,,,,,,,,,,,,,,,,,,,,,,
4.79182,0.0,,-1.53933,-2.77865,,PFTaus,,,,,,,,,,,,,,,,,,,,,,,0.0,-1.0,0.0,0.0,0.0,0.0,,-1111.0,0.0,0.0,,,1.0,,,,,,,,,,,,,,,,,,,,,,,,,,,,,,,,,,,,,,,,,,,,
4.77228,0.0,,2.66366,-3.82934,,PFTaus,,,,,,,,,,,,,,,,,,,,,,,0.0,-1.0,0.0,0.0,0.0,0.0,,-1111.0,0.0,0.0,,,1.0,,,,,,,,,,,,,,,,,,,,,,,,,,,,,,,,,,,,,,,,,,,,
4.57297,0.0,,-2.82477,-1.70779,,PFTaus,,,,,,,,,,,,,,,,,,,,,,,0.0,-1.0,0.0,0.0,0.0,0.0,,-1111.0,0.0,0.0,,,1.0,,,,,,,,,,,,,,,,,,,,,,,,,,,,,,,,,,,,,,,,,,,,
21.0332,0.0,,-0.00597929,3.26876,,PFTaus,,,,,,,,,,,,,,,,,,,,,,,0.0,-1.0,0.0,0.0,0.0,0.0,,-1111.0,0.0,0.0,,,1.0,,,,,,,,,,,,,,,,,,,,,,,,,,,,,,,,,,,,,,,,,,,,
4.5518,0.0,,-0.843371,-3.70507,,PFTaus,,,,,,,,,,,,,,,,,,,,,,,0.0,-1.0,0.0,0.0,0.0,0.0,,-1111.0,0.0,0.0,,,1.0,,,,,,,,,,,,,,,,,,,,,,,,,,,,,,,,,,,,,,,,,,,,
7.51438,0.0,,-0.307839,-3.98901,,PFTaus,,,,,,,,,,,,,,,,,,,,,,,0.0,-1.0,0.0,0.0,0.0,0.0,,-1111.0,0.0,0.0,,,1.0,,,,,,,,,,,,,,,,,,,,,,,,,,,,,,,,,,,,,,,,,,,,
7.5197,0.0,,-2.0311,3.07759,,PFTaus,,,,,,,,,,,,,,,,,,,,,,,0.0,-1.0,0.0,0.0,0.0,0.0,,-1111.0,0.0,0.0,,,1.0,,,,,,,,,,,,,,,,,,,,,,,,,,,,,,,,,,,,,,,,,,,,
8.48266,0.0,,-1.91128,4.08298,,PFTaus,,,,,,,,,,,,,,,,,,,,,,,0.0,-1.0,0.0,0.0,0.0,0.0,,-1111.0,0.0,0.0,,,1.0,,,,,,,,,,,,,,,,,,,,,,,,,,,,,,,,,,,,,,,,,,,,
7.6887,0.0,,0.391196,4.22048,,PFTaus,,,,,,,,,,,,,,,,,,,,,,,0.0,-1.0,0.0,0.0,0.0,0.0,,-1111.0,0.0,0.0,,,1.0,,,,,,,,,,,,,,,,,,,,,,,,,,,,,,,,,,,,,,,,,,,,
8.0664,0.0,,-1.4954,-3.7155,,PFTaus,,,,,,,,,,,,,,,,,,,,,,,0.0,-1.0,0.0,0.0,0.0,0.0,,-1111.0,0.0,0.0,,,1.0,,,,,,,,,,,,,,,,,,,,,,,,,,,,,,,,,,,,,,,,,,,,
8.1445,0.0,,0.701926,-2.9173,,PFTaus,,,,,,,,,,,,,,,,,,,,,,,0.0,-1.0,0.0,0.0,0.0,0.0,,-1111.0,0.0,0.0,,,1.0,,,,,,,,,,,,,,,,,,,,,,,,,,,,,,,,,,,,,,,,,,,,
4.517,0.0,,2.15906,-0.0125062,,PFTaus,,,,,,,,,,,,,,,,,,,,,,,0.0,-1.0,0.0,0.0,0.0,0.0,,-1111.0,0.0,0.0,,,1.0,,,,,,,,,,,,,,,,,,,,,,,,,,,,,,,,,,,,,,,,,,,,
8.27808,0.0,,-2.81714,-4.14957,,PFTaus,,,,,,,,,,,,,,,,,,,,,,,0.0,-1.0,0.0,0.0,0.0,0.0,,-1111.0,0.0,0.0,,,1.0,,,,,,,,,,,,,,,,,,,,,,,,,,,,,,,,,,,,,,,,,,,,
1.87709,-1.0,,0.858028,-2.42495,,PFTaus,,,,,,,,,,,,,,,,,,,,,0.0,0.0,4.06551,0.0,4.7761,3.23174,0.0,0.0,,-999.0,0.0,0.0,,,1.0,,,,,,,,,,,,,,,,,,,,,,,,,,,,,,,,,,,,,,,,,,,,
3.11687,1.0,,-1.71865,-0.748793,,PFTaus,,,,,,,,,,,,,,,,,,,,,0.0,0.0,0.553657,0.490917,1.79674,0.670894,0.0,1.73263,,-999.0,0.0,0.0,,,1.0,,,,,,,,,,,,,,,,,,,,,,,,,,,,,,,,,,,,,,,,,,,,
0.663585,1.0,,2.08456,1.60059,,PFTaus,,,,,,,,,,,,,,,,,,,,,0.0,0.0,1.67996,0.0,6.31813,2.56642,0.0,0.0,,-999.0,0.0,0.0,,,1.0,,,,,,,,,,,,,,,,,,,,,,,,,,,,,,,,,,,,,,,,,,,,
1.37122,1.0,,0.123422,-1.54415,,PFTaus,,,,,,,,,,,,,,,,,,,,,0.0,0.0,1.38556,0.0,3.15786,1.04881,0.865744,0.0,,-999.0,0.0,0.0,,,1.0,,,,,,,,,,,,,,,,,,,,,,,,,,,,,,,,,,,,,,,,,,,,
1.67688,1.0,,-2.73584,1.42878,,PFTaus,,,,,,,,,,,,,,,,,,,,,0.0,0.0,0.571012,0.650588,0.584834,0.337353,0.0,1.08893,,-999.0,0.0,0.0,,,1.0,,,,,,,,,,,,,,,,,,,,,,,,,,,,,,,,,,,,,,,,,,,,
1.67526,-1.0,,-2.59848,-0.571899,,PFTaus,,,,,,,,,,,,,,,,,,,,,0.504457,0.0,1.11942,0.397834,2.42435,1.55368,0.870667,0.0,,-999.0,0.0,0.0,,,1.0,,,,,,,,,,,,,,,,,,,,,,,,,,,,,,,,,,,,,,,,,,,,
1.73765,1.0,,1.12731,-0.150723,,PFTaus,,,,,,,,,,,,,,,,,,,,,0.0,0.531509,1.23964,0.54401,2.15447,2.15447,0.0,0.0,,-999.0,0.0,0.0,,,1.0,,,,,,,,,,,,,,,,,,,,,,,,,,,,,,,,,,,,,,,,,,,,
1.89388,1.0,,2.54528,1.75169,,PFTaus,,,,,,,,,,,,,,,,,,,,,0.0,0.561602,0.0,1.0,0.0,0.0,0.0,0.253301,,-999.0,0.0,1.0,,,1.0,,,,,,,,,,,,,,,,,,,,,,,,,,,,,,,,,,,,,,,,,,,,
4.02487,-1.0,,-1.62056,0.262028,,PFTaus,,,,,,,,,,,,,,,,,,,,,0.784067,0.0,2.6537,0.451188,1.76439,0.914691,0.392468,1.0,,-999.0,0.0,0.0,,,1.0,,,,,,,,,,,,,,,,,,,,,,,,,,,,,,,,,,,,,,,,,,,,
1.04593,-1.0,,-0.273571,-0.0409727,,PFTaus,,,,,,,,,,,,,,,,,,,,,0.0,0.800981,0.0,1.0,0.0,0.0,0.0,0.768779,,-999.0,0.0,0.0,,,1.0,,,,,,,,,,,,,,,,,,,,,,,,,,,,,,,,,,,,,,,,,,,,
1.13917,-1.0,,-1.0244,-2.05508,,PFTaus,,,,,,,,,,,,,,,,,,,,,1.1048,0.0,1.02045,0.0,0.710888,0.710888,0.0,0.0,,-999.0,0.0,0.0,,,1.0,,,,,,,,,,,,,,,,,,,,,,,,,,,,,,,,,,,,,,,,,,,,
1.53401,-1.0,,-2.27489,0.708615,,PFTaus,,,,,,,,,,,,,,,,,,,,,0.0,1.1984,0.0,1.0,0.0,0.0,0.0,1.03179,,-999.0,0.0,0.0,,,1.0,,,,,,,,,,,,,,,,,,,,,,,,,,,,,,,,,,,,,,,,,,,,
1.72272,1.0,,-0.0275442,1.10875,,PFTaus,,,,,,,,,,,,,,,,,,,,,0.0,1.2624,2.81491,0.174111,2.59723,1.62336,2.59723,0.0,,-999.0,0.0,0.0,,,1.0,,,,,,,,,,,,,,,,,,,,,,,,,,,,,,,,,,,,,,,,,,,,
0.650455,1.0,,-0.533895,-2.38542,,PFTaus,,,,,,,,,,,,,,,,,,,,,0.0,1.33744,2.87875,0.269667,8.31006,6.77604,0.857137,0.0,,-999.0,0.0,0.0,,,1.0,,,,,,,,,,,,,,,,,,,,,,,,,,,,,,,,,,,,,,,,,,,,
2.45866,1.0,,-0.289323,1.85786,,PFTaus,,,,,,,,,,,,,,,,,,,,,0.0,1.49146,3.44028,0.181891,2.26487,1.95654,0.308332,0.170622,,-999.0,0.0,0.0,,,1.0,,,,,,,,,,,,,,,,,,,,,,,,,,,,,,,,,,,,,,,,,,,,
4.04939,-1.0,,0.0565579,-0.175727,,PFTaus,,,,,,,,,,,,,,,,,,,,,0.0,1.5126,0.0,1.0,0.0,0.0,0.0,1.71402,,-0.745362,0.0,0.0,,,1.0,,,,,,,,,,,,,,,,,,,,,,,,,,,,,,,,,,,,,,,,,,,,
0.789917,-1.0,,2.81157,-2.37903,,PFTaus,,,,,,,,,,,,,,,,,,,,,0.0,1.55011,2.22565,0.265103,6.08402,4.31,0.0,0.0,,-999.0,0.0,0.0,,,1.0,,,,,,,,,,,,,,,,,,,,,,,,,,,,,,,,,,,,,,,,,,,,
4.05487,-1.0,,0.190455,0.602438,,PFTaus,,,,,,,,,,,,,,,,,,,,,0.575004,1.30925,2.53018,0.654673,1.1101,0.897741,0.897741,0.897037,,-999.0,0.0,0.0,,,1.0,,,,,,,,,,,,,,,,,,,,,,,,,,,,,,,,,,,,,,,,,,,,
1.41603,-1.0,,1.91034,-1.3711,,PFTaus,,,,,,,,,,,,,,,,,,,,,2.65514,0.538266,0.970718,0.485448,0.538819,0.538819,0.0,0.0,,-999.0,0.0,0.0,,,1.0,,,,,,,,,,,,,,,,,,,,,,,,,,,,,,,,,,,,,,,,,,,,
0.734311,1.0,,3.04694,0.111739,,PFTaus,,,,,,,,,,,,,,,,,,,,,3.55941,1.65825,1.01534,0.661574,1.97766,1.37917,0.598489,0.380636,,-999.0,0.0,0.0,,,1.0,,,,,,,,,,,,,,,,,,,,,,,,,,,,,,,,,,,,,,,,,,,,
,,,-0.611202,1.44288,,Photons,"[0.000703995, 0.000635319, 0.076625]",,,,,,,,,,,,,,,48.8952,,,,,,,,,,,,,,,,,,,,109.26,0.0558328,0.0558328,0.0,73.901,103.011,76.8556,104.567,39.4327,0.00824902,0.00841581,0.706734,0.985122,0.721443,3.54214,5.71633,4.78046,0.935863,0.0,0.0,0.0,0.0,1.77528,2.31613,2.00794,0.308187,0.0,0.0,0.0,0.0,,,,,,,,,,,,,,
,,,2.03454,0.841811,,Photons,"[0.000703995, 0.000635319, 0.076625]",,,,,,,,,,,,,,,14.6609,,,,,,,,,,,,,,,,,,,,20.1698,0.0,0.0,0.0,16.1361,19.1512,19.2718,20.1631,14.3497,0.0100572,0.0102635,0.800282,0.949818,0.942878,7.05598,2.67305,2.67305,0.0,0.0,0.0,0.0,0.0,3.94311,2.67305,2.67305,0.0,0.0,0.0,0.0,0.0,,,,,,,,,,,,,,
5.98292,1.0,,2.57908,0.649284,,GsfElectrons,"[0.000689055, 0.000625204, 0.076688]",,,,,,,,,,,,,,,,,,,,,,,,,,,,,,,,,,,,,,,,,,,,,,,,,,,,,,,,,,,,,,,,,"[-5.06105, 3.19078, 4.16336]",,,,,,,,,,,,,
49.3098,1.0,,-0.599568,1.44493,,GsfElectrons,"[0.000739931, 0.000699775, 0.0762656]",,,,,,,,,,,,,,,,,,,,,,,,,,,,,,,,,,,,,,,,,,,,,,,,,,,,,,,,,,,,,,,,,"[40.7092, -27.8248, 98.7622]",,,,,,,,,,,,,
1.89388,1.0,,2.54528,1.75169,,TrackerMuons,"[0.000644675, 0.000582735, -0.109277]",,,,,,,,,,,,,,,,,,,,,,,,,,,,,,,,,,,,,,,,,,,,,,,,,,,,,,,,,,,,,,,,,,,,,,,,,,,,,,
1.04283,1.0,,3.03598,1.89894,,TrackerMuons,"[0.000692627, 0.000556223, 0.00146818]",,,,,,,,,,,,,,,,,,,,,,,,,,,,,,,,,,,,,,,,,,,,,,,,,,,,,,,,,,,,,,,,,,,,,,,,,,,,,,
1.08822,-1.0,,1.2777,1.97298,,TrackerMuons,"[0.000823188, 0.000605636, 0.076419]",,,,,,,,,,,,,,,,,,,,,,,,,,,,,,,,,,,,,,,,,,,,,,,,,,,,,,,,,,,,,,,,,,,,,,,,,,,,,,
1.40585,-1.0,,1.17689,1.871,,TrackerMuons,"[0.0133436, -0.0046056, 0.117503]",,,,,,,,,,,,,,,,,,,,,,,,,,,,,,,,,,,,,,,,,,,,,,,,,,,,,,,,,,,,,,,,,,,,,,,,,,,,,,
0.82746,1.0,,3.10358,1.91583,,TrackerMuons,"[0.000938866, 0.00693513, -0.027999]",,,,,,,,,,,,,,,,,,,,,,,,,,,,,,,,,,,,,,,,,,,,,,,,,,,,,,,,,,,,,,,,,,,,,,,,,,,,,,
,,,,,,TriggerPaths,,,,,,,,,,,,,,,0,,,,,,,,,,,,,,,,,,,,,,,,,,,,,,,,,,,,,,,,,,,,,,,,,,,,HLTriggerFirstPath,0.0,1.0,0.0,,,,,,,,,
,,,,,,TriggerPaths,,,,,,,,,,,,,,,0,,,,,,,,,,,,,,,,,,,,,,,,,,,,,,,,,,,,,,,,,,,,,,,,,,,,HLT_Activity_Ecal_SC7_v13,1.0,1.0,0.0,,,,,,,,,
,,,,,,TriggerPaths,,,,,,,,,,,,,,,0,,,,,,,,,,,,,,,,,,,,,,,,,,,,,,,,,,,,,,,,,,,,,,,,,,,,HLT_L1SingleJet16_v7,2.0,1.0,0.0,,,,,,,,,
,,,,,,TriggerPaths,,,,,,,,,,,,,,,0,,,,,,,,,,,,,,,,,,,,,,,,,,,,,,,,,,,,,,,,,,,,,,,,,,,,HLT_L1SingleJet36_v7,3.0,1.0,0.0,,,,,,,,,
,,,,,,TriggerPaths,,,,,,,,,,,,,,,0,,,,,,,,,,,,,,,,,,,,,,,,,,,,,,,,,,,,,,,,,,,,,,,,,,,,HLT_PFJet40_v7,4.0,1.0,0.0,,,,,,,,,
,,,,,,TriggerPaths,,,,,,,,,,,,,,,0,,,,,,,,,,,,,,,,,,,,,,,,,,,,,,,,,,,,,,,,,,,,,,,,,,,,HLT_PFJet80_v8,5.0,1.0,0.0,,,,,,,,,
,,,,,,TriggerPaths,,,,,,,,,,,,,,,0,,,,,,,,,,,,,,,,,,,,,,,,,,,,,,,,,,,,,,,,,,,,,,,,,,,,HLT_PFJet140_v8,6.0,1.0,0.0,,,,,,,,,
,,,,,,TriggerPaths,,,,,,,,,,,,,,,0,,,,,,,,,,,,,,,,,,,,,,,,,,,,,,,,,,,,,,,,,,,,,,,,,,,,HLT_PFJet200_v8,7.0,1.0,0.0,,,,,,,,,
,,,,,,TriggerPaths,,,,,,,,,,,,,,,0,,,,,,,,,,,,,,,,,,,,,,,,,,,,,,,,,,,,,,,,,,,,,,,,,,,,HLT_PFJet260_v8,8.0,1.0,0.0,,,,,,,,,
,,,,,,TriggerPaths,,,,,,,,,,,,,,,0,,,,,,,,,,,,,,,,,,,,,,,,,,,,,,,,,,,,,,,,,,,,,,,,,,,,HLT_PFJet320_v8,9.0,1.0,0.0,,,,,,,,,
,,,,,,TriggerPaths,,,,,,,,,,,,,,,0,,,,,,,,,,,,,,,,,,,,,,,,,,,,,,,,,,,,,,,,,,,,,,,,,,,,HLT_Jet370_NoJetID_v15,10.0,1.0,0.0,,,,,,,,,
,,,,,,TriggerPaths,,,,,,,,,,,,,,,0,,,,,,,,,,,,,,,,,,,,,,,,,,,,,,,,,,,,,,,,,,,,,,,,,,,,HLT_PFJet400_v8,11.0,1.0,0.0,,,,,,,,,
,,,,,,TriggerPaths,,,,,,,,,,,,,,,0,,,,,,,,,,,,,,,,,,,,,,,,,,,,,,,,,,,,,,,,,,,,,,,,,,,,HLT_MonoCentralPFJet80_PFMETnoMu105_NHEF0p95_v3,12.0,1.0,0.0,,,,,,,,,
,,,,,,TriggerPaths,,,,,,,,,,,,,,,0,,,,,,,,,,,,,,,,,,,,,,,,,,,,,,,,,,,,,,,,,,,,,,,,,,,,HLT_SingleForJet25_v4,13.0,1.0,0.0,,,,,,,,,
,,,,,,TriggerPaths,,,,,,,,,,,,,,,0,,,,,,,,,,,,,,,,,,,,,,,,,,,,,,,,,,,,,,,,,,,,,,,,,,,,HLT_SingleForJet15_v4,14.0,1.0,0.0,,,,,,,,,
,,,,,,TriggerPaths,,,,,,,,,,,,,,,0,,,,,,,,,,,,,,,,,,,,,,,,,,,,,,,,,,,,,,,,,,,,,,,,,,,,HLT_DiPFJetAve40_v8,15.0,1.0,0.0,,,,,,,,,
,,,,,,TriggerPaths,,,,,,,,,,,,,,,0,,,,,,,,,,,,,,,,,,,,,,,,,,,,,,,,,,,,,,,,,,,,,,,,,,,,HLT_DiPFJetAve80_v9,16.0,1.0,0.0,,,,,,,,,
,,,,,,TriggerPaths,,,,,,,,,,,,,,,0,,,,,,,,,,,,,,,,,,,,,,,,,,,,,,,,,,,,,,,,,,,,,,,,,,,,HLT_DiPFJetAve140_v9,17.0,1.0,0.0,,,,,,,,,
,,,,,,TriggerPaths,,,,,,,,,,,,,,,0,,,,,,,,,,,,,,,,,,,,,,,,,,,,,,,,,,,,,,,,,,,,,,,,,,,,HLT_DiPFJetAve200_v9,18.0,1.0,0.0,,,,,,,,,
,,,,,,TriggerPaths,,,,,,,,,,,,,,,0,,,,,,,,,,,,,,,,,,,,,,,,,,,,,,,,,,,,,,,,,,,,,,,,,,,,HLT_DiPFJetAve260_v9,19.0,1.0,0.0,,,,,,,,,
,,,,,,TriggerPaths,,,,,,,,,,,,,,,0,,,,,,,,,,,,,,,,,,,,,,,,,,,,,,,,,,,,,,,,,,,,,,,,,,,,HLT_DiPFJetAve320_v9,20.0,1.0,0.0,,,,,,,,,
,,,,,,TriggerPaths,,,,,,,,,,,,,,,0,,,,,,,,,,,,,,,,,,,,,,,,,,,,,,,,,,,,,,,,,,,,,,,,,,,,HLT_DiPFJetAve400_v9,21.0,1.0,0.0,,,,,,,,,
,,,,,,TriggerPaths,,,,,,,,,,,,,,,0,,,,,,,,,,,,,,,,,,,,,,,,,,,,,,,,,,,,,,,,,,,,,,,,,,,,HLT_FatDiPFJetMass750_DR1p1_Deta1p5_v9,22.0,1.0,0.0,,,,,,,,,
,,,,,,TriggerPaths,,,,,,,,,,,,,,,0,,,,,,,,,,,,,,,,,,,,,,,,,,,,,,,,,,,,,,,,,,,,,,,,,,,,HLT_DoubleJet20_ForwardBackward_v4,23.0,1.0,0.0,,,,,,,,,
,,,,,,TriggerPaths,,,,,,,,,,,,,,,0,,,,,,,,,,,,,,,,,,,,,,,,,,,,,,,,,,,,,,,,,,,,,,,,,,,,HLT_DiJet80_DiJet60_DiJet20_v5,24.0,1.0,0.0,,,,,,,,,
,,,,,,TriggerPaths,,,,,,,,,,,,,,,0,,,,,,,,,,,,,,,,,,,,,,,,,,,,,,,,,,,,,,,,,,,,,,,,,,,,HLT_DiPFJet40_PFMETnoMu65_MJJ800VBF_AllJets_v8,25.0,1.0,0.0,,,,,,,,,
,,,,,,TriggerPaths,,,,,,,,,,,,,,,0,,,,,,,,,,,,,,,,,,,,,,,,,,,,,,,,,,,,,,,,,,,,,,,,,,,,HLT_DiPFJet40_PFMETnoMu65_MJJ600VBF_LeadingJets_v8,26.0,1.0,0.0,,,,,,,,,
,,,,,,TriggerPaths,,,,,,,,,,,,,,,0,,,,,,,,,,,,,,,,,,,,,,,,,,,,,,,,,,,,,,,,,,,,,,,,,,,,HLT_DiJet40Eta2p6_BTagIP3DFastPV_v7,27.0,1.0,0.0,,,,,,,,,
,,,,,,TriggerPaths,,,,,,,,,,,,,,,0,,,,,,,,,,,,,,,,,,,,,,,,,,,,,,,,,,,,,,,,,,,,,,,,,,,,HLT_DiJet80Eta2p6_BTagIP3DFastPVLoose_v7,28.0,1.0,0.0,,,,,,,,,
,,,,,,TriggerPaths,,,,,,,,,,,,,,,0,,,,,,,,,,,,,,,,,,,,,,,,,,,,,,,,,,,,,,,,,,,,,,,,,,,,HLT_Jet60Eta1p7_Jet53Eta1p7_DiBTagIP3DFastPV_v7,29.0,1.0,0.0,,,,,,,,,
,,,,,,TriggerPaths,,,,,,,,,,,,,,,0,,,,,,,,,,,,,,,,,,,,,,,,,,,,,,,,,,,,,,,,,,,,,,,,,,,,HLT_Jet80Eta1p7_Jet70Eta1p7_DiBTagIP3DFastPV_v7,30.0,1.0,0.0,-84/133 -86/135 ,,,,,,,,
,,,,,,TriggerPaths,,,,,,,,,,,,,,,0,,,,,,,,,,,,,,,,,,,,,,,,,,,,,,,,,,,,,,,,,,,,,,,,,,,,HLT_Jet160Eta2p4_Jet120Eta2p4_DiBTagIP3DFastPVLoose_v7,31.0,1.0,0.0,,,,,,,,,
,,,,,,TriggerPaths,,,,,,,,,,,,,,,0,,,,,,,,,,,,,,,,,,,,,,,,,,,,,,,,,,,,,,,,,,,,,,,,,,,,HLT_QuadJet50_v5,32.0,1.0,0.0,-84/133 -86/135 85/19 85/20 ,,,,,,,,
,,,,,,TriggerPaths,,,,,,,,,,,,,,,0,,,,,,,,,,,,,,,,,,,,,,,,,,,,,,,,,,,,,,,,,,,,,,,,,,,,HLT_QuadJet50_Jet20_v4,33.0,1.0,0.0,-84/133 -86/135 85/19 85/20 ,,,,,,,,
,,,,,,TriggerPaths,,,,,,,,,,,,,,,0,,,,,,,,,,,,,,,,,,,,,,,,,,,,,,,,,,,,,,,,,,,,,,,,,,,,HLT_QuadJet60_DiJet20_v5,34.0,1.0,0.0,,,,,,,,,
,,,,,,TriggerPaths,,,,,,,,,,,,,,,0,,,,,,,,,,,,,,,,,,,,,,,,,,,,,,,,,,,,,,,,,,,,,,,,,,,,HLT_QuadJet70_v6,35.0,1.0,0.0,,,,,,,,,
,,,,,,TriggerPaths,,,,,,,,,,,,,,,0,,,,,,,,,,,,,,,,,,,,,,,,,,,,,,,,,,,,,,,,,,,,,,,,,,,,HLT_QuadJet80_v6,36.0,1.0,0.0,,,,,,,,,
,,,,,,TriggerPaths,,,,,,,,,,,,,,,0,,,,,,,,,,,,,,,,,,,,,,,,,,,,,,,,,,,,,,,,,,,,,,,,,,,,HLT_QuadJet90_v6,37.0,1.0,0.0,,,,,,,,,
,,,,,,TriggerPaths,,,,,,,,,,,,,,,0,,,,,,,,,,,,,,,,,,,,,,,,,,,,,,,,,,,,,,,,,,,,,,,,,,,,HLT_QuadJet75_55_35_20_BTagIP_VBF_v6,38.0,1.0,0.0,,,,,,,,,
,,,,,,TriggerPaths,,,,,,,,,,,,,,,0,,,,,,,,,,,,,,,,,,,,,,,,,,,,,,,,,,,,,,,,,,,,,,,,,,,,HLT_QuadJet75_55_38_20_BTagIP_VBF_v6,39.0,1.0,0.0,,,,,,,,,
,,,,,,TriggerPaths,,,,,,,,,,,,,,,0,,,,,,,,,,,,,,,,,,,,,,,,,,,,,,,,,,,,,,,,,,,,,,,,,,,,HLT_QuadPFJet78_61_44_31_BTagCSV_VBF_v4,40.0,1.0,0.0,,,,,,,,,
,,,,,,TriggerPaths,,,,,,,,,,,,,,,0,,,,,,,,,,,,,,,,,,,,,,,,,,,,,,,,,,,,,,,,,,,,,,,,,,,,HLT_QuadPFJet82_65_48_35_BTagCSV_VBF_v4,41.0,1.0,0.0,,,,,,,,,
,,,,,,TriggerPaths,,,,,,,,,,,,,,,0,,,,,,,,,,,,,,,,,,,,,,,,,,,,,,,,,,,,,,,,,,,,,,,,,,,,HLT_SixJet35_v6,42.0,1.0,0.0,,,,,,,,,
,,,,,,TriggerPaths,,,,,,,,,,,,,,,0,,,,,,,,,,,,,,,,,,,,,,,,,,,,,,,,,,,,,,,,,,,,,,,,,,,,HLT_SixJet45_v6,43.0,1.0,0.0,,,,,,,,,
,,,,,,TriggerPaths,,,,,,,,,,,,,,,0,,,,,,,,,,,,,,,,,,,,,,,,,,,,,,,,,,,,,,,,,,,,,,,,,,,,HLT_SixJet50_v6,44.0,1.0,0.0,,,,,,,,,
,,,,,,TriggerPaths,,,,,,,,,,,,,,,0,,,,,,,,,,,,,,,,,,,,,,,,,,,,,,,,,,,,,,,,,,,,,,,,,,,,HLT_EightJet30_eta3p0_v5,45.0,1.0,0.0,,,,,,,,,
,,,,,,TriggerPaths,,,,,,,,,,,,,,,0,,,,,,,,,,,,,,,,,,,,,,,,,,,,,,,,,,,,,,,,,,,,,,,,,,,,HLT_EightJet35_eta3p0_v5,46.0,1.0,0.0,,,,,,,,,
,,,,,,TriggerPaths,,,,,,,,,,,,,,,0,,,,,,,,,,,,,,,,,,,,,,,,,,,,,,,,,,,,,,,,,,,,,,,,,,,,HLT_ExclDiJet35_HFOR_v4,47.0,1.0,0.0,,,,,,,,,
,,,,,,TriggerPaths,,,,,,,,,,,,,,,0,,,,,,,,,,,,,,,,,,,,,,,,,,,,,,,,,,,,,,,,,,,,,,,,,,,,HLT_ExclDiJet35_HFAND_v4,48.0,1.0,0.0,,,,,,,,,
,,,,,,TriggerPaths,,,,,,,,,,,,,,,0,,,,,,,,,,,,,,,,,,,,,,,,,,,,,,,,,,,,,,,,,,,,,,,,,,,,HLT_ExclDiJet80_HFAND_v4,49.0,1.0,0.0,-84/133 -86/135 ,,,,,,,,
,,,,,,TriggerPaths,,,,,,,,,,,,,,,0,,,,,,,,,,,,,,,,,,,,,,,,,,,,,,,,,,,,,,,,,,,,,,,,,,,,HLT_JetE30_NoBPTX_v14,50.0,1.0,0.0,,,,,,,,,
,,,,,,TriggerPaths,,,,,,,,,,,,,,,0,,,,,,,,,,,,,,,,,,,,,,,,,,,,,,,,,,,,,,,,,,,,,,,,,,,,HLT_JetE30_NoBPTX3BX_NoHalo_v16,51.0,1.0,0.0,,,,,,,,,
,,,,,,TriggerPaths,,,,,,,,,,,,,,,0,,,,,,,,,,,,,,,,,,,,,,,,,,,,,,,,,,,,,,,,,,,,,,,,,,,,HLT_JetE50_NoBPTX3BX_NoHalo_v13,52.0,1.0,0.0,,,,,,,,,
,,,,,,TriggerPaths,,,,,,,,,,,,,,,0,,,,,,,,,,,,,,,,,,,,,,,,,,,,,,,,,,,,,,,,,,,,,,,,,,,,HLT_JetE70_NoBPTX3BX_NoHalo_v5,53.0,1.0,0.0,,,,,,,,,
,,,,,,TriggerPaths,,,,,,,,,,,,,,,0,,,,,,,,,,,,,,,,,,,,,,,,,,,,,,,,,,,,,,,,,,,,,,,,,,,,HLT_HT200_AlphaT0p57_v8,54.0,1.0,0.0,-84/133 -86/135 ,,,,,,,,
,,,,,,TriggerPaths,,,,,,,,,,,,,,,0,,,,,,,,,,,,,,,,,,,,,,,,,,,,,,,,,,,,,,,,,,,,,,,,,,,,HLT_HT200_v6,55.0,1.0,0.0,-84/133 -86/135 ,,,,,,,,
,,,,,,TriggerPaths,,,,,,,,,,,,,,,0,,,,,,,,,,,,,,,,,,,,,,,,,,,,,,,,,,,,,,,,,,,,,,,,,,,,HLT_HT250_AlphaT0p55_v8,56.0,1.0,0.0,-84/133 -86/135 ,,,,,,,,
,,,,,,TriggerPaths,,,,,,,,,,,,,,,0,,,,,,,,,,,,,,,,,,,,,,,,,,,,,,,,,,,,,,,,,,,,,,,,,,,,HLT_HT250_AlphaT0p57_v8,57.0,1.0,0.0,-84/133 -86/135 ,,,,,,,,
,,,,,,TriggerPaths,,,,,,,,,,,,,,,0,,,,,,,,,,,,,,,,,,,,,,,,,,,,,,,,,,,,,,,,,,,,,,,,,,,,HLT_HT250_v7,58.0,1.0,0.0,-84/133 -86/135 ,,,,,,,,
,,,,,,TriggerPaths,,,,,,,,,,,,,,,0,,,,,,,,,,,,,,,,,,,,,,,,,,,,,,,,,,,,,,,,,,,,,,,,,,,,HLT_HT300_AlphaT0p53_v8,59.0,1.0,0.0,-84/133 -86/135 ,,,,,,,,
,,,,,,TriggerPaths,,,,,,,,,,,,,,,0,,,,,,,,,,,,,,,,,,,,,,,,,,,,,,,,,,,,,,,,,,,,,,,,,,,,HLT_HT300_AlphaT0p54_v14,60.0,1.0,0.0,-84/133 -86/135 ,,,,,,,,
,,,,,,TriggerPaths,,,,,,,,,,,,,,,0,,,,,,,,,,,,,,,,,,,,,,,,,,,,,,,,,,,,,,,,,,,,,,,,,,,,HLT_HT300_v7,61.0,1.0,0.0,-84/133 -86/135 ,,,,,,,,
,,,,,,TriggerPaths,,,,,,,,,,,,,,,0,,,,,,,,,,,,,,,,,,,,,,,,,,,,,,,,,,,,,,,,,,,,,,,,,,,,HLT_HT300_DoubleDisplacedPFJet60_v9,62.0,1.0,0.0,,,,,,,,,
,,,,,,TriggerPaths,,,,,,,,,,,,,,,0,,,,,,,,,,,,,,,,,,,,,,,,,,,,,,,,,,,,,,,,,,,,,,,,,,,,HLT_HT300_DoubleDisplacedPFJet60_ChgFraction10_v9,63.0,1.0,0.0,,,,,,,,,
,,,,,,TriggerPaths,,,,,,,,,,,,,,,0,,,,,,,,,,,,,,,,,,,,,,,,,,,,,,,,,,,,,,,,,,,,,,,,,,,,HLT_HT300_SingleDisplacedPFJet60_v9,64.0,1.0,0.0,,,,,,,,,
,,,,,,TriggerPaths,,,,,,,,,,,,,,,0,,,,,,,,,,,,,,,,,,,,,,,,,,,,,,,,,,,,,,,,,,,,,,,,,,,,HLT_HT300_SingleDisplacedPFJet60_ChgFraction10_v9,65.0,1.0,0.0,,,,,,,,,
,,,,,,TriggerPaths,,,,,,,,,,,,,,,0,,,,,,,,,,,,,,,,,,,,,,,,,,,,,,,,,,,,,,,,,,,,,,,,,,,,HLT_HT350_v7,66.0,1.0,0.0,-84/133 -86/135 ,,,,,,,,
,,,,,,TriggerPaths,,,,,,,,,,,,,,,0,,,,,,,,,,,,,,,,,,,,,,,,,,,,,,,,,,,,,,,,,,,,,,,,,,,,HLT_HT350_AlphaT0p52_v8,67.0,1.0,0.0,-84/133 -86/135 ,,,,,,,,
,,,,,,TriggerPaths,,,,,,,,,,,,,,,0,,,,,,,,,,,,,,,,,,,,,,,,,,,,,,,,,,,,,,,,,,,,,,,,,,,,HLT_HT350_AlphaT0p53_v19,68.0,1.0,0.0,-84/133 -86/135 ,,,,,,,,
,,,,,,TriggerPaths,,,,,,,,,,,,,,,0,,,,,,,,,,,,,,,,,,,,,,,,,,,,,,,,,,,,,,,,,,,,,,,,,,,,HLT_HT400_v7,69.0,1.0,0.0,-84/133 -86/135 ,,,,,,,,
,,,,,,TriggerPaths,,,,,,,,,,,,,,,0,,,,,,,,,,,,,,,,,,,,,,,,,,,,,,,,,,,,,,,,,,,,,,,,,,,,HLT_HT400_AlphaT0p51_v19,70.0,1.0,0.0,-84/133 -86/135 ,,,,,,,,
,,,,,,TriggerPaths,,,,,,,,,,,,,,,0,,,,,,,,,,,,,,,,,,,,,,,,,,,,,,,,,,,,,,,,,,,,,,,,,,,,HLT_HT400_AlphaT0p52_v14,71.0,1.0,0.0,-84/133 -86/135 ,,,,,,,,
,,,,,,TriggerPaths,,,,,,,,,,,,,,,0,,,,,,,,,,,,,,,,,,,,,,,,,,,,,,,,,,,,,,,,,,,,,,,,,,,,HLT_HT450_AlphaT0p51_v14,72.0,1.0,0.0,-84/133 -86/135 ,,,,,,,,
,,,,,,TriggerPaths,,,,,,,,,,,,,,,0,,,,,,,,,,,,,,,,,,,,,,,,,,,,,,,,,,,,,,,,,,,,,,,,,,,,HLT_HT450_v7,73.0,1.0,0.0,-84/133 -86/135 ,,,,,,,,
,,,,,,TriggerPaths,,,,,,,,,,,,,,,0,,,,,,,,,,,,,,,,,,,,,,,,,,,,,,,,,,,,,,,,,,,,,,,,,,,,HLT_HT500_v7,74.0,1.0,0.0,,,,,,,,,
,,,,,,TriggerPaths,,,,,,,,,,,,,,,0,,,,,,,,,,,,,,,,,,,,,,,,,,,,,,,,,,,,,,,,,,,,,,,,,,,,HLT_HT550_v7,75.0,1.0,0.0,,,,,,,,,
,,,,,,TriggerPaths,,,,,,,,,,,,,,,0,,,,,,,,,,,,,,,,,,,,,,,,,,,,,,,,,,,,,,,,,,,,,,,,,,,,HLT_HT650_v7,76.0,1.0,0.0,,,,,,,,,
,,,,,,TriggerPaths,,,,,,,,,,,,,,,0,,,,,,,,,,,,,,,,,,,,,,,,,,,,,,,,,,,,,,,,,,,,,,,,,,,,HLT_HT650_Track50_dEdx3p6_v10,77.0,1.0,0.0,,,,,,,,,
,,,,,,TriggerPaths,,,,,,,,,,,,,,,0,,,,,,,,,,,,,,,,,,,,,,,,,,,,,,,,,,,,,,,,,,,,,,,,,,,,HLT_HT650_Track60_dEdx3p7_v10,78.0,1.0,0.0,,,,,,,,,
,,,,,,TriggerPaths,,,,,,,,,,,,,,,0,,,,,,,,,,,,,,,,,,,,,,,,,,,,,,,,,,,,,,,,,,,,,,,,,,,,HLT_HT750_v7,79.0,1.0,0.0,,,,,,,,,
,,,,,,TriggerPaths,,,,,,,,,,,,,,,0,,,,,,,,,,,,,,,,,,,,,,,,,,,,,,,,,,,,,,,,,,,,,,,,,,,,HLT_PFNoPUHT350_v3,80.0,1.0,0.0,,,,,,,,,
,,,,,,TriggerPaths,,,,,,,,,,,,,,,0,,,,,,,,,,,,,,,,,,,,,,,,,,,,,,,,,,,,,,,,,,,,,,,,,,,,HLT_PFNoPUHT650_v3,81.0,1.0,0.0,,,,,,,,,
,,,,,,TriggerPaths,,,,,,,,,,,,,,,0,,,,,,,,,,,,,,,,,,,,,,,,,,,,,,,,,,,,,,,,,,,,,,,,,,,,HLT_PFNoPUHT650_DiCentralPFNoPUJet80_CenPFNoPUJet40_v3,82.0,1.0,0.0,,,,,,,,,
,,,,,,TriggerPaths,,,,,,,,,,,,,,,0,,,,,,,,,,,,,,,,,,,,,,,,,,,,,,,,,,,,,,,,,,,,,,,,,,,,HLT_PFNoPUHT700_v3,83.0,1.0,0.0,,,,,,,,,
,,,,,,TriggerPaths,,,,,,,,,,,,,,,0,,,,,,,,,,,,,,,,,,,,,,,,,,,,,,,,,,,,,,,,,,,,,,,,,,,,HLT_PFNoPUHT750_v3,84.0,1.0,0.0,,,,,,,,,
,,,,,,TriggerPaths,,,,,,,,,,,,,,,0,,,,,,,,,,,,,,,,,,,,,,,,,,,,,,,,,,,,,,,,,,,,,,,,,,,,HLT_PFMET150_v6,85.0,1.0,0.0,,,,,,,,,
,,,,,,TriggerPaths,,,,,,,,,,,,,,,0,,,,,,,,,,,,,,,,,,,,,,,,,,,,,,,,,,,,,,,,,,,,,,,,,,,,HLT_PFMET180_v6,86.0,1.0,0.0,,,,,,,,,
,,,,,,TriggerPaths,,,,,,,,,,,,,,,0,,,,,,,,,,,,,,,,,,,,,,,,,,,,,,,,,,,,,,,,,,,,,,,,,,,,HLT_DiCentralJetSumpT100_dPhi05_DiCentralPFJet60_25_PFMET100_HBHENoiseCleaned_v4,87.0,1.0,0.0,,,,,,,,,
,,,,,,TriggerPaths,,,,,,,,,,,,,,,0,,,,,,,,,,,,,,,,,,,,,,,,,,,,,,,,,,,,,,,,,,,,,,,,,,,,HLT_DiCentralPFJet30_PFMET80_v5,88.0,1.0,0.0,,,,,,,,,
,,,,,,TriggerPaths,,,,,,,,,,,,,,,0,,,,,,,,,,,,,,,,,,,,,,,,,,,,,,,,,,,,,,,,,,,,,,,,,,,,HLT_DiCentralPFNoPUJet50_PFMETORPFMETNoMu80_v3,89.0,1.0,0.0,,,,,,,,,
,,,,,,TriggerPaths,,,,,,,,,,,,,,,0,,,,,,,,,,,,,,,,,,,,,,,,,,,,,,,,,,,,,,,,,,,,,,,,,,,,HLT_DiCentralPFJet30_PFMET80_BTagCSV07_v4,90.0,1.0,0.0,,,,,,,,,
,,,,,,TriggerPaths,,,,,,,,,,,,,,,0,,,,,,,,,,,,,,,,,,,,,,,,,,,,,,,,,,,,,,,,,,,,,,,,,,,,HLT_DiPFJet80_DiPFJet30_BTagCSVd07d05d03_v4,91.0,1.0,0.0,-84/133 -86/135 85/19 85/20 85/21 ,,,,,,,,
,,,,,,TriggerPaths,,,,,,,,,,,,,,,0,,,,,,,,,,,,,,,,,,,,,,,,,,,,,,,,,,,,,,,,,,,,,,,,,,,,HLT_DiPFJet80_DiPFJet30_BTagCSVd07d05d05_v4,92.0,1.0,0.0,-84/133 -86/135 85/19 85/20 85/21 ,,,,,,,,
,,,,,,TriggerPaths,,,,,,,,,,,,,,,0,,,,,,,,,,,,,,,,,,,,,,,,,,,,,,,,,,,,,,,,,,,,,,,,,,,,HLT_DiPFJet80_DiPFJet30_BTagCSVd07d05_v4,93.0,1.0,0.0,-84/133 -86/135 85/19 85/20 85/21 ,,,,,,,,
,,,,,,TriggerPaths,,,,,,,,,,,,,,,0,,,,,,,,,,,,,,,,,,,,,,,,,,,,,,,,,,,,,,,,,,,,,,,,,,,,HLT_MET80_v5,94.0,1.0,0.0,,,,,,,,,
,,,,,,TriggerPaths,,,,,,,,,,,,,,,0,,,,,,,,,,,,,,,,,,,,,,,,,,,,,,,,,,,,,,,,,,,,,,,,,,,,HLT_MET80_Track50_dEdx3p6_v6,95.0,1.0,0.0,,,,,,,,,
,,,,,,TriggerPaths,,,,,,,,,,,,,,,0,,,,,,,,,,,,,,,,,,,,,,,,,,,,,,,,,,,,,,,,,,,,,,,,,,,,HLT_MET80_Track60_dEdx3p7_v6,96.0,1.0,0.0,,,,,,,,,
,,,,,,TriggerPaths,,,,,,,,,,,,,,,0,,,,,,,,,,,,,,,,,,,,,,,,,,,,,,,,,,,,,,,,,,,,,,,,,,,,HLT_MET120_v12,97.0,1.0,0.0,,,,,,,,,
,,,,,,TriggerPaths,,,,,,,,,,,,,,,0,,,,,,,,,,,,,,,,,,,,,,,,,,,,,,,,,,,,,,,,,,,,,,,,,,,,HLT_MET120_HBHENoiseCleaned_v5,98.0,1.0,0.0,,,,,,,,,
,,,,,,TriggerPaths,,,,,,,,,,,,,,,0,,,,,,,,,,,,,,,,,,,,,,,,,,,,,,,,,,,,,,,,,,,,,,,,,,,,HLT_MET200_v12,99.0,1.0,0.0,,,,,,,,,
,,,,,,TriggerPaths,,,,,,,,,,,,,,,0,,,,,,,,,,,,,,,,,,,,,,,,,,,,,,,,,,,,,,,,,,,,,,,,,,,,HLT_MET200_HBHENoiseCleaned_v5,100.0,1.0,0.0,,,,,,,,,
,,,,,,TriggerPaths,,,,,,,,,,,,,,,0,,,,,,,,,,,,,,,,,,,,,,,,,,,,,,,,,,,,,,,,,,,,,,,,,,,,HLT_MET300_v4,101.0,1.0,0.0,,,,,,,,,
,,,,,,TriggerPaths,,,,,,,,,,,,,,,0,,,,,,,,,,,,,,,,,,,,,,,,,,,,,,,,,,,,,,,,,,,,,,,,,,,,HLT_MET300_HBHENoiseCleaned_v5,102.0,1.0,0.0,,,,,,,,,
,,,,,,TriggerPaths,,,,,,,,,,,,,,,0,,,,,,,,,,,,,,,,,,,,,,,,,,,,,,,,,,,,,,,,,,,,,,,,,,,,HLT_MET400_v7,103.0,1.0,0.0,,,,,,,,,
,,,,,,TriggerPaths,,,,,,,,,,,,,,,0,,,,,,,,,,,,,,,,,,,,,,,,,,,,,,,,,,,,,,,,,,,,,,,,,,,,HLT_MET400_HBHENoiseCleaned_v5,104.0,1.0,0.0,,,,,,,,,
,,,,,,TriggerPaths,,,,,,,,,,,,,,,0,,,,,,,,,,,,,,,,,,,,,,,,,,,,,,,,,,,,,,,,,,,,,,,,,,,,HLT_L1SingleMuOpen_v7,105.0,1.0,0.0,,,,,,,,,
,,,,,,TriggerPaths,,,,,,,,,,,,,,,0,,,,,,,,,,,,,,,,,,,,,,,,,,,,,,,,,,,,,,,,,,,,,,,,,,,,HLT_L1SingleMu12_v2,106.0,1.0,0.0,,,,,,,,,
,,,,,,TriggerPaths,,,,,,,,,,,,,,,0,,,,,,,,,,,,,,,,,,,,,,,,,,,,,,,,,,,,,,,,,,,,,,,,,,,,HLT_L2Mu70_2Cha_eta2p1_PFMET55_v1,107.0,1.0,0.0,,,,,,,,,
,,,,,,TriggerPaths,,,,,,,,,,,,,,,0,,,,,,,,,,,,,,,,,,,,,,,,,,,,,,,,,,,,,,,,,,,,,,,,,,,,HLT_L2Mu70_2Cha_eta2p1_PFMET60_v1,108.0,1.0,0.0,,,,,,,,,
,,,,,,TriggerPaths,,,,,,,,,,,,,,,0,,,,,,,,,,,,,,,,,,,,,,,,,,,,,,,,,,,,,,,,,,,,,,,,,,,,HLT_L2Mu20_eta2p1_NoVertex_v2,109.0,1.0,0.0,,,,,,,,,
,,,,,,TriggerPaths,,,,,,,,,,,,,,,0,,,,,,,,,,,,,,,,,,,,,,,,,,,,,,,,,,,,,,,,,,,,,,,,,,,,HLT_L2Mu10_NoVertex_NoBPTX3BX_NoHalo_v4,110.0,1.0,0.0,,,,,,,,,
,,,,,,TriggerPaths,,,,,,,,,,,,,,,0,,,,,,,,,,,,,,,,,,,,,,,,,,,,,,,,,,,,,,,,,,,,,,,,,,,,HLT_L2Mu20_NoVertex_2Cha_NoBPTX3BX_NoHalo_v1,111.0,1.0,0.0,,,,,,,,,
,,,,,,TriggerPaths,,,,,,,,,,,,,,,0,,,,,,,,,,,,,,,,,,,,,,,,,,,,,,,,,,,,,,,,,,,,,,,,,,,,HLT_L2Mu30_NoVertex_2Cha_NoBPTX3BX_NoHalo_v1,112.0,1.0,0.0,,,,,,,,,
,,,,,,TriggerPaths,,,,,,,,,,,,,,,0,,,,,,,,,,,,,,,,,,,,,,,,,,,,,,,,,,,,,,,,,,,,,,,,,,,,HLT_L2TripleMu10_0_0_NoVertex_PFJet40Neutral_v7,113.0,1.0,0.0,,,,,,,,,
,,,,,,TriggerPaths,,,,,,,,,,,,,,,0,,,,,,,,,,,,,,,,,,,,,,,,,,,,,,,,,,,,,,,,,,,,,,,,,,,,HLT_DoubleDisplacedMu4_DiPFJet40Neutral_v7,114.0,1.0,0.0,,,,,,,,,
,,,,,,TriggerPaths,,,,,,,,,,,,,,,0,,,,,,,,,,,,,,,,,,,,,,,,,,,,,,,,,,,,,,,,,,,,,,,,,,,,HLT_Mu5_v20,115.0,1.0,0.0,,,,,,,,,
,,,,,,TriggerPaths,,,,,,,,,,,,,,,0,,,,,,,,,,,,,,,,,,,,,,,,,,,,,,,,,,,,,,,,,,,,,,,,,,,,HLT_Mu8_v18,116.0,1.0,0.0,,,,,,,,,
,,,,,,TriggerPaths,,,,,,,,,,,,,,,0,,,,,,,,,,,,,,,,,,,,,,,,,,,,,,,,,,,,,,,,,,,,,,,,,,,,HLT_Mu12_v18,117.0,1.0,0.0,,,,,,,,,
,,,,,,TriggerPaths,,,,,,,,,,,,,,,0,,,,,,,,,,,,,,,,,,,,,,,,,,,,,,,,,,,,,,,,,,,,,,,,,,,,HLT_Mu17_v5,118.0,1.0,0.0,,,,,,,,,
,,,,,,TriggerPaths,,,,,,,,,,,,,,,0,,,,,,,,,,,,,,,,,,,,,,,,,,,,,,,,,,,,,,,,,,,,,,,,,,,,HLT_Mu12_eta2p1_L1Mu10erJetC12WdEtaPhi1DiJetsC_v6,119.0,1.0,0.0,,,,,,,,,
,,,,,,TriggerPaths,,,,,,,,,,,,,,,0,,,,,,,,,,,,,,,,,,,,,,,,,,,,,,,,,,,,,,,,,,,,,,,,,,,,HLT_Mu15_eta2p1_L1Mu10erJetC12WdEtaPhi1DiJetsC_v2,120.0,1.0,0.0,,,,,,,,,
,,,,,,TriggerPaths,,,,,,,,,,,,,,,0,,,,,,,,,,,,,,,,,,,,,,,,,,,,,,,,,,,,,,,,,,,,,,,,,,,,HLT_Mu15_eta2p1_v5,121.0,1.0,0.0,,,,,,,,,
,,,,,,TriggerPaths,,,,,,,,,,,,,,,0,,,,,,,,,,,,,,,,,,,,,,,,,,,,,,,,,,,,,,,,,,,,,,,,,,,,HLT_Mu24_v16,122.0,1.0,0.0,,,,,,,,,
,,,,,,TriggerPaths,,,,,,,,,,,,,,,0,,,,,,,,,,,,,,,,,,,,,,,,,,,,,,,,,,,,,,,,,,,,,,,,,,,,HLT_Mu24_eta2p1_v5,123.0,1.0,0.0,,,,,,,,,
,,,,,,TriggerPaths,,,,,,,,,,,,,,,0,,,,,,,,,,,,,,,,,,,,,,,,,,,,,,,,,,,,,,,,,,,,,,,,,,,,HLT_Mu30_v16,124.0,1.0,0.0,,,,,,,,,
,,,,,,TriggerPaths,,,,,,,,,,,,,,,0,,,,,,,,,,,,,,,,,,,,,,,,,,,,,,,,,,,,,,,,,,,,,,,,,,,,HLT_Mu30_eta2p1_v5,125.0,1.0,0.0,,,,,,,,,
,,,,,,TriggerPaths,,,,,,,,,,,,,,,0,,,,,,,,,,,,,,,,,,,,,,,,,,,,,,,,,,,,,,,,,,,,,,,,,,,,HLT_Mu40_v14,126.0,1.0,0.0,,,,,,,,,
,,,,,,TriggerPaths,,,,,,,,,,,,,,,0,,,,,,,,,,,,,,,,,,,,,,,,,,,,,,,,,,,,,,,,,,,,,,,,,,,,HLT_Mu40_eta2p1_v11,127.0,1.0,0.0,,,,,,,,,
,,,,,,TriggerPaths,,,,,,,,,,,,,,,0,,,,,,,,,,,,,,,,,,,,,,,,,,,,,,,,,,,,,,,,,,,,,,,,,,,,HLT_Mu50_eta2p1_v8,128.0,1.0,0.0,,,,,,,,,
,,,,,,TriggerPaths,,,,,,,,,,,,,,,0,,,,,,,,,,,,,,,,,,,,,,,,,,,,,,,,,,,,,,,,,,,,,,,,,,,,HLT_RelIso1p0Mu5_v6,129.0,1.0,0.0,,,,,,,,,
,,,,,,TriggerPaths,,,,,,,,,,,,,,,0,,,,,,,,,,,,,,,,,,,,,,,,,,,,,,,,,,,,,,,,,,,,,,,,,,,,HLT_RelIso1p0Mu20_v3,130.0,1.0,0.0,,,,,,,,,
,,,,,,TriggerPaths,,,,,,,,,,,,,,,0,,,,,,,,,,,,,,,,,,,,,,,,,,,,,,,,,,,,,,,,,,,,,,,,,,,,HLT_IsoMu15_eta2p1_L1ETM20_v7,131.0,1.0,0.0,,,,,,,,,
,,,,,,TriggerPaths,,,,,,,,,,,,,,,0,,,,,,,,,,,,,,,,,,,,,,,,,,,,,,,,,,,,,,,,,,,,,,,,,,,,HLT_IsoMu20_eta2p1_v7,132.0,1.0,0.0,,,,,,,,,
,,,,,,TriggerPaths,,,,,,,,,,,,,,,0,,,,,,,,,,,,,,,,,,,,,,,,,,,,,,,,,,,,,,,,,,,,,,,,,,,,HLT_IsoMu24_v17,133.0,1.0,0.0,,,,,,,,,
,,,,,,TriggerPaths,,,,,,,,,,,,,,,0,,,,,,,,,,,,,,,,,,,,,,,,,,,,,,,,,,,,,,,,,,,,,,,,,,,,HLT_IsoMu24_eta2p1_v15,134.0,1.0,0.0,,,,,,,,,
,,,,,,TriggerPaths,,,,,,,,,,,,,,,0,,,,,,,,,,,,,,,,,,,,,,,,,,,,,,,,,,,,,,,,,,,,,,,,,,,,HLT_IsoMu30_v11,135.0,1.0,0.0,,,,,,,,,
,,,,,,TriggerPaths,,,,,,,,,,,,,,,0,,,,,,,,,,,,,,,,,,,,,,,,,,,,,,,,,,,,,,,,,,,,,,,,,,,,HLT_IsoMu30_eta2p1_v15,136.0,1.0,0.0,,,,,,,,,
,,,,,,TriggerPaths,,,,,,,,,,,,,,,0,,,,,,,,,,,,,,,,,,,,,,,,,,,,,,,,,,,,,,,,,,,,,,,,,,,,HLT_IsoMu34_eta2p1_v13,137.0,1.0,0.0,,,,,,,,,
,,,,,,TriggerPaths,,,,,,,,,,,,,,,0,,,,,,,,,,,,,,,,,,,,,,,,,,,,,,,,,,,,,,,,,,,,,,,,,,,,HLT_IsoMu40_eta2p1_v10,138.0,1.0,0.0,,,,,,,,,
,,,,,,TriggerPaths,,,,,,,,,,,,,,,0,,,,,,,,,,,,,,,,,,,,,,,,,,,,,,,,,,,,,,,,,,,,,,,,,,,,HLT_Mu40_eta2p1_Track50_dEdx3p6_v5,139.0,1.0,0.0,,,,,,,,,
,,,,,,TriggerPaths,,,,,,,,,,,,,,,0,,,,,,,,,,,,,,,,,,,,,,,,,,,,,,,,,,,,,,,,,,,,,,,,,,,,HLT_Mu40_eta2p1_Track60_dEdx3p7_v5,140.0,1.0,0.0,,,,,,,,,
,,,,,,TriggerPaths,,,,,,,,,,,,,,,0,,,,,,,,,,,,,,,,,,,,,,,,,,,,,,,,,,,,,,,,,,,,,,,,,,,,HLT_L2DoubleMu23_NoVertex_v11,141.0,1.0,0.0,,,,,,,,,
,,,,,,TriggerPaths,,,,,,,,,,,,,,,0,,,,,,,,,,,,,,,,,,,,,,,,,,,,,,,,,,,,,,,,,,,,,,,,,,,,HLT_L2DoubleMu23_NoVertex_2Cha_Angle2p5_v3,142.0,1.0,0.0,,,,,,,,,
,,,,,,TriggerPaths,,,,,,,,,,,,,,,0,,,,,,,,,,,,,,,,,,,,,,,,,,,,,,,,,,,,,,,,,,,,,,,,,,,,HLT_L2DoubleMu38_NoVertex_2Cha_Angle2p5_v3,143.0,1.0,0.0,,,,,,,,,
,,,,,,TriggerPaths,,,,,,,,,,,,,,,0,,,,,,,,,,,,,,,,,,,,,,,,,,,,,,,,,,,,,,,,,,,,,,,,,,,,HLT_DoubleMu11_Acoplanarity03_v5,144.0,1.0,0.0,,,,,,,,,
,,,,,,TriggerPaths,,,,,,,,,,,,,,,0,,,,,,,,,,,,,,,,,,,,,,,,,,,,,,,,,,,,,,,,,,,,,,,,,,,,HLT_DoubleMu4_Jpsi_Displaced_v12,145.0,1.0,0.0,,,,,,,,,
,,,,,,TriggerPaths,,,,,,,,,,,,,,,0,,,,,,,,,,,,,,,,,,,,,,,,,,,,,,,,,,,,,,,,,,,,,,,,,,,,HLT_DoubleMu4_JpsiTk_Displaced_v6,146.0,1.0,0.0,,,,,,,,,
,,,,,,TriggerPaths,,,,,,,,,,,,,,,0,,,,,,,,,,,,,,,,,,,,,,,,,,,,,,,,,,,,,,,,,,,,,,,,,,,,HLT_DoubleMu3_4_Dimuon5_Bs_Central_v5,147.0,1.0,0.0,,,,,,,,,
,,,,,,TriggerPaths,,,,,,,,,,,,,,,0,,,,,,,,,,,,,,,,,,,,,,,,,,,,,,,,,,,,,,,,,,,,,,,,,,,,HLT_DoubleMu3p5_4_Dimuon5_Bs_Central_v5,148.0,1.0,0.0,,,,,,,,,
,,,,,,TriggerPaths,,,,,,,,,,,,,,,0,,,,,,,,,,,,,,,,,,,,,,,,,,,,,,,,,,,,,,,,,,,,,,,,,,,,HLT_DoubleMu4_Dimuon7_Bs_Forward_v5,149.0,1.0,0.0,,,,,,,,,
,,,,,,TriggerPaths,,,,,,,,,,,,,,,0,,,,,,,,,,,,,,,,,,,,,,,,,,,,,,,,,,,,,,,,,,,,,,,,,,,,HLT_DoubleMu3p5_LowMass_Displaced_v6,150.0,1.0,0.0,,,,,,,,,
,,,,,,TriggerPaths,,,,,,,,,,,,,,,0,,,,,,,,,,,,,,,,,,,,,,,,,,,,,,,,,,,,,,,,,,,,,,,,,,,,HLT_DoubleMu3p5_LowMassNonResonullt_Displaced_v6,151.0,1.0,0.0,,,,,,,,,
,,,,,,TriggerPaths,,,,,,,,,,,,,,,0,,,,,,,,,,,,,,,,,,,,,,,,,,,,,,,,,,,,,,,,,,,,,,,,,,,,HLT_Dimuon0_Jpsi_v17,152.0,1.0,0.0,,,,,,,,,
,,,,,,TriggerPaths,,,,,,,,,,,,,,,0,,,,,,,,,,,,,,,,,,,,,,,,,,,,,,,,,,,,,,,,,,,,,,,,,,,,HLT_Dimuon0_Jpsi_NoVertexing_v14,153.0,1.0,0.0,,,,,,,,,
,,,,,,TriggerPaths,,,,,,,,,,,,,,,0,,,,,,,,,,,,,,,,,,,,,,,,,,,,,,,,,,,,,,,,,,,,,,,,,,,,HLT_Dimuon0_Upsilon_v17,154.0,1.0,0.0,,,,,,,,,
,,,,,,TriggerPaths,,,,,,,,,,,,,,,0,,,,,,,,,,,,,,,,,,,,,,,,,,,,,,,,,,,,,,,,,,,,,,,,,,,,HLT_Dimuon0_PsiPrime_v6,155.0,1.0,0.0,,,,,,,,,
,,,,,,TriggerPaths,,,,,,,,,,,,,,,0,,,,,,,,,,,,,,,,,,,,,,,,,,,,,,,,,,,,,,,,,,,,,,,,,,,,HLT_Dimuon5_Upsilon_v6,156.0,1.0,0.0,,,,,,,,,
,,,,,,TriggerPaths,,,,,,,,,,,,,,,0,,,,,,,,,,,,,,,,,,,,,,,,,,,,,,,,,,,,,,,,,,,,,,,,,,,,HLT_Dimuon5_PsiPrime_v6,157.0,1.0,0.0,,,,,,,,,
,,,,,,TriggerPaths,,,,,,,,,,,,,,,0,,,,,,,,,,,,,,,,,,,,,,,,,,,,,,,,,,,,,,,,,,,,,,,,,,,,HLT_Dimuon7_Upsilon_v7,158.0,1.0,0.0,,,,,,,,,
,,,,,,TriggerPaths,,,,,,,,,,,,,,,0,,,,,,,,,,,,,,,,,,,,,,,,,,,,,,,,,,,,,,,,,,,,,,,,,,,,HLT_Dimuon7_PsiPrime_v3,159.0,1.0,0.0,,,,,,,,,
,,,,,,TriggerPaths,,,,,,,,,,,,,,,0,,,,,,,,,,,,,,,,,,,,,,,,,,,,,,,,,,,,,,,,,,,,,,,,,,,,HLT_Dimuon8_Jpsi_v7,160.0,1.0,0.0,,,,,,,,,
,,,,,,TriggerPaths,,,,,,,,,,,,,,,0,,,,,,,,,,,,,,,,,,,,,,,,,,,,,,,,,,,,,,,,,,,,,,,,,,,,HLT_Dimuon8_Upsilon_v6,161.0,1.0,0.0,,,,,,,,,
,,,,,,TriggerPaths,,,,,,,,,,,,,,,0,,,,,,,,,,,,,,,,,,,,,,,,,,,,,,,,,,,,,,,,,,,,,,,,,,,,HLT_Dimuon10_Jpsi_v6,162.0,1.0,0.0,,,,,,,,,
,,,,,,TriggerPaths,,,,,,,,,,,,,,,0,,,,,,,,,,,,,,,,,,,,,,,,,,,,,,,,,,,,,,,,,,,,,,,,,,,,HLT_Dimuon11_Upsilon_v6,163.0,1.0,0.0,,,,,,,,,
,,,,,,TriggerPaths,,,,,,,,,,,,,,,0,,,,,,,,,,,,,,,,,,,,,,,,,,,,,,,,,,,,,,,,,,,,,,,,,,,,HLT_Dimuon0_Jpsi_Muon_v18,164.0,1.0,0.0,,,,,,,,,
,,,,,,TriggerPaths,,,,,,,,,,,,,,,0,,,,,,,,,,,,,,,,,,,,,,,,,,,,,,,,,,,,,,,,,,,,,,,,,,,,HLT_Dimuon0_Upsilon_Muon_v18,165.0,1.0,0.0,,,,,,,,,
,,,,,,TriggerPaths,,,,,,,,,,,,,,,0,,,,,,,,,,,,,,,,,,,,,,,,,,,,,,,,,,,,,,,,,,,,,,,,,,,,HLT_Dimuon3p5_SameSign_v6,166.0,1.0,0.0,,,,,,,,,
,,,,,,TriggerPaths,,,,,,,,,,,,,,,0,,,,,,,,,,,,,,,,,,,,,,,,,,,,,,,,,,,,,,,,,,,,,,,,,,,,HLT_DoubleMu4_Acoplanarity03_v5,167.0,1.0,0.0,,,,,,,,,
,,,,,,TriggerPaths,,,,,,,,,,,,,,,0,,,,,,,,,,,,,,,,,,,,,,,,,,,,,,,,,,,,,,,,,,,,,,,,,,,,HLT_Tau2Mu_ItTrack_v7,168.0,1.0,0.0,,,,,,,,,
,,,,,,TriggerPaths,,,,,,,,,,,,,,,0,,,,,,,,,,,,,,,,,,,,,,,,,,,,,,,,,,,,,,,,,,,,,,,,,,,,HLT_Mu13_Mu8_v21,169.0,1.0,0.0,,,,,,,,,
,,,,,,TriggerPaths,,,,,,,,,,,,,,,0,,,,,,,,,,,,,,,,,,,,,,,,,,,,,,,,,,,,,,,,,,,,,,,,,,,,HLT_Mu17_Mu8_v21,170.0,1.0,0.0,,,,,,,,,
,,,,,,TriggerPaths,,,,,,,,,,,,,,,0,,,,,,,,,,,,,,,,,,,,,,,,,,,,,,,,,,,,,,,,,,,,,,,,,,,,HLT_Mu17_TkMu8_v13,171.0,1.0,0.0,,,,,,,,,
,,,,,,TriggerPaths,,,,,,,,,,,,,,,0,,,,,,,,,,,,,,,,,,,,,,,,,,,,,,,,,,,,,,,,,,,,,,,,,,,,HLT_Mu22_TkMu8_v8,172.0,1.0,0.0,,,,,,,,,
,,,,,,TriggerPaths,,,,,,,,,,,,,,,0,,,,,,,,,,,,,,,,,,,,,,,,,,,,,,,,,,,,,,,,,,,,,,,,,,,,HLT_Mu22_TkMu22_v8,173.0,1.0,0.0,,,,,,,,,
,,,,,,TriggerPaths,,,,,,,,,,,,,,,0,,,,,,,,,,,,,,,,,,,,,,,,,,,,,,,,,,,,,,,,,,,,,,,,,,,,HLT_TripleMu5_v19,174.0,1.0,0.0,,,,,,,,,
,,,,,,TriggerPaths,,,,,,,,,,,,,,,0,,,,,,,,,,,,,,,,,,,,,,,,,,,,,,,,,,,,,,,,,,,,,,,,,,,,HLT_DoubleMu5_IsoMu5_v20,175.0,1.0,0.0,,,,,,,,,
,,,,,,TriggerPaths,,,,,,,,,,,,,,,0,,,,,,,,,,,,,,,,,,,,,,,,,,,,,,,,,,,,,,,,,,,,,,,,,,,,HLT_Mu5_L2Mu3_Jpsi_v7,176.0,1.0,0.0,,,,,,,,,
,,,,,,TriggerPaths,,,,,,,,,,,,,,,0,,,,,,,,,,,,,,,,,,,,,,,,,,,,,,,,,,,,,,,,,,,,,,,,,,,,HLT_Mu5_Track2_Jpsi_v21,177.0,1.0,0.0,,,,,,,,,
,,,,,,TriggerPaths,,,,,,,,,,,,,,,0,,,,,,,,,,,,,,,,,,,,,,,,,,,,,,,,,,,,,,,,,,,,,,,,,,,,HLT_Mu5_Track3p5_Jpsi_v7,178.0,1.0,0.0,,,,,,,,,
,,,,,,TriggerPaths,,,,,,,,,,,,,,,0,,,,,,,,,,,,,,,,,,,,,,,,,,,,,,,,,,,,,,,,,,,,,,,,,,,,HLT_Mu7_Track7_Jpsi_v20,179.0,1.0,0.0,,,,,,,,,
,,,,,,TriggerPaths,,,,,,,,,,,,,,,0,,,,,,,,,,,,,,,,,,,,,,,,,,,,,,,,,,,,,,,,,,,,,,,,,,,,HLT_BTagMu_Jet20_Mu4_v2,180.0,1.0,0.0,,,,,,,,,
,,,,,,TriggerPaths,,,,,,,,,,,,,,,0,,,,,,,,,,,,,,,,,,,,,,,,,,,,,,,,,,,,,,,,,,,,,,,,,,,,HLT_BTagMu_Jet60_Mu4_v2,181.0,1.0,0.0,,,,,,,,,
,,,,,,TriggerPaths,,,,,,,,,,,,,,,0,,,,,,,,,,,,,,,,,,,,,,,,,,,,,,,,,,,,,,,,,,,,,,,,,,,,HLT_Photon20_CaloIdVL_v4,182.0,1.0,0.0,,,,,,,,,
,,,,,,TriggerPaths,,,,,,,,,,,,,,,0,,,,,,,,,,,,,,,,,,,,,,,,,,,,,,,,,,,,,,,,,,,,,,,,,,,,HLT_Photon20_CaloIdVL_IsoL_v16,183.0,1.0,0.0,,,,,,,,,
,,,,,,TriggerPaths,,,,,,,,,,,,,,,0,,,,,,,,,,,,,,,,,,,,,,,,,,,,,,,,,,,,,,,,,,,,,,,,,,,,HLT_Photon22_R9Id90_HE10_Iso40_EBOnly_v5,184.0,1.0,0.0,-82/131 ,,,,,,,,
,,,,,,TriggerPaths,,,,,,,,,,,,,,,0,,,,,,,,,,,,,,,,,,,,,,,,,,,,,,,,,,,,,,,,,,,,,,,,,,,,HLT_Photon26_Photon18_v12,185.0,1.0,0.0,-83/127 -82/131 ,,,,,,,,
,,,,,,TriggerPaths,,,,,,,,,,,,,,,0,,,,,,,,,,,,,,,,,,,,,,,,,,,,,,,,,,,,,,,,,,,,,,,,,,,,HLT_Photon26_R9Id85_Photon18_R9Id85_Mass60_v4,186.0,1.0,0.0,-83/127 -82/131 ,,,,,,,,
,,,,,,TriggerPaths,,,,,,,,,,,,,,,0,,,,,,,,,,,,,,,,,,,,,,,,,,,,,,,,,,,,,,,,,,,,,,,,,,,,HLT_Photon26_R9Id85_Photon18_CaloId10_Iso50_Mass60_v6,187.0,1.0,0.0,-83/127 -82/131 ,,,,,,,,
,,,,,,TriggerPaths,,,,,,,,,,,,,,,0,,,,,,,,,,,,,,,,,,,,,,,,,,,,,,,,,,,,,,,,,,,,,,,,,,,,HLT_Photon26_CaloId10_Iso50_Photon18_R9Id85_Mass60_v6,188.0,1.0,0.0,-83/127 -82/131 ,,,,,,,,
,,,,,,TriggerPaths,,,,,,,,,,,,,,,0,,,,,,,,,,,,,,,,,,,,,,,,,,,,,,,,,,,,,,,,,,,,,,,,,,,,HLT_Photon26_CaloId10_Iso50_Photon18_CaloId10_Iso50_Mass60_v6,189.0,1.0,0.0,-83/127 -82/131 81/0 ,,,,,,,,
,,,,,,TriggerPaths,,,,,,,,,,,,,,,0,,,,,,,,,,,,,,,,,,,,,,,,,,,,,,,,,,,,,,,,,,,,,,,,,,,,HLT_Photon26_R9Id85_OR_CaloId10_Iso50_Photon18_R9Id85_OR_CaloId10_Iso50_Mass60_v6,190.0,1.0,0.0,-83/127 -82/131 ,,,,,,,,
,,,,,,TriggerPaths,,,,,,,,,,,,,,,0,,,,,,,,,,,,,,,,,,,,,,,,,,,,,,,,,,,,,,,,,,,,,,,,,,,,HLT_Photon26_R9Id85_OR_CaloId10_Iso50_Photon18_R9Id85_OR_CaloId10_Iso50_Mass70_v2,191.0,1.0,0.0,-83/127 -82/131 ,,,,,,,,
,,,,,,TriggerPaths,,,,,,,,,,,,,,,0,,,,,,,,,,,,,,,,,,,,,,,,,,,,,,,,,,,,,,,,,,,,,,,,,,,,HLT_Photon26_R9Id85_OR_CaloId10_Iso50_Photon18_v5,192.0,1.0,0.0,-83/127 -82/131 ,,,,,,,,
,,,,,,TriggerPaths,,,,,,,,,,,,,,,0,,,,,,,,,,,,,,,,,,,,,,,,,,,,,,,,,,,,,,,,,,,,,,,,,,,,HLT_Photon30_CaloIdVL_v14,193.0,1.0,0.0,-82/131 ,,,,,,,,
,,,,,,TriggerPaths,,,,,,,,,,,,,,,0,,,,,,,,,,,,,,,,,,,,,,,,,,,,,,,,,,,,,,,,,,,,,,,,,,,,HLT_Photon36_R9Id90_HE10_Iso40_EBOnly_v5,194.0,1.0,0.0,-82/131 ,,,,,,,,
,,,,,,TriggerPaths,,,,,,,,,,,,,,,0,,,,,,,,,,,,,,,,,,,,,,,,,,,,,,,,,,,,,,,,,,,,,,,,,,,,HLT_Photon36_Photon22_v6,195.0,1.0,0.0,-82/131 ,,,,,,,,
,,,,,,TriggerPaths,,,,,,,,,,,,,,,0,,,,,,,,,,,,,,,,,,,,,,,,,,,,,,,,,,,,,,,,,,,,,,,,,,,,HLT_Photon36_R9Id85_Photon22_R9Id85_v4,196.0,1.0,0.0,-82/131 ,,,,,,,,
,,,,,,TriggerPaths,,,,,,,,,,,,,,,0,,,,,,,,,,,,,,,,,,,,,,,,,,,,,,,,,,,,,,,,,,,,,,,,,,,,HLT_Photon36_R9Id85_Photon22_CaloId10_Iso50_v6,197.0,1.0,0.0,-82/131 ,,,,,,,,
,,,,,,TriggerPaths,,,,,,,,,,,,,,,0,,,,,,,,,,,,,,,,,,,,,,,,,,,,,,,,,,,,,,,,,,,,,,,,,,,,HLT_Photon36_CaloId10_Iso50_Photon22_R9Id85_v6,198.0,1.0,0.0,-82/131 ,,,,,,,,
,,,,,,TriggerPaths,,,,,,,,,,,,,,,0,,,,,,,,,,,,,,,,,,,,,,,,,,,,,,,,,,,,,,,,,,,,,,,,,,,,HLT_Photon36_CaloId10_Iso50_Photon22_CaloId10_Iso50_v6,199.0,1.0,0.0,-82/131 81/0 ,,,,,,,,
,,,,,,TriggerPaths,,,,,,,,,,,,,,,0,,,,,,,,,,,,,,,,,,,,,,,,,,,,,,,,,,,,,,,,,,,,,,,,,,,,HLT_Photon36_R9Id85_OR_CaloId10_Iso50_Photon22_R9Id85_OR_CaloId10_Iso50_v6,200.0,1.0,0.0,-82/131 ,,,,,,,,
,,,,,,TriggerPaths,,,,,,,,,,,,,,,0,,,,,,,,,,,,,,,,,,,,,,,,,,,,,,,,,,,,,,,,,,,,,,,,,,,,HLT_Photon36_R9Id85_OR_CaloId10_Iso50_Photon22_v5,201.0,1.0,0.0,-82/131 ,,,,,,,,
,,,,,,TriggerPaths,,,,,,,,,,,,,,,0,,,,,,,,,,,,,,,,,,,,,,,,,,,,,,,,,,,,,,,,,,,,,,,,,,,,HLT_Photon50_CaloIdVL_v10,202.0,1.0,0.0,-82/131 ,,,,,,,,
,,,,,,TriggerPaths,,,,,,,,,,,,,,,0,,,,,,,,,,,,,,,,,,,,,,,,,,,,,,,,,,,,,,,,,,,,,,,,,,,,HLT_Photon50_CaloIdVL_IsoL_v17,203.0,1.0,0.0,-82/131 ,,,,,,,,
,,,,,,TriggerPaths,,,,,,,,,,,,,,,0,,,,,,,,,,,,,,,,,,,,,,,,,,,,,,,,,,,,,,,,,,,,,,,,,,,,HLT_Photon50_R9Id90_HE10_Iso40_EBOnly_v5,204.0,1.0,0.0,-82/131 ,,,,,,,,
,,,,,,TriggerPaths,,,,,,,,,,,,,,,0,,,,,,,,,,,,,,,,,,,,,,,,,,,,,,,,,,,,,,,,,,,,,,,,,,,,HLT_Photon60_CaloIdL_MHT70_v11,205.0,1.0,0.0,-82/131 ,,,,,,,,
,,,,,,TriggerPaths,,,,,,,,,,,,,,,0,,,,,,,,,,,,,,,,,,,,,,,,,,,,,,,,,,,,,,,,,,,,,,,,,,,,HLT_Photon60_CaloIdL_HT300_v4,206.0,1.0,0.0,-82/131 ,,,,,,,,
,,,,,,TriggerPaths,,,,,,,,,,,,,,,0,,,,,,,,,,,,,,,,,,,,,,,,,,,,,,,,,,,,,,,,,,,,,,,,,,,,HLT_Photon70_CaloIdXL_PFNoPUHT400_v3,207.0,1.0,0.0,-82/131 ,,,,,,,,
,,,,,,TriggerPaths,,,,,,,,,,,,,,,0,,,,,,,,,,,,,,,,,,,,,,,,,,,,,,,,,,,,,,,,,,,,,,,,,,,,HLT_Photon70_CaloIdXL_PFNoPUHT500_v3,208.0,1.0,0.0,-82/131 ,,,,,,,,
,,,,,,TriggerPaths,,,,,,,,,,,,,,,0,,,,,,,,,,,,,,,,,,,,,,,,,,,,,,,,,,,,,,,,,,,,,,,,,,,,HLT_Photon70_CaloIdXL_PFMET100_v6,209.0,1.0,0.0,-82/131 ,,,,,,,,
,,,,,,TriggerPaths,,,,,,,,,,,,,,,0,,,,,,,,,,,,,,,,,,,,,,,,,,,,,,,,,,,,,,,,,,,,,,,,,,,,HLT_Photon75_CaloIdVL_v13,210.0,1.0,0.0,-82/131 ,,,,,,,,
,,,,,,TriggerPaths,,,,,,,,,,,,,,,0,,,,,,,,,,,,,,,,,,,,,,,,,,,,,,,,,,,,,,,,,,,,,,,,,,,,HLT_Photon75_R9Id90_HE10_Iso40_EBOnly_v5,211.0,1.0,0.0,-82/131 ,,,,,,,,
,,,,,,TriggerPaths,,,,,,,,,,,,,,,0,,,,,,,,,,,,,,,,,,,,,,,,,,,,,,,,,,,,,,,,,,,,,,,,,,,,HLT_Photon90_CaloIdVL_v10,212.0,1.0,0.0,-82/131 ,,,,,,,,
,,,,,,TriggerPaths,,,,,,,,,,,,,,,0,,,,,,,,,,,,,,,,,,,,,,,,,,,,,,,,,,,,,,,,,,,,,,,,,,,,HLT_Photon90_R9Id90_HE10_Iso40_EBOnly_v5,213.0,1.0,0.0,-82/131 ,,,,,,,,
,,,,,,TriggerPaths,,,,,,,,,,,,,,,0,,,,,,,,,,,,,,,,,,,,,,,,,,,,,,,,,,,,,,,,,,,,,,,,,,,,HLT_DisplacedPhoton65_CaloIdVL_IsoL_PFMET25_v3,214.0,1.0,0.0,-82/131 ,,,,,,,,
,,,,,,TriggerPaths,,,,,,,,,,,,,,,0,,,,,,,,,,,,,,,,,,,,,,,,,,,,,,,,,,,,,,,,,,,,,,,,,,,,HLT_DisplacedPhoton65EBOnly_CaloIdVL_IsoL_PFMET30_v3,215.0,1.0,0.0,-82/131 ,,,,,,,,
,,,,,,TriggerPaths,,,,,,,,,,,,,,,0,,,,,,,,,,,,,,,,,,,,,,,,,,,,,,,,,,,,,,,,,,,,,,,,,,,,HLT_Photon135_v7,216.0,1.0,0.0,-82/131 ,,,,,,,,
,,,,,,TriggerPaths,,,,,,,,,,,,,,,0,,,,,,,,,,,,,,,,,,,,,,,,,,,,,,,,,,,,,,,,,,,,,,,,,,,,HLT_Photon150_v4,217.0,1.0,0.0,-82/131 ,,,,,,,,
,,,,,,TriggerPaths,,,,,,,,,,,,,,,0,,,,,,,,,,,,,,,,,,,,,,,,,,,,,,,,,,,,,,,,,,,,,,,,,,,,HLT_Photon160_v4,218.0,1.0,0.0,-82/131 ,,,,,,,,
,,,,,,TriggerPaths,,,,,,,,,,,,,,,0,,,,,,,,,,,,,,,,,,,,,,,,,,,,,,,,,,,,,,,,,,,,,,,,,,,,HLT_Photon300_NoHE_v5,219.0,1.0,0.0,-82/131 ,,,,,,,,
,,,,,,TriggerPaths,,,,,,,,,,,,,,,0,,,,,,,,,,,,,,,,,,,,,,,,,,,,,,,,,,,,,,,,,,,,,,,,,,,,HLT_DoublePhoton48_HEVT_v8,220.0,1.0,0.0,-82/131 ,,,,,,,,
,,,,,,TriggerPaths,,,,,,,,,,,,,,,0,,,,,,,,,,,,,,,,,,,,,,,,,,,,,,,,,,,,,,,,,,,,,,,,,,,,HLT_DoublePhoton53_HEVT_v2,221.0,1.0,0.0,-82/131 ,,,,,,,,
,,,,,,TriggerPaths,,,,,,,,,,,,,,,0,,,,,,,,,,,,,,,,,,,,,,,,,,,,,,,,,,,,,,,,,,,,,,,,,,,,HLT_DoublePhoton70_v6,222.0,1.0,0.0,-82/131 ,,,,,,,,
,,,,,,TriggerPaths,,,,,,,,,,,,,,,0,,,,,,,,,,,,,,,,,,,,,,,,,,,,,,,,,,,,,,,,,,,,,,,,,,,,HLT_DoublePhoton80_v7,223.0,1.0,0.0,-82/131 ,,,,,,,,
,,,,,,TriggerPaths,,,,,,,,,,,,,,,0,,,,,,,,,,,,,,,,,,,,,,,,,,,,,,,,,,,,,,,,,,,,,,,,,,,,HLT_DoublePhoton5_IsoVL_CEP_v16,224.0,1.0,0.0,,,,,,,,,
,,,,,,TriggerPaths,,,,,,,,,,,,,,,0,,,,,,,,,,,,,,,,,,,,,,,,,,,,,,,,,,,,,,,,,,,,,,,,,,,,HLT_L1SingleEG5_v6,225.0,1.0,0.0,,,,,,,,,
,,,,,,TriggerPaths,,,,,,,,,,,,,,,0,,,,,,,,,,,,,,,,,,,,,,,,,,,,,,,,,,,,,,,,,,,,,,,,,,,,HLT_L1SingleEG12_v6,226.0,1.0,0.0,,,,,,,,,
,,,,,,TriggerPaths,,,,,,,,,,,,,,,0,,,,,,,,,,,,,,,,,,,,,,,,,,,,,,,,,,,,,,,,,,,,,,,,,,,,HLT_L1DoubleEG3_FwdVeto_v2,227.0,1.0,0.0,,,,,,,,,
,,,,,,TriggerPaths,,,,,,,,,,,,,,,0,,,,,,,,,,,,,,,,,,,,,,,,,,,,,,,,,,,,,,,,,,,,,,,,,,,,HLT_L1ETM30_v2,228.0,1.0,0.0,,,,,,,,,
,,,,,,TriggerPaths,,,,,,,,,,,,,,,0,,,,,,,,,,,,,,,,,,,,,,,,,,,,,,,,,,,,,,,,,,,,,,,,,,,,HLT_L1ETM40_v2,229.0,1.0,0.0,,,,,,,,,
,,,,,,TriggerPaths,,,,,,,,,,,,,,,0,,,,,,,,,,,,,,,,,,,,,,,,,,,,,,,,,,,,,,,,,,,,,,,,,,,,HLT_L1ETM70_v2,230.0,1.0,0.0,,,,,,,,,
,,,,,,TriggerPaths,,,,,,,,,,,,,,,0,,,,,,,,,,,,,,,,,,,,,,,,,,,,,,,,,,,,,,,,,,,,,,,,,,,,HLT_L1ETM100_v2,231.0,1.0,0.0,,,,,,,,,
,,,,,,TriggerPaths,,,,,,,,,,,,,,,0,,,,,,,,,,,,,,,,,,,,,,,,,,,,,,,,,,,,,,,,,,,,,,,,,,,,HLT_Ele8_CaloIdT_TrkIdVL_v5,232.0,1.0,0.0,,,,,,,,,
,,,,,,TriggerPaths,,,,,,,,,,,,,,,0,,,,,,,,,,,,,,,,,,,,,,,,,,,,,,,,,,,,,,,,,,,,,,,,,,,,HLT_Ele8_CaloIdT_TrkIdVL_EG7_v2,233.0,1.0,0.0,,,,,,,,,
,,,,,,TriggerPaths,,,,,,,,,,,,,,,0,,,,,,,,,,,,,,,,,,,,,,,,,,,,,,,,,,,,,,,,,,,,,,,,,,,,HLT_Ele8_CaloIdT_TrkIdVL_Jet30_v7,234.0,1.0,0.0,,,,,,,,,
,,,,,,TriggerPaths,,,,,,,,,,,,,,,0,,,,,,,,,,,,,,,,,,,,,,,,,,,,,,,,,,,,,,,,,,,,,,,,,,,,HLT_Ele8_CaloIdL_CaloIsoVL_v17,235.0,1.0,0.0,,,,,,,,,
,,,,,,TriggerPaths,,,,,,,,,,,,,,,0,,,,,,,,,,,,,,,,,,,,,,,,,,,,,,,,,,,,,,,,,,,,,,,,,,,,HLT_Ele8_CaloIdT_CaloIsoVL_TrkIdVL_TrkIsoVL_v15,236.0,1.0,0.0,,,,,,,,,
,,,,,,TriggerPaths,,,,,,,,,,,,,,,0,,,,,,,,,,,,,,,,,,,,,,,,,,,,,,,,,,,,,,,,,,,,,,,,,,,,HLT_Ele17_CaloIdL_CaloIsoVL_v17,237.0,1.0,0.0,,,,,,,,,
,,,,,,TriggerPaths,,,,,,,,,,,,,,,0,,,,,,,,,,,,,,,,,,,,,,,,,,,,,,,,,,,,,,,,,,,,,,,,,,,,HLT_Ele17_CaloIdT_CaloIsoVL_TrkIdVL_TrkIsoVL_v6,238.0,1.0,0.0,,,,,,,,,
,,,,,,TriggerPaths,,,,,,,,,,,,,,,0,,,,,,,,,,,,,,,,,,,,,,,,,,,,,,,,,,,,,,,,,,,,,,,,,,,,HLT_Ele17_CaloIdT_CaloIsoVL_TrkIdVL_TrkIsoVL_Ele8_CaloIdT_CaloIsoVL_TrkIdVL_TrkIsoVL_v18,239.0,1.0,0.0,-83/127 -82/131 82/12 82/13 ,,,,,,,,
,,,,,,TriggerPaths,,,,,,,,,,,,,,,0,,,,,,,,,,,,,,,,,,,,,,,,,,,,,,,,,,,,,,,,,,,,,,,,,,,,HLT_Ele17_CaloIdVT_CaloIsoVT_TrkIdT_TrkIsoVT_Ele8_Mass50_v6,240.0,1.0,0.0,-83/127 -82/131 82/12 ,,,,,,,,
,,,,,,TriggerPaths,,,,,,,,,,,,,,,0,,,,,,,,,,,,,,,,,,,,,,,,,,,,,,,,,,,,,,,,,,,,,,,,,,,,HLT_Ele20_CaloIdVT_CaloIsoVT_TrkIdT_TrkIsoVT_SC4_Mass50_v6,241.0,1.0,0.0,,,,,,,,,
,,,,,,TriggerPaths,,,,,,,,,,,,,,,0,,,,,,,,,,,,,,,,,,,,,,,,,,,,,,,,,,,,,,,,,,,,,,,,,,,,HLT_Ele22_CaloIdL_CaloIsoVL_v6,242.0,1.0,0.0,,,,,,,,,
,,,,,,TriggerPaths,,,,,,,,,,,,,,,0,,,,,,,,,,,,,,,,,,,,,,,,,,,,,,,,,,,,,,,,,,,,,,,,,,,,HLT_Ele27_CaloIdL_CaloIsoVL_TrkIdVL_TrkIsoVL_v11,243.0,1.0,0.0,-82/131 ,,,,,,,,
,,,,,,TriggerPaths,,,,,,,,,,,,,,,0,,,,,,,,,,,,,,,,,,,,,,,,,,,,,,,,,,,,,,,,,,,,,,,,,,,,HLT_Ele27_CaloIdT_CaloIsoVL_TrkIdVL_TrkIsoVL_Ele15_CaloIdT_CaloIsoVL_trackless_v7,244.0,1.0,0.0,-82/131 82/12 82/13 ,,,,,,,,
,,,,,,TriggerPaths,,,,,,,,,,,,,,,0,,,,,,,,,,,,,,,,,,,,,,,,,,,,,,,,,,,,,,,,,,,,,,,,,,,,HLT_Ele27_CaloIdT_CaloIsoVL_TrkIdVL_TrkIsoVL_HFT15_v7,245.0,1.0,0.0,-82/131 82/12 82/13 ,,,,,,,,
,,,,,,TriggerPaths,,,,,,,,,,,,,,,0,,,,,,,,,,,,,,,,,,,,,,,,,,,,,,,,,,,,,,,,,,,,,,,,,,,,HLT_Ele23_CaloIdT_CaloIsoVL_TrkIdVL_TrkIsoVL_HFT30_v7,246.0,1.0,0.0,-82/131 82/12 82/13 ,,,,,,,,
,,,,,,TriggerPaths,,,,,,,,,,,,,,,0,,,,,,,,,,,,,,,,,,,,,,,,,,,,,,,,,,,,,,,,,,,,,,,,,,,,HLT_Ele25_CaloIdVT_CaloIsoVL_TrkIdVL_TrkIsoT_TriCentralPFNoPUJet30_v3,247.0,1.0,0.0,-82/131 82/16 0/277 ,,,,,,,,
,,,,,,TriggerPaths,,,,,,,,,,,,,,,0,,,,,,,,,,,,,,,,,,,,,,,,,,,,,,,,,,,,,,,,,,,,,,,,,,,,HLT_Ele25_CaloIdVT_CaloIsoVL_TrkIdVL_TrkIsoT_TriCentralPFNoPUJet45_35_25_v1,248.0,1.0,0.0,-82/131 82/16 0/277 ,,,,,,,,
,,,,,,TriggerPaths,,,,,,,,,,,,,,,0,,,,,,,,,,,,,,,,,,,,,,,,,,,,,,,,,,,,,,,,,,,,,,,,,,,,HLT_Ele25_CaloIdVT_CaloIsoVL_TrkIdVL_TrkIsoT_TriCentralPFNoPUJet50_40_30_v3,249.0,1.0,0.0,-82/131 82/16 0/277 ,,,,,,,,
,,,,,,TriggerPaths,,,,,,,,,,,,,,,0,,,,,,,,,,,,,,,,,,,,,,,,,,,,,,,,,,,,,,,,,,,,,,,,,,,,HLT_Ele27_WP80_v11,250.0,1.0,1.0,-82/131 82/6 ,,,,,,,,
,,,,,,TriggerPaths,,,,,,,,,,,,,,,0,,,,,,,,,,,,,,,,,,,,,,,,,,,,,,,,,,,,,,,,,,,,,,,,,,,,HLT_Ele27_WP80_PFMET_MT50_v6,251.0,1.0,0.0,-82/131 82/6 ,,,,,,,,
,,,,,,TriggerPaths,,,,,,,,,,,,,,,0,,,,,,,,,,,,,,,,,,,,,,,,,,,,,,,,,,,,,,,,,,,,,,,,,,,,HLT_Ele30_CaloIdVT_TrkIdT_v6,252.0,1.0,0.0,-82/131 ,,,,,,,,
,,,,,,TriggerPaths,,,,,,,,,,,,,,,0,,,,,,,,,,,,,,,,,,,,,,,,,,,,,,,,,,,,,,,,,,,,,,,,,,,,HLT_Ele32_CaloIdL_CaloIsoVL_TrkIdVL_TrkIsoVL_v11,253.0,1.0,0.0,-82/131 ,,,,,,,,
,,,,,,TriggerPaths,,,,,,,,,,,,,,,0,,,,,,,,,,,,,,,,,,,,,,,,,,,,,,,,,,,,,,,,,,,,,,,,,,,,HLT_Ele32_CaloIdT_CaloIsoT_TrkIdT_TrkIsoT_SC17_Mass50_v6,254.0,1.0,0.0,-82/131 92/0 82/16 ,,,,,,,,
,,,,,,TriggerPaths,,,,,,,,,,,,,,,0,,,,,,,,,,,,,,,,,,,,,,,,,,,,,,,,,,,,,,,,,,,,,,,,,,,,HLT_Ele80_CaloIdVT_GsfTrkIdT_v2,255.0,1.0,0.0,-82/131 ,,,,,,,,
,,,,,,TriggerPaths,,,,,,,,,,,,,,,0,,,,,,,,,,,,,,,,,,,,,,,,,,,,,,,,,,,,,,,,,,,,,,,,,,,,HLT_Ele90_CaloIdVT_GsfTrkIdT_v2,256.0,1.0,0.0,-82/131 ,,,,,,,,
,,,,,,TriggerPaths,,,,,,,,,,,,,,,0,,,,,,,,,,,,,,,,,,,,,,,,,,,,,,,,,,,,,,,,,,,,,,,,,,,,HLT_DoubleEle8_CaloIdT_TrkIdVL_v12,257.0,1.0,0.0,,,,,,,,,
,,,,,,TriggerPaths,,,,,,,,,,,,,,,0,,,,,,,,,,,,,,,,,,,,,,,,,,,,,,,,,,,,,,,,,,,,,,,,,,,,HLT_DoubleEle33_CaloIdL_v14,258.0,1.0,0.0,-82/131 ,,,,,,,,
,,,,,,TriggerPaths,,,,,,,,,,,,,,,0,,,,,,,,,,,,,,,,,,,,,,,,,,,,,,,,,,,,,,,,,,,,,,,,,,,,HLT_DoubleEle33_CaloIdL_GsfTrkIdVL_v7,259.0,1.0,0.0,-82/131 92/0 ,,,,,,,,
,,,,,,TriggerPaths,,,,,,,,,,,,,,,0,,,,,,,,,,,,,,,,,,,,,,,,,,,,,,,,,,,,,,,,,,,,,,,,,,,,HLT_DoubleEle33_CaloIdT_v10,260.0,1.0,0.0,-82/131 92/0 ,,,,,,,,
,,,,,,TriggerPaths,,,,,,,,,,,,,,,0,,,,,,,,,,,,,,,,,,,,,,,,,,,,,,,,,,,,,,,,,,,,,,,,,,,,HLT_Ele15_Ele8_Ele5_CaloIdL_TrkIdVL_v6,261.0,1.0,1.0,-83/127 -83/128 -82/131 82/16 82/17 82/18 ,,,,,,,,
,,,,,,TriggerPaths,,,,,,,,,,,,,,,0,,,,,,,,,,,,,,,,,,,,,,,,,,,,,,,,,,,,,,,,,,,,,,,,,,,,HLT_LooseIsoPFTau35_Trk20_Prong1_v9,262.0,1.0,0.0,,,,,,,,,
,,,,,,TriggerPaths,,,,,,,,,,,,,,,0,,,,,,,,,,,,,,,,,,,,,,,,,,,,,,,,,,,,,,,,,,,,,,,,,,,,HLT_LooseIsoPFTau35_Trk20_Prong1_MET70_v9,263.0,1.0,0.0,,,,,,,,,
,,,,,,TriggerPaths,,,,,,,,,,,,,,,0,,,,,,,,,,,,,,,,,,,,,,,,,,,,,,,,,,,,,,,,,,,,,,,,,,,,HLT_LooseIsoPFTau35_Trk20_Prong1_MET75_v9,264.0,1.0,0.0,,,,,,,,,
,,,,,,TriggerPaths,,,,,,,,,,,,,,,0,,,,,,,,,,,,,,,,,,,,,,,,,,,,,,,,,,,,,,,,,,,,,,,,,,,,HLT_IsoMu15_eta2p1_LooseIsoPFTau35_Trk20_Prong1_L1ETM20_v9,265.0,1.0,0.0,,,,,,,,,
,,,,,,TriggerPaths,,,,,,,,,,,,,,,0,,,,,,,,,,,,,,,,,,,,,,,,,,,,,,,,,,,,,,,,,,,,,,,,,,,,HLT_DoubleMediumIsoPFTau30_Trk1_eta2p1_Jet30_v4,266.0,1.0,0.0,-84/133 -86/135 84/119 84/120 85/19 85/20 85/21 85/19 85/20 85/21 84/119 84/120 84/121 ,,,,,,,,
,,,,,,TriggerPaths,,,,,,,,,,,,,,,0,,,,,,,,,,,,,,,,,,,,,,,,,,,,,,,,,,,,,,,,,,,,,,,,,,,,HLT_DoubleMediumIsoPFTau30_Trk1_eta2p1_v3,267.0,1.0,0.0,-84/133 -86/135 ,,,,,,,,
,,,,,,TriggerPaths,,,,,,,,,,,,,,,0,,,,,,,,,,,,,,,,,,,,,,,,,,,,,,,,,,,,,,,,,,,,,,,,,,,,HLT_DoubleMediumIsoPFTau35_Trk1_eta2p1_Prong1_v3,268.0,1.0,0.0,-84/133 -86/135 84/119 84/120 84/119 84/120 84/121 ,,,,,,,,
,,,,,,TriggerPaths,,,,,,,,,,,,,,,0,,,,,,,,,,,,,,,,,,,,,,,,,,,,,,,,,,,,,,,,,,,,,,,,,,,,HLT_DoubleMediumIsoPFTau35_Trk1_eta2p1_v3,269.0,1.0,0.0,-84/133 -86/135 84/119 84/120 84/119 84/120 84/121 ,,,,,,,,
,,,,,,TriggerPaths,,,,,,,,,,,,,,,0,,,,,,,,,,,,,,,,,,,,,,,,,,,,,,,,,,,,,,,,,,,,,,,,,,,,HLT_IsoMu18_eta2p1_MediumIsoPFTau25_Trk1_eta2p1_v3,270.0,1.0,0.0,,,,,,,,,
,,,,,,TriggerPaths,,,,,,,,,,,,,,,0,,,,,,,,,,,,,,,,,,,,,,,,,,,,,,,,,,,,,,,,,,,,,,,,,,,,HLT_BTagMu_DiJet20_Mu5_v6,271.0,1.0,0.0,,,,,,,,,
,,,,,,TriggerPaths,,,,,,,,,,,,,,,0,,,,,,,,,,,,,,,,,,,,,,,,,,,,,,,,,,,,,,,,,,,,,,,,,,,,HLT_BTagMu_DiJet40_Mu5_v6,272.0,1.0,0.0,,,,,,,,,
,,,,,,TriggerPaths,,,,,,,,,,,,,,,0,,,,,,,,,,,,,,,,,,,,,,,,,,,,,,,,,,,,,,,,,,,,,,,,,,,,HLT_BTagMu_DiJet70_Mu5_v6,273.0,1.0,0.0,,,,,,,,,
,,,,,,TriggerPaths,,,,,,,,,,,,,,,0,,,,,,,,,,,,,,,,,,,,,,,,,,,,,,,,,,,,,,,,,,,,,,,,,,,,HLT_BTagMu_DiJet110_Mu5_v6,274.0,1.0,0.0,,,,,,,,,
,,,,,,TriggerPaths,,,,,,,,,,,,,,,0,,,,,,,,,,,,,,,,,,,,,,,,,,,,,,,,,,,,,,,,,,,,,,,,,,,,HLT_BTagMu_Jet300_Mu5_v6,275.0,1.0,0.0,,,,,,,,,
,,,,,,TriggerPaths,,,,,,,,,,,,,,,0,,,,,,,,,,,,,,,,,,,,,,,,,,,,,,,,,,,,,,,,,,,,,,,,,,,,HLT_Mu7_Ele7_CaloIdT_CaloIsoVL_v7,276.0,1.0,0.0,,,,,,,,,
,,,,,,TriggerPaths,,,,,,,,,,,,,,,0,,,,,,,,,,,,,,,,,,,,,,,,,,,,,,,,,,,,,,,,,,,,,,,,,,,,HLT_Mu8_Ele17_CaloIdT_CaloIsoVL_TrkIdVL_TrkIsoVL_v9,277.0,1.0,0.0,,,,,,,,,
,,,,,,TriggerPaths,,,,,,,,,,,,,,,0,,,,,,,,,,,,,,,,,,,,,,,,,,,,,,,,,,,,,,,,,,,,,,,,,,,,HLT_Mu8_DiJet30_v7,278.0,1.0,0.0,,,,,,,,,
,,,,,,TriggerPaths,,,,,,,,,,,,,,,0,,,,,,,,,,,,,,,,,,,,,,,,,,,,,,,,,,,,,,,,,,,,,,,,,,,,HLT_Mu8_TriJet30_v7,279.0,1.0,0.0,,,,,,,,,
,,,,,,TriggerPaths,,,,,,,,,,,,,,,0,,,,,,,,,,,,,,,,,,,,,,,,,,,,,,,,,,,,,,,,,,,,,,,,,,,,HLT_Mu8_QuadJet30_v7,280.0,1.0,0.0,,,,,,,,,
,,,,,,TriggerPaths,,,,,,,,,,,,,,,0,,,,,,,,,,,,,,,,,,,,,,,,,,,,,,,,,,,,,,,,,,,,,,,,,,,,HLT_IsoMu12_DoubleCentralJet65_v4,281.0,1.0,0.0,-84/133 -86/135 ,,,,,,,,
,,,,,,TriggerPaths,,,,,,,,,,,,,,,0,,,,,,,,,,,,,,,,,,,,,,,,,,,,,,,,,,,,,,,,,,,,,,,,,,,,HLT_Mu15_eta2p1_L1ETM20_v5,282.0,1.0,0.0,,,,,,,,,
,,,,,,TriggerPaths,,,,,,,,,,,,,,,0,,,,,,,,,,,,,,,,,,,,,,,,,,,,,,,,,,,,,,,,,,,,,,,,,,,,HLT_Mu24_PFJet30_PFJet25_Deta3_CentralPFJet25_v3,283.0,1.0,0.0,,,,,,,,,
,,,,,,TriggerPaths,,,,,,,,,,,,,,,0,,,,,,,,,,,,,,,,,,,,,,,,,,,,,,,,,,,,,,,,,,,,,,,,,,,,HLT_Mu24_CentralPFJet30_CentralPFJet25_v3,284.0,1.0,0.0,,,,,,,,,
,,,,,,TriggerPaths,,,,,,,,,,,,,,,0,,,,,,,,,,,,,,,,,,,,,,,,,,,,,,,,,,,,,,,,,,,,,,,,,,,,HLT_IsoMu24_PFJet30_PFJet25_Deta3_CentralPFJet25_v3,285.0,1.0,0.0,,,,,,,,,
,,,,,,TriggerPaths,,,,,,,,,,,,,,,0,,,,,,,,,,,,,,,,,,,,,,,,,,,,,,,,,,,,,,,,,,,,,,,,,,,,HLT_IsoMu24_CentralPFJet30_CentralPFJet25_v3,286.0,1.0,0.0,,,,,,,,,
,,,,,,TriggerPaths,,,,,,,,,,,,,,,0,,,,,,,,,,,,,,,,,,,,,,,,,,,,,,,,,,,,,,,,,,,,,,,,,,,,HLT_IsoMu24_CentralPFJet30_CentralPFJet25_PFMET20_v3,287.0,1.0,0.0,,,,,,,,,
,,,,,,TriggerPaths,,,,,,,,,,,,,,,0,,,,,,,,,,,,,,,,,,,,,,,,,,,,,,,,,,,,,,,,,,,,,,,,,,,,HLT_Ele32_WP80_PFJet30_PFJet25_Deta3_v3,288.0,1.0,0.0,-82/131 ,,,,,,,,
,,,,,,TriggerPaths,,,,,,,,,,,,,,,0,,,,,,,,,,,,,,,,,,,,,,,,,,,,,,,,,,,,,,,,,,,,,,,,,,,,HLT_Ele32_WP80_PFJet30_PFJet25_Deta3_CentralPFJet30_v3,289.0,1.0,0.0,-82/131 82/9 ,,,,,,,,
,,,,,,TriggerPaths,,,,,,,,,,,,,,,0,,,,,,,,,,,,,,,,,,,,,,,,,,,,,,,,,,,,,,,,,,,,,,,,,,,,HLT_Ele32_WP80_CentralPFJet35_CentralPFJet25_v3,290.0,1.0,0.0,-82/131 82/9 85/143 85/143 ,,,,,,,,
,,,,,,TriggerPaths,,,,,,,,,,,,,,,0,,,,,,,,,,,,,,,,,,,,,,,,,,,,,,,,,,,,,,,,,,,,,,,,,,,,HLT_Ele32_WP80_CentralPFJet35_CentralPFJet25_PFMET20_v3,291.0,1.0,0.0,-82/131 82/9 85/143 85/143 ,,,,,,,,
,,,,,,TriggerPaths,,,,,,,,,,,,,,,0,,,,,,,,,,,,,,,,,,,,,,,,,,,,,,,,,,,,,,,,,,,,,,,,,,,,HLT_IsoMu17_eta2p1_CentralPFNoPUJet30_BTagIPIter_v3,292.0,1.0,0.0,,,,,,,,,
,,,,,,TriggerPaths,,,,,,,,,,,,,,,0,,,,,,,,,,,,,,,,,,,,,,,,,,,,,,,,,,,,,,,,,,,,,,,,,,,,HLT_IsoMu17_eta2p1_CentralPFNoPUJet30_v3,293.0,1.0,0.0,,,,,,,,,
,,,,,,TriggerPaths,,,,,,,,,,,,,,,0,,,,,,,,,,,,,,,,,,,,,,,,,,,,,,,,,,,,,,,,,,,,,,,,,,,,HLT_IsoMu17_eta2p1_DiCentralPFNoPUJet30_v3,294.0,1.0,0.0,,,,,,,,,
,,,,,,TriggerPaths,,,,,,,,,,,,,,,0,,,,,,,,,,,,,,,,,,,,,,,,,,,,,,,,,,,,,,,,,,,,,,,,,,,,HLT_IsoMu17_eta2p1_TriCentralPFNoPUJet45_35_25_v1,295.0,1.0,0.0,,,,,,,,,
,,,,,,TriggerPaths,,,,,,,,,,,,,,,0,,,,,,,,,,,,,,,,,,,,,,,,,,,,,,,,,,,,,,,,,,,,,,,,,,,,HLT_IsoMu17_eta2p1_TriCentralPFNoPUJet30_v3,296.0,1.0,0.0,,,,,,,,,
,,,,,,TriggerPaths,,,,,,,,,,,,,,,0,,,,,,,,,,,,,,,,,,,,,,,,,,,,,,,,,,,,,,,,,,,,,,,,,,,,HLT_Mu17_eta2p1_CentralPFNoPUJet30_BTagIPIter_v3,297.0,1.0,0.0,,,,,,,,,
,,,,,,TriggerPaths,,,,,,,,,,,,,,,0,,,,,,,,,,,,,,,,,,,,,,,,,,,,,,,,,,,,,,,,,,,,,,,,,,,,HLT_Mu17_eta2p1_TriCentralPFNoPUJet45_35_25_v1,298.0,1.0,0.0,,,,,,,,,
,,,,,,TriggerPaths,,,,,,,,,,,,,,,0,,,,,,,,,,,,,,,,,,,,,,,,,,,,,,,,,,,,,,,,,,,,,,,,,,,,HLT_IsoMu20_WCandPt80_v3,299.0,1.0,0.0,,,,,,,,,
,,,,,,TriggerPaths,,,,,,,,,,,,,,,0,,,,,,,,,,,,,,,,,,,,,,,,,,,,,,,,,,,,,,,,,,,,,,,,,,,,HLT_Mu17_Ele8_CaloIdT_CaloIsoVL_TrkIdVL_TrkIsoVL_v9,300.0,1.0,0.0,,,,,,,,,
,,,,,,TriggerPaths,,,,,,,,,,,,,,,0,,,,,,,,,,,,,,,,,,,,,,,,,,,,,,,,,,,,,,,,,,,,,,,,,,,,HLT_Mu12_eta2p1_DiCentral_40_20_DiBTagIP3D1stTrack_v7,301.0,1.0,0.0,,,,,,,,,
,,,,,,TriggerPaths,,,,,,,,,,,,,,,0,,,,,,,,,,,,,,,,,,,,,,,,,,,,,,,,,,,,,,,,,,,,,,,,,,,,HLT_Mu12_eta2p1_DiCentral_40_20_BTagIP3D1stTrack_v7,302.0,1.0,0.0,,,,,,,,,
,,,,,,TriggerPaths,,,,,,,,,,,,,,,0,,,,,,,,,,,,,,,,,,,,,,,,,,,,,,,,,,,,,,,,,,,,,,,,,,,,HLT_Mu12_eta2p1_DiCentral_40_20_v7,303.0,1.0,0.0,,,,,,,,,
,,,,,,TriggerPaths,,,,,,,,,,,,,,,0,,,,,,,,,,,,,,,,,,,,,,,,,,,,,,,,,,,,,,,,,,,,,,,,,,,,HLT_Mu12_eta2p1_DiCentral_20_v7,304.0,1.0,0.0,,,,,,,,,
,,,,,,TriggerPaths,,,,,,,,,,,,,,,0,,,,,,,,,,,,,,,,,,,,,,,,,,,,,,,,,,,,,,,,,,,,,,,,,,,,HLT_Mu15_eta2p1_TriCentral_40_20_20_DiBTagIP3D1stTrack_v7,305.0,1.0,0.0,,,,,,,,,
,,,,,,TriggerPaths,,,,,,,,,,,,,,,0,,,,,,,,,,,,,,,,,,,,,,,,,,,,,,,,,,,,,,,,,,,,,,,,,,,,HLT_Mu15_eta2p1_TriCentral_40_20_20_BTagIP3D1stTrack_v7,306.0,1.0,0.0,,,,,,,,,
,,,,,,TriggerPaths,,,,,,,,,,,,,,,0,,,,,,,,,,,,,,,,,,,,,,,,,,,,,,,,,,,,,,,,,,,,,,,,,,,,HLT_Mu15_eta2p1_TriCentral_40_20_20_v7,307.0,1.0,0.0,,,,,,,,,
,,,,,,TriggerPaths,,,,,,,,,,,,,,,0,,,,,,,,,,,,,,,,,,,,,,,,,,,,,,,,,,,,,,,,,,,,,,,,,,,,HLT_Mu30_Ele30_CaloIdL_v8,308.0,1.0,0.0,,,,,,,,,
,,,,,,TriggerPaths,,,,,,,,,,,,,,,0,,,,,,,,,,,,,,,,,,,,,,,,,,,,,,,,,,,,,,,,,,,,,,,,,,,,HLT_IsoMu17_eta2p1_DiCentralPFNoPUJet30_PFNoPUHT350_PFMHT40_v2,309.0,1.0,0.0,,,,,,,,,
,,,,,,TriggerPaths,,,,,,,,,,,,,,,0,,,,,,,,,,,,,,,,,,,,,,,,,,,,,,,,,,,,,,,,,,,,,,,,,,,,HLT_IsoMu20_eta2p1_CentralPFJet80_v8,310.0,1.0,0.0,,,,,,,,,
,,,,,,TriggerPaths,,,,,,,,,,,,,,,0,,,,,,,,,,,,,,,,,,,,,,,,,,,,,,,,,,,,,,,,,,,,,,,,,,,,HLT_DoubleRelIso1p0Mu5_Mass8_PFNoPUHT175_v3,311.0,1.0,0.0,,,,,,,,,
,,,,,,TriggerPaths,,,,,,,,,,,,,,,0,,,,,,,,,,,,,,,,,,,,,,,,,,,,,,,,,,,,,,,,,,,,,,,,,,,,HLT_DoubleRelIso1p0Mu5_Mass8_PFNoPUHT225_v3,312.0,1.0,0.0,,,,,,,,,
,,,,,,TriggerPaths,,,,,,,,,,,,,,,0,,,,,,,,,,,,,,,,,,,,,,,,,,,,,,,,,,,,,,,,,,,,,,,,,,,,HLT_DoubleMu8_Mass8_PFNoPUHT175_v3,313.0,1.0,0.0,,,,,,,,,
,,,,,,TriggerPaths,,,,,,,,,,,,,,,0,,,,,,,,,,,,,,,,,,,,,,,,,,,,,,,,,,,,,,,,,,,,,,,,,,,,HLT_DoubleMu8_Mass8_PFNoPUHT225_v3,314.0,1.0,0.0,,,,,,,,,
,,,,,,TriggerPaths,,,,,,,,,,,,,,,0,,,,,,,,,,,,,,,,,,,,,,,,,,,,,,,,,,,,,,,,,,,,,,,,,,,,HLT_RelIso1p0Mu5_Ele8_CaloIdT_TrkIdVL_Mass8_PFNoPUHT175_v3,315.0,1.0,0.0,,,,,,,,,
,,,,,,TriggerPaths,,,,,,,,,,,,,,,0,,,,,,,,,,,,,,,,,,,,,,,,,,,,,,,,,,,,,,,,,,,,,,,,,,,,HLT_RelIso1p0Mu5_Ele8_CaloIdT_TrkIdVL_Mass8_PFNoPUHT225_v3,316.0,1.0,0.0,,,,,,,,,
,,,,,,TriggerPaths,,,,,,,,,,,,,,,0,,,,,,,,,,,,,,,,,,,,,,,,,,,,,,,,,,,,,,,,,,,,,,,,,,,,HLT_Mu8_Ele8_CaloIdT_TrkIdVL_Mass8_PFNoPUHT175_v3,317.0,1.0,0.0,,,,,,,,,
,,,,,,TriggerPaths,,,,,,,,,,,,,,,0,,,,,,,,,,,,,,,,,,,,,,,,,,,,,,,,,,,,,,,,,,,,,,,,,,,,HLT_Mu8_Ele8_CaloIdT_TrkIdVL_Mass8_PFNoPUHT225_v3,318.0,1.0,0.0,,,,,,,,,
,,,,,,TriggerPaths,,,,,,,,,,,,,,,0,,,,,,,,,,,,,,,,,,,,,,,,,,,,,,,,,,,,,,,,,,,,,,,,,,,,HLT_PFNoPUHT350_Mu15_PFMET45_v3,319.0,1.0,0.0,,,,,,,,,
,,,,,,TriggerPaths,,,,,,,,,,,,,,,0,,,,,,,,,,,,,,,,,,,,,,,,,,,,,,,,,,,,,,,,,,,,,,,,,,,,HLT_PFNoPUHT350_Mu15_PFMET50_v3,320.0,1.0,0.0,,,,,,,,,
,,,,,,TriggerPaths,,,,,,,,,,,,,,,0,,,,,,,,,,,,,,,,,,,,,,,,,,,,,,,,,,,,,,,,,,,,,,,,,,,,HLT_PFNoPUHT400_Mu5_PFMET45_v3,321.0,1.0,0.0,,,,,,,,,
,,,,,,TriggerPaths,,,,,,,,,,,,,,,0,,,,,,,,,,,,,,,,,,,,,,,,,,,,,,,,,,,,,,,,,,,,,,,,,,,,HLT_PFNoPUHT400_Mu5_PFMET50_v3,322.0,1.0,0.0,,,,,,,,,
,,,,,,TriggerPaths,,,,,,,,,,,,,,,0,,,,,,,,,,,,,,,,,,,,,,,,,,,,,,,,,,,,,,,,,,,,,,,,,,,,HLT_Mu40_PFNoPUHT350_v3,323.0,1.0,0.0,,,,,,,,,
,,,,,,TriggerPaths,,,,,,,,,,,,,,,0,,,,,,,,,,,,,,,,,,,,,,,,,,,,,,,,,,,,,,,,,,,,,,,,,,,,HLT_Mu60_PFNoPUHT350_v3,324.0,1.0,0.0,,,,,,,,,
,,,,,,TriggerPaths,,,,,,,,,,,,,,,0,,,,,,,,,,,,,,,,,,,,,,,,,,,,,,,,,,,,,,,,,,,,,,,,,,,,HLT_DoubleMu5_Ele8_CaloIdT_TrkIdVL_v16,325.0,1.0,0.0,,,,,,,,,
,,,,,,TriggerPaths,,,,,,,,,,,,,,,0,,,,,,,,,,,,,,,,,,,,,,,,,,,,,,,,,,,,,,,,,,,,,,,,,,,,HLT_DoubleMu8_Ele8_CaloIdT_TrkIdVL_v5,326.0,1.0,0.0,,,,,,,,,
,,,,,,TriggerPaths,,,,,,,,,,,,,,,0,,,,,,,,,,,,,,,,,,,,,,,,,,,,,,,,,,,,,,,,,,,,,,,,,,,,HLT_Ele8_CaloIdT_CaloIsoVL_TrkIdVL_TrkIsoVL_Jet30_v7,327.0,1.0,0.0,,,,,,,,,
,,,,,,TriggerPaths,,,,,,,,,,,,,,,0,,,,,,,,,,,,,,,,,,,,,,,,,,,,,,,,,,,,,,,,,,,,,,,,,,,,HLT_Ele8_CaloIdT_TrkIdT_DiJet30_v18,328.0,1.0,0.0,,,,,,,,,
,,,,,,TriggerPaths,,,,,,,,,,,,,,,0,,,,,,,,,,,,,,,,,,,,,,,,,,,,,,,,,,,,,,,,,,,,,,,,,,,,HLT_Ele8_CaloIdT_TrkIdT_TriJet30_v18,329.0,1.0,0.0,,,,,,,,,
,,,,,,TriggerPaths,,,,,,,,,,,,,,,0,,,,,,,,,,,,,,,,,,,,,,,,,,,,,,,,,,,,,,,,,,,,,,,,,,,,HLT_Ele8_CaloIdT_TrkIdT_QuadJet30_v18,330.0,1.0,0.0,,,,,,,,,
,,,,,,TriggerPaths,,,,,,,,,,,,,,,0,,,,,,,,,,,,,,,,,,,,,,,,,,,,,,,,,,,,,,,,,,,,,,,,,,,,HLT_Ele17_CaloIdT_CaloIsoVL_TrkIdVL_TrkIsoVL_Jet30_v7,331.0,1.0,0.0,,,,,,,,,
,,,,,,TriggerPaths,,,,,,,,,,,,,,,0,,,,,,,,,,,,,,,,,,,,,,,,,,,,,,,,,,,,,,,,,,,,,,,,,,,,HLT_Ele25_CaloIdVT_CaloIsoT_TrkIdT_TrkIsoT_CentralPFNoPUJet30_v7,332.0,1.0,0.0,-82/131 ,,,,,,,,
,,,,,,TriggerPaths,,,,,,,,,,,,,,,0,,,,,,,,,,,,,,,,,,,,,,,,,,,,,,,,,,,,,,,,,,,,,,,,,,,,HLT_Ele25_CaloIdVT_CaloIsoVL_TrkIdVL_TrkIsoT_DiCentralPFNoPUJet30_v1,333.0,1.0,0.0,-82/131 ,,,,,,,,
,,,,,,TriggerPaths,,,,,,,,,,,,,,,0,,,,,,,,,,,,,,,,,,,,,,,,,,,,,,,,,,,,,,,,,,,,,,,,,,,,HLT_Ele25_CaloIdVT_CaloIsoT_TrkIdT_TrkIsoT_CentralPFNoPUJet30_BTagIPIter_v8,334.0,1.0,0.0,-82/131 82/16 86/277 ,,,,,,,,
,,,,,,TriggerPaths,,,,,,,,,,,,,,,0,,,,,,,,,,,,,,,,,,,,,,,,,,,,,,,,,,,,,,,,,,,,,,,,,,,,HLT_Ele27_WP80_CentralPFJet80_v8,335.0,1.0,0.0,-82/131 82/6 ,,,,,,,,
,,,,,,TriggerPaths,,,,,,,,,,,,,,,0,,,,,,,,,,,,,,,,,,,,,,,,,,,,,,,,,,,,,,,,,,,,,,,,,,,,HLT_Ele27_WP80_WCandPt80_v8,336.0,1.0,0.0,-82/131 82/6 90/123 ,,,,,,,,
,,,,,,TriggerPaths,,,,,,,,,,,,,,,0,,,,,,,,,,,,,,,,,,,,,,,,,,,,,,,,,,,,,,,,,,,,,,,,,,,,HLT_Ele30_CaloIdVT_TrkIdT_PFNoPUJet100_PFNoPUJet25_v7,337.0,1.0,0.0,-82/131 81/0 82/16 85/276 85/277 0/277 ,,,,,,,,
,,,,,,TriggerPaths,,,,,,,,,,,,,,,0,,,,,,,,,,,,,,,,,,,,,,,,,,,,,,,,,,,,,,,,,,,,,,,,,,,,HLT_Ele30_CaloIdVT_TrkIdT_PFNoPUJet150_PFNoPUJet25_v7,338.0,1.0,0.0,-82/131 81/0 82/16 85/276 85/277 0/277 ,,,,,,,,
,,,,,,TriggerPaths,,,,,,,,,,,,,,,0,,,,,,,,,,,,,,,,,,,,,,,,,,,,,,,,,,,,,,,,,,,,,,,,,,,,HLT_DoubleEle8_CaloIdT_TrkIdVL_Mass8_PFNoPUHT175_v3,339.0,1.0,0.0,-83/127 -82/131 -89/139 ,,,,,,,,
,,,,,,TriggerPaths,,,,,,,,,,,,,,,0,,,,,,,,,,,,,,,,,,,,,,,,,,,,,,,,,,,,,,,,,,,,,,,,,,,,HLT_DoubleEle8_CaloIdT_TrkIdVL_Mass8_PFNoPUHT225_v3,340.0,1.0,0.0,-83/127 -82/131 -89/139 ,,,,,,,,
,,,,,,TriggerPaths,,,,,,,,,,,,,,,0,,,,,,,,,,,,,,,,,,,,,,,,,,,,,,,,,,,,,,,,,,,,,,,,,,,,HLT_DoubleEle10_CaloIdL_TrkIdVL_Ele10_CaloIdT_TrkIdVL_v12,341.0,1.0,0.0,,,,,,,,,
,,,,,,TriggerPaths,,,,,,,,,,,,,,,0,,,,,,,,,,,,,,,,,,,,,,,,,,,,,,,,,,,,,,,,,,,,,,,,,,,,HLT_TripleEle10_CaloIdL_TrkIdVL_v18,342.0,1.0,0.0,,,,,,,,,
,,,,,,TriggerPaths,,,,,,,,,,,,,,,0,,,,,,,,,,,,,,,,,,,,,,,,,,,,,,,,,,,,,,,,,,,,,,,,,,,,HLT_RsqMR40_Rsq0p04_v6,343.0,1.0,0.0,-84/133 -86/135 ,,,,,,,,
,,,,,,TriggerPaths,,,,,,,,,,,,,,,0,,,,,,,,,,,,,,,,,,,,,,,,,,,,,,,,,,,,,,,,,,,,,,,,,,,,HLT_RsqMR45_Rsq0p09_v5,344.0,1.0,0.0,-84/133 -86/135 85/19 ,,,,,,,,
,,,,,,TriggerPaths,,,,,,,,,,,,,,,0,,,,,,,,,,,,,,,,,,,,,,,,,,,,,,,,,,,,,,,,,,,,,,,,,,,,HLT_RsqMR55_Rsq0p09_MR150_v6,345.0,1.0,0.0,-84/133 -86/135 85/19 ,,,,,,,,
,,,,,,TriggerPaths,,,,,,,,,,,,,,,0,,,,,,,,,,,,,,,,,,,,,,,,,,,,,,,,,,,,,,,,,,,,,,,,,,,,HLT_RsqMR60_Rsq0p09_MR150_v6,346.0,1.0,0.0,-84/133 -86/135 85/19 ,,,,,,,,
,,,,,,TriggerPaths,,,,,,,,,,,,,,,0,,,,,,,,,,,,,,,,,,,,,,,,,,,,,,,,,,,,,,,,,,,,,,,,,,,,HLT_RsqMR65_Rsq0p09_MR150_v5,347.0,1.0,0.0,-84/133 -86/135 85/19 ,,,,,,,,
,,,,,,TriggerPaths,,,,,,,,,,,,,,,0,,,,,,,,,,,,,,,,,,,,,,,,,,,,,,,,,,,,,,,,,,,,,,,,,,,,HLT_IsoMu12_RsqMR30_Rsq0p04_MR200_v4,348.0,1.0,0.0,-84/133 -86/135 ,,,,,,,,
,,,,,,TriggerPaths,,,,,,,,,,,,,,,0,,,,,,,,,,,,,,,,,,,,,,,,,,,,,,,,,,,,,,,,,,,,,,,,,,,,HLT_IsoMu12_RsqMR40_Rsq0p04_MR200_v4,349.0,1.0,0.0,-84/133 -86/135 ,,,,,,,,
,,,,,,TriggerPaths,,,,,,,,,,,,,,,0,,,,,,,,,,,,,,,,,,,,,,,,,,,,,,,,,,,,,,,,,,,,,,,,,,,,HLT_Ele12_CaloIdT_CaloIsoVL_TrkIdVL_TrkIsoVL_RsqMR30_Rsq0p04_MR200_v4,350.0,1.0,0.0,-84/133 -86/135 85/19 ,,,,,,,,
,,,,,,TriggerPaths,,,,,,,,,,,,,,,0,,,,,,,,,,,,,,,,,,,,,,,,,,,,,,,,,,,,,,,,,,,,,,,,,,,,HLT_Ele12_CaloIdT_CaloIsoVL_TrkIdVL_TrkIsoVL_RsqMR40_Rsq0p04_MR200_v4,351.0,1.0,0.0,-84/133 -86/135 85/19 ,,,,,,,,
,,,,,,TriggerPaths,,,,,,,,,,,,,,,0,,,,,,,,,,,,,,,,,,,,,,,,,,,,,,,,,,,,,,,,,,,,,,,,,,,,HLT_Ele12_CaloIdT_CaloIsoVL_TrkIdVL_TrkIsoVL_DoubleCentralJet65_v4,352.0,1.0,0.0,-84/133 -86/135 ,,,,,,,,
,,,,,,TriggerPaths,,,,,,,,,,,,,,,0,,,,,,,,,,,,,,,,,,,,,,,,,,,,,,,,,,,,,,,,,,,,,,,,,,,,HLT_Photon40_CaloIdL_RsqMR40_Rsq0p09_MR150_v6,353.0,1.0,0.0,-82/131 ,,,,,,,,
,,,,,,TriggerPaths,,,,,,,,,,,,,,,0,,,,,,,,,,,,,,,,,,,,,,,,,,,,,,,,,,,,,,,,,,,,,,,,,,,,HLT_Photon40_CaloIdL_RsqMR45_Rsq0p09_MR150_v6,354.0,1.0,0.0,-82/131 81/0 85/19 85/20 ,,,,,,,,
,,,,,,TriggerPaths,,,,,,,,,,,,,,,0,,,,,,,,,,,,,,,,,,,,,,,,,,,,,,,,,,,,,,,,,,,,,,,,,,,,HLT_Photon40_CaloIdL_RsqMR50_Rsq0p09_MR150_v6,355.0,1.0,0.0,-82/131 81/0 85/19 85/20 ,,,,,,,,
,,,,,,TriggerPaths,,,,,,,,,,,,,,,0,,,,,,,,,,,,,,,,,,,,,,,,,,,,,,,,,,,,,,,,,,,,,,,,,,,,HLT_DoublePhoton40_CaloIdL_Rsq0p035_v6,356.0,1.0,0.0,-82/131 81/0 ,,,,,,,,
,,,,,,TriggerPaths,,,,,,,,,,,,,,,0,,,,,,,,,,,,,,,,,,,,,,,,,,,,,,,,,,,,,,,,,,,,,,,,,,,,HLT_DoublePhoton40_CaloIdL_Rsq0p06_v6,357.0,1.0,0.0,-82/131 81/0 ,,,,,,,,
,,,,,,TriggerPaths,,,,,,,,,,,,,,,0,,,,,,,,,,,,,,,,,,,,,,,,,,,,,,,,,,,,,,,,,,,,,,,,,,,,HLT_Mu22_Photon22_CaloIdL_v7,358.0,1.0,0.0,,,,,,,,,
,,,,,,TriggerPaths,,,,,,,,,,,,,,,0,,,,,,,,,,,,,,,,,,,,,,,,,,,,,,,,,,,,,,,,,,,,,,,,,,,,HLT_Mu8_DoubleEle8_CaloIdT_TrkIdVL_v7,359.0,1.0,0.0,,,,,,,,,
,,,,,,TriggerPaths,,,,,,,,,,,,,,,0,,,,,,,,,,,,,,,,,,,,,,,,,,,,,,,,,,,,,,,,,,,,,,,,,,,,HLT_Mu8_Ele8_CaloIdT_TrkIdVL_Ele8_CaloIdL_TrkIdVL_v7,360.0,1.0,0.0,,,,,,,,,
,,,,,,TriggerPaths,,,,,,,,,,,,,,,0,,,,,,,,,,,,,,,,,,,,,,,,,,,,,,,,,,,,,,,,,,,,,,,,,,,,HLT_DoubleMu14_Mass8_PFMET40_v7,361.0,1.0,0.0,,,,,,,,,
,,,,,,TriggerPaths,,,,,,,,,,,,,,,0,,,,,,,,,,,,,,,,,,,,,,,,,,,,,,,,,,,,,,,,,,,,,,,,,,,,HLT_DoubleMu14_Mass8_PFMET50_v7,362.0,1.0,0.0,,,,,,,,,
,,,,,,TriggerPaths,,,,,,,,,,,,,,,0,,,,,,,,,,,,,,,,,,,,,,,,,,,,,,,,,,,,,,,,,,,,,,,,,,,,HLT_DoubleEle14_CaloIdT_TrkIdVL_Mass8_PFMET40_v7,363.0,1.0,0.0,-83/127 -82/131 ,,,,,,,,
,,,,,,TriggerPaths,,,,,,,,,,,,,,,0,,,,,,,,,,,,,,,,,,,,,,,,,,,,,,,,,,,,,,,,,,,,,,,,,,,,HLT_DoubleEle14_CaloIdT_TrkIdVL_Mass8_PFMET50_v7,364.0,1.0,0.0,-83/127 -82/131 ,,,,,,,,
,,,,,,TriggerPaths,,,,,,,,,,,,,,,0,,,,,,,,,,,,,,,,,,,,,,,,,,,,,,,,,,,,,,,,,,,,,,,,,,,,HLT_Mu14_Ele14_CaloIdT_TrkIdVL_Mass8_PFMET40_v7,365.0,1.0,0.0,,,,,,,,,
,,,,,,TriggerPaths,,,,,,,,,,,,,,,0,,,,,,,,,,,,,,,,,,,,,,,,,,,,,,,,,,,,,,,,,,,,,,,,,,,,HLT_Mu14_Ele14_CaloIdT_TrkIdVL_Mass8_PFMET50_v7,366.0,1.0,0.0,,,,,,,,,
,,,,,,TriggerPaths,,,,,,,,,,,,,,,0,,,,,,,,,,,,,,,,,,,,,,,,,,,,,,,,,,,,,,,,,,,,,,,,,,,,HLT_PFNoPUHT350_PFMET100_v3,367.0,1.0,0.0,,,,,,,,,
,,,,,,TriggerPaths,,,,,,,,,,,,,,,0,,,,,,,,,,,,,,,,,,,,,,,,,,,,,,,,,,,,,,,,,,,,,,,,,,,,HLT_PFNoPUHT400_PFMET100_v3,368.0,1.0,0.0,,,,,,,,,
,,,,,,TriggerPaths,,,,,,,,,,,,,,,0,,,,,,,,,,,,,,,,,,,,,,,,,,,,,,,,,,,,,,,,,,,,,,,,,,,,HLT_CleanPFNoPUHT350_Ele5_CaloIdT_CaloIsoVL_TrkIdT_TrkIsoVL_PFMET45_v2,369.0,1.0,0.0,,,,,,,,,
,,,,,,TriggerPaths,,,,,,,,,,,,,,,0,,,,,,,,,,,,,,,,,,,,,,,,,,,,,,,,,,,,,,,,,,,,,,,,,,,,HLT_CleanPFNoPUHT350_Ele5_CaloIdT_CaloIsoVL_TrkIdT_TrkIsoVL_PFMET50_v2,370.0,1.0,0.0,,,,,,,,,
,,,,,,TriggerPaths,,,,,,,,,,,,,,,0,,,,,,,,,,,,,,,,,,,,,,,,,,,,,,,,,,,,,,,,,,,,,,,,,,,,HLT_CleanPFNoPUHT300_Ele15_CaloIdT_CaloIsoVL_TrkIdT_TrkIsoVL_PFMET45_v2,371.0,1.0,0.0,,,,,,,,,
,,,,,,TriggerPaths,,,,,,,,,,,,,,,0,,,,,,,,,,,,,,,,,,,,,,,,,,,,,,,,,,,,,,,,,,,,,,,,,,,,HLT_CleanPFNoPUHT300_Ele15_CaloIdT_CaloIsoVL_TrkIdT_TrkIsoVL_PFMET50_v2,372.0,1.0,0.0,,,,,,,,,
,,,,,,TriggerPaths,,,,,,,,,,,,,,,0,,,,,,,,,,,,,,,,,,,,,,,,,,,,,,,,,,,,,,,,,,,,,,,,,,,,HLT_CleanPFNoPUHT300_Ele40_CaloIdVT_TrkIdT_v2,373.0,1.0,0.0,,,,,,,,,
,,,,,,TriggerPaths,,,,,,,,,,,,,,,0,,,,,,,,,,,,,,,,,,,,,,,,,,,,,,,,,,,,,,,,,,,,,,,,,,,,HLT_CleanPFNoPUHT300_Ele60_CaloIdVT_TrkIdT_v2,374.0,1.0,0.0,,,,,,,,,
,,,,,,TriggerPaths,,,,,,,,,,,,,,,0,,,,,,,,,,,,,,,,,,,,,,,,,,,,,,,,,,,,,,,,,,,,,,,,,,,,HLT_Ele5_SC5_Jpsi_Mass2to15_v4,375.0,1.0,0.0,,,,,,,,,
,,,,,,TriggerPaths,,,,,,,,,,,,,,,0,,,,,,,,,,,,,,,,,,,,,,,,,,,,,,,,,,,,,,,,,,,,,,,,,,,,HLT_DiJet35_MJJ650_AllJets_DEta3p5_VBF_v5,376.0,1.0,0.0,,,,,,,,,
,,,,,,TriggerPaths,,,,,,,,,,,,,,,0,,,,,,,,,,,,,,,,,,,,,,,,,,,,,,,,,,,,,,,,,,,,,,,,,,,,HLT_DiJet35_MJJ700_AllJets_DEta3p5_VBF_v5,377.0,1.0,0.0,,,,,,,,,
,,,,,,TriggerPaths,,,,,,,,,,,,,,,0,,,,,,,,,,,,,,,,,,,,,,,,,,,,,,,,,,,,,,,,,,,,,,,,,,,,HLT_DiJet35_MJJ750_AllJets_DEta3p5_VBF_v5,378.0,1.0,0.0,,,,,,,,,
,,,,,,TriggerPaths,,,,,,,,,,,,,,,0,,,,,,,,,,,,,,,,,,,,,,,,,,,,,,,,,,,,,,,,,,,,,,,,,,,,HLT_Ele22_eta2p1_WP90Rho_LooseIsoPFTau20_v6,379.0,1.0,1.0,-82/131 81/0 81/0 81/0 81/0 92/0 82/16 82/17 82/16 82/17 82/16 82/16 84/404 84/405 82/16 84/405 ,,,,,,,,
,,,,,,TriggerPaths,,,,,,,,,,,,,,,0,,,,,,,,,,,,,,,,,,,,,,,,,,,,,,,,,,,,,,,,,,,,,,,,,,,,HLT_Ele22_eta2p1_WP90NoIso_LooseIsoPFTau20_v6,380.0,1.0,0.0,-82/131 ,,,,,,,,
,,,,,,TriggerPaths,,,,,,,,,,,,,,,0,,,,,,,,,,,,,,,,,,,,,,,,,,,,,,,,,,,,,,,,,,,,,,,,,,,,HLT_IsoMu17_eta2p1_LooseIsoPFTau20_v6,381.0,1.0,0.0,,,,,,,,,
,,,,,,TriggerPaths,,,,,,,,,,,,,,,0,,,,,,,,,,,,,,,,,,,,,,,,,,,,,,,,,,,,,,,,,,,,,,,,,,,,HLT_Mu17_eta2p1_LooseIsoPFTau20_v6,382.0,1.0,0.0,,,,,,,,,
,,,,,,TriggerPaths,,,,,,,,,,,,,,,0,,,,,,,,,,,,,,,,,,,,,,,,,,,,,,,,,,,,,,,,,,,,,,,,,,,,HLT_PixelTracks_Multiplicity70_v3,383.0,1.0,0.0,,,,,,,,,
,,,,,,TriggerPaths,,,,,,,,,,,,,,,0,,,,,,,,,,,,,,,,,,,,,,,,,,,,,,,,,,,,,,,,,,,,,,,,,,,,HLT_PixelTracks_Multiplicity80_v12,384.0,1.0,0.0,,,,,,,,,
,,,,,,TriggerPaths,,,,,,,,,,,,,,,0,,,,,,,,,,,,,,,,,,,,,,,,,,,,,,,,,,,,,,,,,,,,,,,,,,,,HLT_PixelTracks_Multiplicity90_v3,385.0,1.0,0.0,,,,,,,,,
,,,,,,TriggerPaths,,,,,,,,,,,,,,,0,,,,,,,,,,,,,,,,,,,,,,,,,,,,,,,,,,,,,,,,,,,,,,,,,,,,DST_HT250_v4,386.0,1.0,0.0,-84/133 -86/135 ,,,,,,,,
,,,,,,TriggerPaths,,,,,,,,,,,,,,,0,,,,,,,,,,,,,,,,,,,,,,,,,,,,,,,,,,,,,,,,,,,,,,,,,,,,DST_L1HTT_Or_L1MultiJet_v4,387.0,1.0,0.0,-84/133 -86/135 ,,,,,,,,
,,,,,,TriggerPaths,,,,,,,,,,,,,,,0,,,,,,,,,,,,,,,,,,,,,,,,,,,,,,,,,,,,,,,,,,,,,,,,,,,,DST_Mu5_HT250_v4,388.0,1.0,0.0,-84/133 -86/135 ,,,,,,,,
,,,,,,TriggerPaths,,,,,,,,,,,,,,,0,,,,,,,,,,,,,,,,,,,,,,,,,,,,,,,,,,,,,,,,,,,,,,,,,,,,DST_Ele8_CaloIdL_CaloIsoVL_TrkIdVL_TrkIsoVL_HT250_v4,389.0,1.0,0.0,-84/133 -86/135 ,,,,,,,,
,,,,,,TriggerPaths,,,,,,,,,,,,,,,0,,,,,,,,,,,,,,,,,,,,,,,,,,,,,,,,,,,,,,,,,,,,,,,,,,,,HLT_BeamGas_HF_Beam1_v5,390.0,1.0,0.0,,,,,,,,,
,,,,,,TriggerPaths,,,,,,,,,,,,,,,0,,,,,,,,,,,,,,,,,,,,,,,,,,,,,,,,,,,,,,,,,,,,,,,,,,,,HLT_BeamGas_HF_Beam2_v5,391.0,1.0,0.0,,,,,,,,,
,,,,,,TriggerPaths,,,,,,,,,,,,,,,0,,,,,,,,,,,,,,,,,,,,,,,,,,,,,,,,,,,,,,,,,,,,,,,,,,,,HLT_BeamHalo_v13,392.0,1.0,0.0,,,,,,,,,
,,,,,,TriggerPaths,,,,,,,,,,,,,,,0,,,,,,,,,,,,,,,,,,,,,,,,,,,,,,,,,,,,,,,,,,,,,,,,,,,,HLT_IsoTrackHE_v15,393.0,1.0,0.0,,,,,,,,,
,,,,,,TriggerPaths,,,,,,,,,,,,,,,0,,,,,,,,,,,,,,,,,,,,,,,,,,,,,,,,,,,,,,,,,,,,,,,,,,,,HLT_IsoTrackHB_v14,394.0,1.0,0.0,,,,,,,,,
,,,,,,TriggerPaths,,,,,,,,,,,,,,,0,,,,,,,,,,,,,,,,,,,,,,,,,,,,,,,,,,,,,,,,,,,,,,,,,,,,HLT_HcalPhiSym_v11,395.0,1.0,0.0,,,,,,,,,
,,,,,,TriggerPaths,,,,,,,,,,,,,,,0,,,,,,,,,,,,,,,,,,,,,,,,,,,,,,,,,,,,,,,,,,,,,,,,,,,,HLT_HcalNZS_v10,396.0,1.0,0.0,,,,,,,,,
,,,,,,TriggerPaths,,,,,,,,,,,,,,,0,,,,,,,,,,,,,,,,,,,,,,,,,,,,,,,,,,,,,,,,,,,,,,,,,,,,HLT_GlobalRunHPDNoise_v8,397.0,1.0,0.0,,,,,,,,,
,,,,,,TriggerPaths,,,,,,,,,,,,,,,0,,,,,,,,,,,,,,,,,,,,,,,,,,,,,,,,,,,,,,,,,,,,,,,,,,,,HLT_L1Tech_HBHEHO_totalOR_v6,398.0,1.0,0.0,,,,,,,,,
,,,,,,TriggerPaths,,,,,,,,,,,,,,,0,,,,,,,,,,,,,,,,,,,,,,,,,,,,,,,,,,,,,,,,,,,,,,,,,,,,HLT_L1Tech_HCAL_HF_single_channel_v4,399.0,1.0,0.0,,,,,,,,,
,,,,,,TriggerPaths,,,,,,,,,,,,,,,0,,,,,,,,,,,,,,,,,,,,,,,,,,,,,,,,,,,,,,,,,,,,,,,,,,,,HLT_ZeroBias_v7,400.0,1.0,0.0,,,,,,,,,
,,,,,,TriggerPaths,,,,,,,,,,,,,,,0,,,,,,,,,,,,,,,,,,,,,,,,,,,,,,,,,,,,,,,,,,,,,,,,,,,,HLT_ZeroBiasPixel_DoubleTrack_v2,401.0,1.0,0.0,,,,,,,,,
,,,,,,TriggerPaths,,,,,,,,,,,,,,,0,,,,,,,,,,,,,,,,,,,,,,,,,,,,,,,,,,,,,,,,,,,,,,,,,,,,HLT_Physics_v5,402.0,1.0,0.0,,,,,,,,,
,,,,,,TriggerPaths,,,,,,,,,,,,,,,0,,,,,,,,,,,,,,,,,,,,,,,,,,,,,,,,,,,,,,,,,,,,,,,,,,,,DST_Physics_v5,403.0,1.0,0.0,,,,,,,,,
,,,,,,TriggerPaths,,,,,,,,,,,,,,,0,,,,,,,,,,,,,,,,,,,,,,,,,,,,,,,,,,,,,,,,,,,,,,,,,,,,HLT_DTCalibration_v2,404.0,1.0,0.0,,,,,,,,,
,,,,,,TriggerPaths,,,,,,,,,,,,,,,0,,,,,,,,,,,,,,,,,,,,,,,,,,,,,,,,,,,,,,,,,,,,,,,,,,,,HLT_EcalCalibration_v3,405.0,1.0,0.0,,,,,,,,,
,,,,,,TriggerPaths,,,,,,,,,,,,,,,0,,,,,,,,,,,,,,,,,,,,,,,,,,,,,,,,,,,,,,,,,,,,,,,,,,,,HLT_HcalCalibration_v3,406.0,1.0,0.0,,,,,,,,,
,,,,,,TriggerPaths,,,,,,,,,,,,,,,0,,,,,,,,,,,,,,,,,,,,,,,,,,,,,,,,,,,,,,,,,,,,,,,,,,,,HLT_TrackerCalibration_v3,407.0,1.0,0.0,,,,,,,,,
,,,,,,TriggerPaths,,,,,,,,,,,,,,,0,,,,,,,,,,,,,,,,,,,,,,,,,,,,,,,,,,,,,,,,,,,,,,,,,,,,HLT_Random_v2,408.0,1.0,0.0,,,,,,,,,
,,,,,,TriggerPaths,,,,,,,,,,,,,,,0,,,,,,,,,,,,,,,,,,,,,,,,,,,,,,,,,,,,,,,,,,,,,,,,,,,,HLT_L1SingleMuOpen_AntiBPTX_v7,409.0,1.0,0.0,,,,,,,,,
,,,,,,TriggerPaths,,,,,,,,,,,,,,,0,,,,,,,,,,,,,,,,,,,,,,,,,,,,,,,,,,,,,,,,,,,,,,,,,,,,HLT_L1TrackerCosmics_v7,410.0,1.0,0.0,,,,,,,,,
,,,,,,TriggerPaths,,,,,,,,,,,,,,,0,,,,,,,,,,,,,,,,,,,,,,,,,,,,,,,,,,,,,,,,,,,,,,,,,,,,HLT_DTErrors_v3,411.0,1.0,0.0,,,,,,,,,
,,,,,,TriggerPaths,,,,,,,,,,,,,,,0,,,,,,,,,,,,,,,,,,,,,,,,,,,,,,,,,,,,,,,,,,,,,,,,,,,,HLT_L1DoubleJet36Central_v7,412.0,1.0,0.0,,,,,,,,,
,,,,,,TriggerPaths,,,,,,,,,,,,,,,0,,,,,,,,,,,,,,,,,,,,,,,,,,,,,,,,,,,,,,,,,,,,,,,,,,,,AlCa_EcalPi0EBonly_v6,413.0,1.0,1.0,-83/127 -83/128 -82/131 -89/139 ,,,,,,,,
,,,,,,TriggerPaths,,,,,,,,,,,,,,,0,,,,,,,,,,,,,,,,,,,,,,,,,,,,,,,,,,,,,,,,,,,,,,,,,,,,AlCa_EcalPi0EEonly_v6,414.0,1.0,0.0,-83/127 -83/128 -82/131 -89/139 ,,,,,,,,
,,,,,,TriggerPaths,,,,,,,,,,,,,,,0,,,,,,,,,,,,,,,,,,,,,,,,,,,,,,,,,,,,,,,,,,,,,,,,,,,,AlCa_EcalEtaEBonly_v6,415.0,1.0,0.0,-83/127 -83/128 -82/131 -89/139 ,,,,,,,,
,,,,,,TriggerPaths,,,,,,,,,,,,,,,0,,,,,,,,,,,,,,,,,,,,,,,,,,,,,,,,,,,,,,,,,,,,,,,,,,,,AlCa_EcalEtaEEonly_v6,416.0,1.0,0.0,-83/127 -83/128 -82/131 -89/139 ,,,,,,,,
,,,,,,TriggerPaths,,,,,,,,,,,,,,,0,,,,,,,,,,,,,,,,,,,,,,,,,,,,,,,,,,,,,,,,,,,,,,,,,,,,AlCa_EcalPhiSym_v13,417.0,1.0,0.0,,,,,,,,,
,,,,,,TriggerPaths,,,,,,,,,,,,,,,0,,,,,,,,,,,,,,,,,,,,,,,,,,,,,,,,,,,,,,,,,,,,,,,,,,,,AlCa_RPCMuonNoTriggers_v9,418.0,1.0,0.0,,,,,,,,,
,,,,,,TriggerPaths,,,,,,,,,,,,,,,0,,,,,,,,,,,,,,,,,,,,,,,,,,,,,,,,,,,,,,,,,,,,,,,,,,,,AlCa_RPCMuonNoHits_v9,419.0,1.0,0.0,,,,,,,,,
,,,,,,TriggerPaths,,,,,,,,,,,,,,,0,,,,,,,,,,,,,,,,,,,,,,,,,,,,,,,,,,,,,,,,,,,,,,,,,,,,AlCa_RPCMuonNormalisation_v9,420.0,1.0,0.0,,,,,,,,,
,,,,,,TriggerPaths,,,,,,,,,,,,,,,0,,,,,,,,,,,,,,,,,,,,,,,,,,,,,,,,,,,,,,,,,,,,,,,,,,,,AlCa_LumiPixels_v8,421.0,1.0,0.0,,,,,,,,,
,,,,,,TriggerPaths,,,,,,,,,,,,,,,0,,,,,,,,,,,,,,,,,,,,,,,,,,,,,,,,,,,,,,,,,,,,,,,,,,,,AlCa_LumiPixels_ZeroBias_v4,422.0,1.0,0.0,,,,,,,,,
,,,,,,TriggerPaths,,,,,,,,,,,,,,,0,,,,,,,,,,,,,,,,,,,,,,,,,,,,,,,,,,,,,,,,,,,,,,,,,,,,AlCa_LumiPixels_Random_v1,423.0,1.0,0.0,,,,,,,,,
,,,,,,TriggerPaths,,,,,,,,,,,,,,,0,,,,,,,,,,,,,,,,,,,,,,,,,,,,,,,,,,,,,,,,,,,,,,,,,,,,DQM_FEDIntegrity_v11,424.0,1.0,0.0,,,,,,,,,
,,,,,,TriggerPaths,,,,,,,,,,,,,,,0,,,,,,,,,,,,,,,,,,,,,,,,,,,,,,,,,,,,,,,,,,,,,,,,,,,,HLT_LogMonitor_v4,425.0,1.0,0.0,,,,,,,,,
,,,,,,TriggerPaths,,,,,,,,,,,,,,,0,,,,,,,,,,,,,,,,,,,,,,,,,,,,,,,,,,,,,,,,,,,,,,,,,,,,HLTriggerFinalPath,426.0,1.0,1.0,,,,,,,,,
64.0,,,2.79253,0.8695,,TriggerObjects,,,,,,,,,,,,,,,,,,,,,,,,,,,,,,,,,,,,,,,,,,,,,,,,,,,,,,,,,,,,,,,,,,,,,,,,HLT_Jet80Eta1p7_Jet70Eta1p7_DiBTagIP3DFastPV_v7,7.0,hltL1sL1DoubleJetC56Eta1p74WdEta4,HLTLevel1GTSeed,-84.0,133.0,0.0,0.0
84.0,,,-0.698132,1.566,,TriggerObjects,,,,,,,,,,,,,,,,,,,,,,,,,,,,,,,,,,,,,,,,,,,,,,,,,,,,,,,,,,,,,,,,,,,,,,,,HLT_Jet80Eta1p7_Jet70Eta1p7_DiBTagIP3DFastPV_v7,7.0,hltL1sL1DoubleJetC56Eta1p74WdEta4,HLTLevel1GTSeed,-86.0,135.0,0.0,0.0
64.0,,,2.79253,0.8695,,TriggerObjects,,,,,,,,,,,,,,,,,,,,,,,,,,,,,,,,,,,,,,,,,,,,,,,,,,,,,,,,,,,,,,,,,,,,,,,,HLT_QuadJet50_v5,7.0,hltL1sL1QuadJetC32ORL1QuadJetC36ORQuadJetC40ORL1HTT125ORL1HTT150ORL1HTT175ORL1DoubleJetC52ORL1DoubleJetC56ORL1DoubleJetC64,HLTLevel1GTSeed,-84.0,133.0,0.0,0.0
84.0,,,-0.698132,1.566,,TriggerObjects,,,,,,,,,,,,,,,,,,,,,,,,,,,,,,,,,,,,,,,,,,,,,,,,,,,,,,,,,,,,,,,,,,,,,,,,HLT_QuadJet50_v5,7.0,hltL1sL1QuadJetC32ORL1QuadJetC36ORQuadJetC40ORL1HTT125ORL1HTT150ORL1HTT175ORL1DoubleJetC52ORL1DoubleJetC56ORL1DoubleJetC64,HLTLevel1GTSeed,-86.0,135.0,0.0,0.0
79.9702,,,-0.607303,1.47874,,TriggerObjects,,,,,,,,,,,,,,,,,,,,,,,,,,,,,,,,,,,,,,,,,,,,,,,,,,,,,,,,,,,,,,,,,,,,,,,,HLT_QuadJet50_v5,21.0,hltQuadCenJet50L1FastJet,HLT1CaloJet,85.0,19.0,0.0,11.4085
59.8121,,,2.62005,0.792036,,TriggerObjects,,,,,,,,,,,,,,,,,,,,,,,,,,,,,,,,,,,,,,,,,,,,,,,,,,,,,,,,,,,,,,,,,,,,,,,,HLT_QuadJet50_v5,21.0,hltQuadCenJet50L1FastJet,HLT1CaloJet,85.0,20.0,0.0,8.21403
64.0,,,2.79253,0.8695,,TriggerObjects,,,,,,,,,,,,,,,,,,,,,,,,,,,,,,,,,,,,,,,,,,,,,,,,,,,,,,,,,,,,,,,,,,,,,,,,HLT_QuadJet50_Jet20_v4,7.0,hltL1sL1QuadJetC32ORL1QuadJetC36ORQuadJetC40ORL1HTT125ORL1HTT150ORL1HTT175ORL1DoubleJetC52ORL1DoubleJetC56ORL1DoubleJetC64,HLTLevel1GTSeed,-84.0,133.0,0.0,0.0
84.0,,,-0.698132,1.566,,TriggerObjects,,,,,,,,,,,,,,,,,,,,,,,,,,,,,,,,,,,,,,,,,,,,,,,,,,,,,,,,,,,,,,,,,,,,,,,,HLT_QuadJet50_Jet20_v4,7.0,hltL1sL1QuadJetC32ORL1QuadJetC36ORQuadJetC40ORL1HTT125ORL1HTT150ORL1HTT175ORL1DoubleJetC52ORL1DoubleJetC56ORL1DoubleJetC64,HLTLevel1GTSeed,-86.0,135.0,0.0,0.0
79.9702,,,-0.607303,1.47874,,TriggerObjects,,,,,,,,,,,,,,,,,,,,,,,,,,,,,,,,,,,,,,,,,,,,,,,,,,,,,,,,,,,,,,,,,,,,,,,,HLT_QuadJet50_Jet20_v4,21.0,hltQuadCenJet50L1FastJet,HLT1CaloJet,85.0,19.0,0.0,11.4085
59.8121,,,2.62005,0.792036,,TriggerObjects,,,,,,,,,,,,,,,,,,,,,,,,,,,,,,,,,,,,,,,,,,,,,,,,,,,,,,,,,,,,,,,,,,,,,,,,HLT_QuadJet50_Jet20_v4,21.0,hltQuadCenJet50L1FastJet,HLT1CaloJet,85.0,20.0,0.0,8.21403
64.0,,,2.79253,0.8695,,TriggerObjects,,,,,,,,,,,,,,,,,,,,,,,,,,,,,,,,,,,,,,,,,,,,,,,,,,,,,,,,,,,,,,,,,,,,,,,,HLT_ExclDiJet80_HFAND_v4,7.0,hltL1sL1DoubleJetC56orL1DoubleJetC64,HLTLevel1GTSeed,-84.0,133.0,0.0,0.0
84.0,,,-0.698132,1.566,,TriggerObjects,,,,,,,,,,,,,,,,,,,,,,,,,,,,,,,,,,,,,,,,,,,,,,,,,,,,,,,,,,,,,,,,,,,,,,,,HLT_ExclDiJet80_HFAND_v4,7.0,hltL1sL1DoubleJetC56orL1DoubleJetC64,HLTLevel1GTSeed,-86.0,135.0,0.0,0.0
64.0,,,2.79253,0.8695,,TriggerObjects,,,,,,,,,,,,,,,,,,,,,,,,,,,,,,,,,,,,,,,,,,,,,,,,,,,,,,,,,,,,,,,,,,,,,,,,HLT_HT200_AlphaT0p57_v8,7.0,hltL1sL1DoubleJetC64ORDoubleJetC56ORDoubleJetC52,HLTLevel1GTSeed,-84.0,133.0,0.0,0.0
84.0,,,-0.698132,1.566,,TriggerObjects,,,,,,,,,,,,,,,,,,,,,,,,,,,,,,,,,,,,,,,,,,,,,,,,,,,,,,,,,,,,,,,,,,,,,,,,HLT_HT200_AlphaT0p57_v8,7.0,hltL1sL1DoubleJetC64ORDoubleJetC56ORDoubleJetC52,HLTLevel1GTSeed,-86.0,135.0,0.0,0.0
64.0,,,2.79253,0.8695,,TriggerObjects,,,,,,,,,,,,,,,,,,,,,,,,,,,,,,,,,,,,,,,,,,,,,,,,,,,,,,,,,,,,,,,,,,,,,,,,HLT_HT200_v6,7.0,hltL1sL1DoubleJetC64ORDoubleJetC56ORDoubleJetC52,HLTLevel1GTSeed,-84.0,133.0,0.0,0.0
84.0,,,-0.698132,1.566,,TriggerObjects,,,,,,,,,,,,,,,,,,,,,,,,,,,,,,,,,,,,,,,,,,,,,,,,,,,,,,,,,,,,,,,,,,,,,,,,HLT_HT200_v6,7.0,hltL1sL1DoubleJetC64ORDoubleJetC56ORDoubleJetC52,HLTLevel1GTSeed,-86.0,135.0,0.0,0.0
64.0,,,2.79253,0.8695,,TriggerObjects,,,,,,,,,,,,,,,,,,,,,,,,,,,,,,,,,,,,,,,,,,,,,,,,,,,,,,,,,,,,,,,,,,,,,,,,HLT_HT250_AlphaT0p55_v8,7.0,hltL1sL1HTT150OrHTT175OrHTT200OrDoubleJetC56OrSingleJet128,HLTLevel1GTSeed,-84.0,133.0,0.0,0.0
84.0,,,-0.698132,1.566,,TriggerObjects,,,,,,,,,,,,,,,,,,,,,,,,,,,,,,,,,,,,,,,,,,,,,,,,,,,,,,,,,,,,,,,,,,,,,,,,HLT_HT250_AlphaT0p55_v8,7.0,hltL1sL1HTT150OrHTT175OrHTT200OrDoubleJetC56OrSingleJet128,HLTLevel1GTSeed,-86.0,135.0,0.0,0.0
64.0,,,2.79253,0.8695,,TriggerObjects,,,,,,,,,,,,,,,,,,,,,,,,,,,,,,,,,,,,,,,,,,,,,,,,,,,,,,,,,,,,,,,,,,,,,,,,HLT_HT250_AlphaT0p57_v8,7.0,hltL1sL1HTT150OrHTT175OrHTT200OrDoubleJetC56OrSingleJet128,HLTLevel1GTSeed,-84.0,133.0,0.0,0.0
84.0,,,-0.698132,1.566,,TriggerObjects,,,,,,,,,,,,,,,,,,,,,,,,,,,,,,,,,,,,,,,,,,,,,,,,,,,,,,,,,,,,,,,,,,,,,,,,HLT_HT250_AlphaT0p57_v8,7.0,hltL1sL1HTT150OrHTT175OrHTT200OrDoubleJetC56OrSingleJet128,HLTLevel1GTSeed,-86.0,135.0,0.0,0.0
64.0,,,2.79253,0.8695,,TriggerObjects,,,,,,,,,,,,,,,,,,,,,,,,,,,,,,,,,,,,,,,,,,,,,,,,,,,,,,,,,,,,,,,,,,,,,,,,HLT_HT250_v7,7.0,hltL1sL1HTT150OrHTT175OrHTT200OrDoubleJetC56OrSingleJet128,HLTLevel1GTSeed,-84.0,133.0,0.0,0.0
84.0,,,-0.698132,1.566,,TriggerObjects,,,,,,,,,,,,,,,,,,,,,,,,,,,,,,,,,,,,,,,,,,,,,,,,,,,,,,,,,,,,,,,,,,,,,,,,HLT_HT250_v7,7.0,hltL1sL1HTT150OrHTT175OrHTT200OrDoubleJetC56OrSingleJet128,HLTLevel1GTSeed,-86.0,135.0,0.0,0.0
64.0,,,2.79253,0.8695,,TriggerObjects,,,,,,,,,,,,,,,,,,,,,,,,,,,,,,,,,,,,,,,,,,,,,,,,,,,,,,,,,,,,,,,,,,,,,,,,HLT_HT300_AlphaT0p53_v8,7.0,hltL1sL1HTT150OrHTT175OrHTT200OrDoubleJetC56OrSingleJet128,HLTLevel1GTSeed,-84.0,133.0,0.0,0.0
84.0,,,-0.698132,1.566,,TriggerObjects,,,,,,,,,,,,,,,,,,,,,,,,,,,,,,,,,,,,,,,,,,,,,,,,,,,,,,,,,,,,,,,,,,,,,,,,HLT_HT300_AlphaT0p53_v8,7.0,hltL1sL1HTT150OrHTT175OrHTT200OrDoubleJetC56OrSingleJet128,HLTLevel1GTSeed,-86.0,135.0,0.0,0.0
64.0,,,2.79253,0.8695,,TriggerObjects,,,,,,,,,,,,,,,,,,,,,,,,,,,,,,,,,,,,,,,,,,,,,,,,,,,,,,,,,,,,,,,,,,,,,,,,HLT_HT300_AlphaT0p54_v14,7.0,hltL1sL1HTT150OrHTT175OrHTT200OrDoubleJetC56OrSingleJet128,HLTLevel1GTSeed,-84.0,133.0,0.0,0.0
84.0,,,-0.698132,1.566,,TriggerObjects,,,,,,,,,,,,,,,,,,,,,,,,,,,,,,,,,,,,,,,,,,,,,,,,,,,,,,,,,,,,,,,,,,,,,,,,HLT_HT300_AlphaT0p54_v14,7.0,hltL1sL1HTT150OrHTT175OrHTT200OrDoubleJetC56OrSingleJet128,HLTLevel1GTSeed,-86.0,135.0,0.0,0.0
64.0,,,2.79253,0.8695,,TriggerObjects,,,,,,,,,,,,,,,,,,,,,,,,,,,,,,,,,,,,,,,,,,,,,,,,,,,,,,,,,,,,,,,,,,,,,,,,HLT_HT300_v7,7.0,hltL1sL1HTT150OrHTT175OrHTT200OrDoubleJetC56OrSingleJet128,HLTLevel1GTSeed,-84.0,133.0,0.0,0.0
84.0,,,-0.698132,1.566,,TriggerObjects,,,,,,,,,,,,,,,,,,,,,,,,,,,,,,,,,,,,,,,,,,,,,,,,,,,,,,,,,,,,,,,,,,,,,,,,HLT_HT300_v7,7.0,hltL1sL1HTT150OrHTT175OrHTT200OrDoubleJetC56OrSingleJet128,HLTLevel1GTSeed,-86.0,135.0,0.0,0.0
64.0,,,2.79253,0.8695,,TriggerObjects,,,,,,,,,,,,,,,,,,,,,,,,,,,,,,,,,,,,,,,,,,,,,,,,,,,,,,,,,,,,,,,,,,,,,,,,HLT_HT350_v7,7.0,hltL1sL1HTT150OrHTT175OrHTT200OrDoubleJetC56OrSingleJet128,HLTLevel1GTSeed,-84.0,133.0,0.0,0.0
84.0,,,-0.698132,1.566,,TriggerObjects,,,,,,,,,,,,,,,,,,,,,,,,,,,,,,,,,,,,,,,,,,,,,,,,,,,,,,,,,,,,,,,,,,,,,,,,HLT_HT350_v7,7.0,hltL1sL1HTT150OrHTT175OrHTT200OrDoubleJetC56OrSingleJet128,HLTLevel1GTSeed,-86.0,135.0,0.0,0.0
64.0,,,2.79253,0.8695,,TriggerObjects,,,,,,,,,,,,,,,,,,,,,,,,,,,,,,,,,,,,,,,,,,,,,,,,,,,,,,,,,,,,,,,,,,,,,,,,HLT_HT350_AlphaT0p52_v8,7.0,hltL1sL1HTT150OrHTT175OrHTT200OrDoubleJetC56OrSingleJet128,HLTLevel1GTSeed,-84.0,133.0,0.0,0.0
84.0,,,-0.698132,1.566,,TriggerObjects,,,,,,,,,,,,,,,,,,,,,,,,,,,,,,,,,,,,,,,,,,,,,,,,,,,,,,,,,,,,,,,,,,,,,,,,HLT_HT350_AlphaT0p52_v8,7.0,hltL1sL1HTT150OrHTT175OrHTT200OrDoubleJetC56OrSingleJet128,HLTLevel1GTSeed,-86.0,135.0,0.0,0.0
64.0,,,2.79253,0.8695,,TriggerObjects,,,,,,,,,,,,,,,,,,,,,,,,,,,,,,,,,,,,,,,,,,,,,,,,,,,,,,,,,,,,,,,,,,,,,,,,HLT_HT350_AlphaT0p53_v19,7.0,hltL1sL1HTT150OrHTT175OrHTT200OrDoubleJetC56OrSingleJet128,HLTLevel1GTSeed,-84.0,133.0,0.0,0.0
84.0,,,-0.698132,1.566,,TriggerObjects,,,,,,,,,,,,,,,,,,,,,,,,,,,,,,,,,,,,,,,,,,,,,,,,,,,,,,,,,,,,,,,,,,,,,,,,HLT_HT350_AlphaT0p53_v19,7.0,hltL1sL1HTT150OrHTT175OrHTT200OrDoubleJetC56OrSingleJet128,HLTLevel1GTSeed,-86.0,135.0,0.0,0.0
64.0,,,2.79253,0.8695,,TriggerObjects,,,,,,,,,,,,,,,,,,,,,,,,,,,,,,,,,,,,,,,,,,,,,,,,,,,,,,,,,,,,,,,,,,,,,,,,HLT_HT400_v7,7.0,hltL1sL1HTT150OrHTT175OrHTT200OrDoubleJetC56OrSingleJet128,HLTLevel1GTSeed,-84.0,133.0,0.0,0.0
84.0,,,-0.698132,1.566,,TriggerObjects,,,,,,,,,,,,,,,,,,,,,,,,,,,,,,,,,,,,,,,,,,,,,,,,,,,,,,,,,,,,,,,,,,,,,,,,HLT_HT400_v7,7.0,hltL1sL1HTT150OrHTT175OrHTT200OrDoubleJetC56OrSingleJet128,HLTLevel1GTSeed,-86.0,135.0,0.0,0.0
64.0,,,2.79253,0.8695,,TriggerObjects,,,,,,,,,,,,,,,,,,,,,,,,,,,,,,,,,,,,,,,,,,,,,,,,,,,,,,,,,,,,,,,,,,,,,,,,HLT_HT400_AlphaT0p51_v19,7.0,hltL1sL1HTT150OrHTT175OrHTT200OrDoubleJetC56OrSingleJet128,HLTLevel1GTSeed,-84.0,133.0,0.0,0.0
84.0,,,-0.698132,1.566,,TriggerObjects,,,,,,,,,,,,,,,,,,,,,,,,,,,,,,,,,,,,,,,,,,,,,,,,,,,,,,,,,,,,,,,,,,,,,,,,HLT_HT400_AlphaT0p51_v19,7.0,hltL1sL1HTT150OrHTT175OrHTT200OrDoubleJetC56OrSingleJet128,HLTLevel1GTSeed,-86.0,135.0,0.0,0.0
64.0,,,2.79253,0.8695,,TriggerObjects,,,,,,,,,,,,,,,,,,,,,,,,,,,,,,,,,,,,,,,,,,,,,,,,,,,,,,,,,,,,,,,,,,,,,,,,HLT_HT400_AlphaT0p52_v14,7.0,hltL1sL1HTT150OrHTT175OrHTT200OrDoubleJetC56OrSingleJet128,HLTLevel1GTSeed,-84.0,133.0,0.0,0.0
84.0,,,-0.698132,1.566,,TriggerObjects,,,,,,,,,,,,,,,,,,,,,,,,,,,,,,,,,,,,,,,,,,,,,,,,,,,,,,,,,,,,,,,,,,,,,,,,HLT_HT400_AlphaT0p52_v14,7.0,hltL1sL1HTT150OrHTT175OrHTT200OrDoubleJetC56OrSingleJet128,HLTLevel1GTSeed,-86.0,135.0,0.0,0.0
64.0,,,2.79253,0.8695,,TriggerObjects,,,,,,,,,,,,,,,,,,,,,,,,,,,,,,,,,,,,,,,,,,,,,,,,,,,,,,,,,,,,,,,,,,,,,,,,HLT_HT450_AlphaT0p51_v14,7.0,hltL1sL1HTT150OrHTT175OrHTT200OrDoubleJetC56OrSingleJet128,HLTLevel1GTSeed,-84.0,133.0,0.0,0.0
84.0,,,-0.698132,1.566,,TriggerObjects,,,,,,,,,,,,,,,,,,,,,,,,,,,,,,,,,,,,,,,,,,,,,,,,,,,,,,,,,,,,,,,,,,,,,,,,HLT_HT450_AlphaT0p51_v14,7.0,hltL1sL1HTT150OrHTT175OrHTT200OrDoubleJetC56OrSingleJet128,HLTLevel1GTSeed,-86.0,135.0,0.0,0.0
64.0,,,2.79253,0.8695,,TriggerObjects,,,,,,,,,,,,,,,,,,,,,,,,,,,,,,,,,,,,,,,,,,,,,,,,,,,,,,,,,,,,,,,,,,,,,,,,HLT_HT450_v7,7.0,hltL1sL1HTT150OrHTT175OrHTT200OrDoubleJetC56OrSingleJet128,HLTLevel1GTSeed,-84.0,133.0,0.0,0.0
84.0,,,-0.698132,1.566,,TriggerObjects,,,,,,,,,,,,,,,,,,,,,,,,,,,,,,,,,,,,,,,,,,,,,,,,,,,,,,,,,,,,,,,,,,,,,,,,HLT_HT450_v7,7.0,hltL1sL1HTT150OrHTT175OrHTT200OrDoubleJetC56OrSingleJet128,HLTLevel1GTSeed,-86.0,135.0,0.0,0.0
64.0,,,2.79253,0.8695,,TriggerObjects,,,,,,,,,,,,,,,,,,,,,,,,,,,,,,,,,,,,,,,,,,,,,,,,,,,,,,,,,,,,,,,,,,,,,,,,HLT_DiPFJet80_DiPFJet30_BTagCSVd07d05d03_v4,7.0,hltL1sL1DoubleJetC56orL1DoubleJetC64,HLTLevel1GTSeed,-84.0,133.0,0.0,0.0
84.0,,,-0.698132,1.566,,TriggerObjects,,,,,,,,,,,,,,,,,,,,,,,,,,,,,,,,,,,,,,,,,,,,,,,,,,,,,,,,,,,,,,,,,,,,,,,,HLT_DiPFJet80_DiPFJet30_BTagCSVd07d05d03_v4,7.0,hltL1sL1DoubleJetC56orL1DoubleJetC64,HLTLevel1GTSeed,-86.0,135.0,0.0,0.0
79.9702,,,-0.607303,1.47874,,TriggerObjects,,,,,,,,,,,,,,,,,,,,,,,,,,,,,,,,,,,,,,,,,,,,,,,,,,,,,,,,,,,,,,,,,,,,,,,,HLT_DiPFJet80_DiPFJet30_BTagCSVd07d05d03_v4,21.0,hltQuadJet25HbbZbb,HLT1CaloJet,85.0,19.0,0.0,11.4085
59.8121,,,2.62005,0.792036,,TriggerObjects,,,,,,,,,,,,,,,,,,,,,,,,,,,,,,,,,,,,,,,,,,,,,,,,,,,,,,,,,,,,,,,,,,,,,,,,HLT_DiPFJet80_DiPFJet30_BTagCSVd07d05d03_v4,21.0,hltQuadJet25HbbZbb,HLT1CaloJet,85.0,20.0,0.0,8.21403
38.4336,,,1.96177,0.827274,,TriggerObjects,,,,,,,,,,,,,,,,,,,,,,,,,,,,,,,,,,,,,,,,,,,,,,,,,,,,,,,,,,,,,,,,,,,,,,,,HLT_DiPFJet80_DiPFJet30_BTagCSVd07d05d03_v4,21.0,hltQuadJet25HbbZbb,HLT1CaloJet,85.0,21.0,0.0,8.3022
64.0,,,2.79253,0.8695,,TriggerObjects,,,,,,,,,,,,,,,,,,,,,,,,,,,,,,,,,,,,,,,,,,,,,,,,,,,,,,,,,,,,,,,,,,,,,,,,HLT_DiPFJet80_DiPFJet30_BTagCSVd07d05d05_v4,7.0,hltL1sL1DoubleJetC56orL1DoubleJetC64,HLTLevel1GTSeed,-84.0,133.0,0.0,0.0
84.0,,,-0.698132,1.566,,TriggerObjects,,,,,,,,,,,,,,,,,,,,,,,,,,,,,,,,,,,,,,,,,,,,,,,,,,,,,,,,,,,,,,,,,,,,,,,,HLT_DiPFJet80_DiPFJet30_BTagCSVd07d05d05_v4,7.0,hltL1sL1DoubleJetC56orL1DoubleJetC64,HLTLevel1GTSeed,-86.0,135.0,0.0,0.0
79.9702,,,-0.607303,1.47874,,TriggerObjects,,,,,,,,,,,,,,,,,,,,,,,,,,,,,,,,,,,,,,,,,,,,,,,,,,,,,,,,,,,,,,,,,,,,,,,,HLT_DiPFJet80_DiPFJet30_BTagCSVd07d05d05_v4,21.0,hltQuadJet25HbbZbb,HLT1CaloJet,85.0,19.0,0.0,11.4085
59.8121,,,2.62005,0.792036,,TriggerObjects,,,,,,,,,,,,,,,,,,,,,,,,,,,,,,,,,,,,,,,,,,,,,,,,,,,,,,,,,,,,,,,,,,,,,,,,HLT_DiPFJet80_DiPFJet30_BTagCSVd07d05d05_v4,21.0,hltQuadJet25HbbZbb,HLT1CaloJet,85.0,20.0,0.0,8.21403
38.4336,,,1.96177,0.827274,,TriggerObjects,,,,,,,,,,,,,,,,,,,,,,,,,,,,,,,,,,,,,,,,,,,,,,,,,,,,,,,,,,,,,,,,,,,,,,,,HLT_DiPFJet80_DiPFJet30_BTagCSVd07d05d05_v4,21.0,hltQuadJet25HbbZbb,HLT1CaloJet,85.0,21.0,0.0,8.3022
64.0,,,2.79253,0.8695,,TriggerObjects,,,,,,,,,,,,,,,,,,,,,,,,,,,,,,,,,,,,,,,,,,,,,,,,,,,,,,,,,,,,,,,,,,,,,,,,HLT_DiPFJet80_DiPFJet30_BTagCSVd07d05_v4,7.0,hltL1sL1DoubleJetC56orL1DoubleJetC64,HLTLevel1GTSeed,-84.0,133.0,0.0,0.0
84.0,,,-0.698132,1.566,,TriggerObjects,,,,,,,,,,,,,,,,,,,,,,,,,,,,,,,,,,,,,,,,,,,,,,,,,,,,,,,,,,,,,,,,,,,,,,,,HLT_DiPFJet80_DiPFJet30_BTagCSVd07d05_v4,7.0,hltL1sL1DoubleJetC56orL1DoubleJetC64,HLTLevel1GTSeed,-86.0,135.0,0.0,0.0
79.9702,,,-0.607303,1.47874,,TriggerObjects,,,,,,,,,,,,,,,,,,,,,,,,,,,,,,,,,,,,,,,,,,,,,,,,,,,,,,,,,,,,,,,,,,,,,,,,HLT_DiPFJet80_DiPFJet30_BTagCSVd07d05_v4,21.0,hltQuadJet25HbbZbb,HLT1CaloJet,85.0,19.0,0.0,11.4085
59.8121,,,2.62005,0.792036,,TriggerObjects,,,,,,,,,,,,,,,,,,,,,,,,,,,,,,,,,,,,,,,,,,,,,,,,,,,,,,,,,,,,,,,,,,,,,,,,HLT_DiPFJet80_DiPFJet30_BTagCSVd07d05_v4,21.0,hltQuadJet25HbbZbb,HLT1CaloJet,85.0,20.0,0.0,8.21403
38.4336,,,1.96177,0.827274,,TriggerObjects,,,,,,,,,,,,,,,,,,,,,,,,,,,,,,,,,,,,,,,,,,,,,,,,,,,,,,,,,,,,,,,,,,,,,,,,HLT_DiPFJet80_DiPFJet30_BTagCSVd07d05_v4,21.0,hltQuadJet25HbbZbb,HLT1CaloJet,85.0,21.0,0.0,8.3022
46.0,,,-0.698132,1.566,,TriggerObjects,,,,,,,,,,,,,,,,,,,,,,,,,,,,,,,,,,,,,,,,,,,,,,,,,,,,,,,,,,,,,,,,,,,,,,,,HLT_Photon22_R9Id90_HE10_Iso40_EBOnly_v5,7.0,hltL1sL1SingleEG22,HLTLevel1GTSeed,-82.0,131.0,0.0,0.0
13.0,,,2.0944,0.8695,,TriggerObjects,,,,,,,,,,,,,,,,,,,,,,,,,,,,,,,,,,,,,,,,,,,,,,,,,,,,,,,,,,,,,,,,,,,,,,,,HLT_Photon26_Photon18_v12,7.0,hltL1sL1DoubleEG137,HLTLevel1GTSeed,-83.0,127.0,0.0,0.0
46.0,,,-0.698132,1.566,,TriggerObjects,,,,,,,,,,,,,,,,,,,,,,,,,,,,,,,,,,,,,,,,,,,,,,,,,,,,,,,,,,,,,,,,,,,,,,,,HLT_Photon26_Photon18_v12,7.0,hltL1sL1DoubleEG137,HLTLevel1GTSeed,-82.0,131.0,0.0,0.0
13.0,,,2.0944,0.8695,,TriggerObjects,,,,,,,,,,,,,,,,,,,,,,,,,,,,,,,,,,,,,,,,,,,,,,,,,,,,,,,,,,,,,,,,,,,,,,,,HLT_Photon26_R9Id85_Photon18_R9Id85_Mass60_v4,7.0,hltL1sL1DoubleEG137,HLTLevel1GTSeed,-83.0,127.0,0.0,0.0
46.0,,,-0.698132,1.566,,TriggerObjects,,,,,,,,,,,,,,,,,,,,,,,,,,,,,,,,,,,,,,,,,,,,,,,,,,,,,,,,,,,,,,,,,,,,,,,,HLT_Photon26_R9Id85_Photon18_R9Id85_Mass60_v4,7.0,hltL1sL1DoubleEG137,HLTLevel1GTSeed,-82.0,131.0,0.0,0.0
13.0,,,2.0944,0.8695,,TriggerObjects,,,,,,,,,,,,,,,,,,,,,,,,,,,,,,,,,,,,,,,,,,,,,,,,,,,,,,,,,,,,,,,,,,,,,,,,HLT_Photon26_R9Id85_Photon18_CaloId10_Iso50_Mass60_v6,7.0,hltL1sL1DoubleEG137,HLTLevel1GTSeed,-83.0,127.0,0.0,0.0
46.0,,,-0.698132,1.566,,TriggerObjects,,,,,,,,,,,,,,,,,,,,,,,,,,,,,,,,,,,,,,,,,,,,,,,,,,,,,,,,,,,,,,,,,,,,,,,,HLT_Photon26_R9Id85_Photon18_CaloId10_Iso50_Mass60_v6,7.0,hltL1sL1DoubleEG137,HLTLevel1GTSeed,-82.0,131.0,0.0,0.0
13.0,,,2.0944,0.8695,,TriggerObjects,,,,,,,,,,,,,,,,,,,,,,,,,,,,,,,,,,,,,,,,,,,,,,,,,,,,,,,,,,,,,,,,,,,,,,,,HLT_Photon26_CaloId10_Iso50_Photon18_R9Id85_Mass60_v6,7.0,hltL1sL1DoubleEG137,HLTLevel1GTSeed,-83.0,127.0,0.0,0.0
46.0,,,-0.698132,1.566,,TriggerObjects,,,,,,,,,,,,,,,,,,,,,,,,,,,,,,,,,,,,,,,,,,,,,,,,,,,,,,,,,,,,,,,,,,,,,,,,HLT_Photon26_CaloId10_Iso50_Photon18_R9Id85_Mass60_v6,7.0,hltL1sL1DoubleEG137,HLTLevel1GTSeed,-82.0,131.0,0.0,0.0
13.0,,,2.0944,0.8695,,TriggerObjects,,,,,,,,,,,,,,,,,,,,,,,,,,,,,,,,,,,,,,,,,,,,,,,,,,,,,,,,,,,,,,,,,,,,,,,,HLT_Photon26_CaloId10_Iso50_Photon18_CaloId10_Iso50_Mass60_v6,7.0,hltL1sL1DoubleEG137,HLTLevel1GTSeed,-83.0,127.0,0.0,0.0
46.0,,,-0.698132,1.566,,TriggerObjects,,,,,,,,,,,,,,,,,,,,,,,,,,,,,,,,,,,,,,,,,,,,,,,,,,,,,,,,,,,,,,,,,,,,,,,,HLT_Photon26_CaloId10_Iso50_Photon18_CaloId10_Iso50_Mass60_v6,7.0,hltL1sL1DoubleEG137,HLTLevel1GTSeed,-82.0,131.0,0.0,0.0
43.3446,,,-0.610686,1.46769,,TriggerObjects,,,,,,,,,,,,,,,,,,,,,,,,,,,,,,,,,,,,,,,,,,,,,,,,,,,,,,,,,,,,,,,,,,,,,,,,HLT_Photon26_CaloId10_Iso50_Photon18_CaloId10_Iso50_Mass60_v6,33.0,hltEG26CaloId10Iso50HcalIsoLastFilter,HLTEgammaGenericQuadraticFilter,81.0,0.0,0.0,0.0
13.0,,,2.0944,0.8695,,TriggerObjects,,,,,,,,,,,,,,,,,,,,,,,,,,,,,,,,,,,,,,,,,,,,,,,,,,,,,,,,,,,,,,,,,,,,,,,,HLT_Photon26_R9Id85_OR_CaloId10_Iso50_Photon18_R9Id85_OR_CaloId10_Iso50_Mass60_v6,7.0,hltL1sL1DoubleEG137,HLTLevel1GTSeed,-83.0,127.0,0.0,0.0
46.0,,,-0.698132,1.566,,TriggerObjects,,,,,,,,,,,,,,,,,,,,,,,,,,,,,,,,,,,,,,,,,,,,,,,,,,,,,,,,,,,,,,,,,,,,,,,,HLT_Photon26_R9Id85_OR_CaloId10_Iso50_Photon18_R9Id85_OR_CaloId10_Iso50_Mass60_v6,7.0,hltL1sL1DoubleEG137,HLTLevel1GTSeed,-82.0,131.0,0.0,0.0
13.0,,,2.0944,0.8695,,TriggerObjects,,,,,,,,,,,,,,,,,,,,,,,,,,,,,,,,,,,,,,,,,,,,,,,,,,,,,,,,,,,,,,,,,,,,,,,,HLT_Photon26_R9Id85_OR_CaloId10_Iso50_Photon18_R9Id85_OR_CaloId10_Iso50_Mass70_v2,7.0,hltL1sL1DoubleEG137,HLTLevel1GTSeed,-83.0,127.0,0.0,0.0
46.0,,,-0.698132,1.566,,TriggerObjects,,,,,,,,,,,,,,,,,,,,,,,,,,,,,,,,,,,,,,,,,,,,,,,,,,,,,,,,,,,,,,,,,,,,,,,,HLT_Photon26_R9Id85_OR_CaloId10_Iso50_Photon18_R9Id85_OR_CaloId10_Iso50_Mass70_v2,7.0,hltL1sL1DoubleEG137,HLTLevel1GTSeed,-82.0,131.0,0.0,0.0
13.0,,,2.0944,0.8695,,TriggerObjects,,,,,,,,,,,,,,,,,,,,,,,,,,,,,,,,,,,,,,,,,,,,,,,,,,,,,,,,,,,,,,,,,,,,,,,,HLT_Photon26_R9Id85_OR_CaloId10_Iso50_Photon18_v5,7.0,hltL1sL1DoubleEG137,HLTLevel1GTSeed,-83.0,127.0,0.0,0.0
46.0,,,-0.698132,1.566,,TriggerObjects,,,,,,,,,,,,,,,,,,,,,,,,,,,,,,,,,,,,,,,,,,,,,,,,,,,,,,,,,,,,,,,,,,,,,,,,HLT_Photon26_R9Id85_OR_CaloId10_Iso50_Photon18_v5,7.0,hltL1sL1DoubleEG137,HLTLevel1GTSeed,-82.0,131.0,0.0,0.0
46.0,,,-0.698132,1.566,,TriggerObjects,,,,,,,,,,,,,,,,,,,,,,,,,,,,,,,,,,,,,,,,,,,,,,,,,,,,,,,,,,,,,,,,,,,,,,,,HLT_Photon30_CaloIdVL_v14,7.0,hltL1sL1SingleEG20ORL1SingleEG22,HLTLevel1GTSeed,-82.0,131.0,0.0,0.0
46.0,,,-0.698132,1.566,,TriggerObjects,,,,,,,,,,,,,,,,,,,,,,,,,,,,,,,,,,,,,,,,,,,,,,,,,,,,,,,,,,,,,,,,,,,,,,,,HLT_Photon36_R9Id90_HE10_Iso40_EBOnly_v5,7.0,hltL1sL1SingleEG22,HLTLevel1GTSeed,-82.0,131.0,0.0,0.0
46.0,,,-0.698132,1.566,,TriggerObjects,,,,,,,,,,,,,,,,,,,,,,,,,,,,,,,,,,,,,,,,,,,,,,,,,,,,,,,,,,,,,,,,,,,,,,,,HLT_Photon36_Photon22_v6,7.0,hltL1sL1SingleEG22,HLTLevel1GTSeed,-82.0,131.0,0.0,0.0
46.0,,,-0.698132,1.566,,TriggerObjects,,,,,,,,,,,,,,,,,,,,,,,,,,,,,,,,,,,,,,,,,,,,,,,,,,,,,,,,,,,,,,,,,,,,,,,,HLT_Photon36_R9Id85_Photon22_R9Id85_v4,7.0,hltL1sL1SingleEG22,HLTLevel1GTSeed,-82.0,131.0,0.0,0.0
46.0,,,-0.698132,1.566,,TriggerObjects,,,,,,,,,,,,,,,,,,,,,,,,,,,,,,,,,,,,,,,,,,,,,,,,,,,,,,,,,,,,,,,,,,,,,,,,HLT_Photon36_R9Id85_Photon22_CaloId10_Iso50_v6,7.0,hltL1sL1SingleEG22,HLTLevel1GTSeed,-82.0,131.0,0.0,0.0
46.0,,,-0.698132,1.566,,TriggerObjects,,,,,,,,,,,,,,,,,,,,,,,,,,,,,,,,,,,,,,,,,,,,,,,,,,,,,,,,,,,,,,,,,,,,,,,,HLT_Photon36_CaloId10_Iso50_Photon22_R9Id85_v6,7.0,hltL1sL1SingleEG22,HLTLevel1GTSeed,-82.0,131.0,0.0,0.0
46.0,,,-0.698132,1.566,,TriggerObjects,,,,,,,,,,,,,,,,,,,,,,,,,,,,,,,,,,,,,,,,,,,,,,,,,,,,,,,,,,,,,,,,,,,,,,,,HLT_Photon36_CaloId10_Iso50_Photon22_CaloId10_Iso50_v6,7.0,hltL1sL1SingleEG22,HLTLevel1GTSeed,-82.0,131.0,0.0,0.0
43.3446,,,-0.610686,1.46769,,TriggerObjects,,,,,,,,,,,,,,,,,,,,,,,,,,,,,,,,,,,,,,,,,,,,,,,,,,,,,,,,,,,,,,,,,,,,,,,,HLT_Photon36_CaloId10_Iso50_Photon22_CaloId10_Iso50_v6,33.0,hltEG36CaloId10Iso50HcalIsoLastFilter,HLTEgammaGenericQuadraticFilter,81.0,0.0,0.0,0.0
46.0,,,-0.698132,1.566,,TriggerObjects,,,,,,,,,,,,,,,,,,,,,,,,,,,,,,,,,,,,,,,,,,,,,,,,,,,,,,,,,,,,,,,,,,,,,,,,HLT_Photon36_R9Id85_OR_CaloId10_Iso50_Photon22_R9Id85_OR_CaloId10_Iso50_v6,7.0,hltL1sL1SingleEG22,HLTLevel1GTSeed,-82.0,131.0,0.0,0.0
46.0,,,-0.698132,1.566,,TriggerObjects,,,,,,,,,,,,,,,,,,,,,,,,,,,,,,,,,,,,,,,,,,,,,,,,,,,,,,,,,,,,,,,,,,,,,,,,HLT_Photon36_R9Id85_OR_CaloId10_Iso50_Photon22_v5,7.0,hltL1sL1SingleEG22,HLTLevel1GTSeed,-82.0,131.0,0.0,0.0
46.0,,,-0.698132,1.566,,TriggerObjects,,,,,,,,,,,,,,,,,,,,,,,,,,,,,,,,,,,,,,,,,,,,,,,,,,,,,,,,,,,,,,,,,,,,,,,,HLT_Photon50_CaloIdVL_v10,7.0,hltL1sL1SingleEG20ORL1SingleEG22,HLTLevel1GTSeed,-82.0,131.0,0.0,0.0
46.0,,,-0.698132,1.566,,TriggerObjects,,,,,,,,,,,,,,,,,,,,,,,,,,,,,,,,,,,,,,,,,,,,,,,,,,,,,,,,,,,,,,,,,,,,,,,,HLT_Photon50_CaloIdVL_IsoL_v17,7.0,hltL1sL1SingleEG20ORL1SingleEG22,HLTLevel1GTSeed,-82.0,131.0,0.0,0.0
46.0,,,-0.698132,1.566,,TriggerObjects,,,,,,,,,,,,,,,,,,,,,,,,,,,,,,,,,,,,,,,,,,,,,,,,,,,,,,,,,,,,,,,,,,,,,,,,HLT_Photon50_R9Id90_HE10_Iso40_EBOnly_v5,7.0,hltL1sL1SingleEG22,HLTLevel1GTSeed,-82.0,131.0,0.0,0.0
46.0,,,-0.698132,1.566,,TriggerObjects,,,,,,,,,,,,,,,,,,,,,,,,,,,,,,,,,,,,,,,,,,,,,,,,,,,,,,,,,,,,,,,,,,,,,,,,HLT_Photon60_CaloIdL_MHT70_v11,7.0,hltL1sL1SingleEG24,HLTLevel1GTSeed,-82.0,131.0,0.0,0.0
46.0,,,-0.698132,1.566,,TriggerObjects,,,,,,,,,,,,,,,,,,,,,,,,,,,,,,,,,,,,,,,,,,,,,,,,,,,,,,,,,,,,,,,,,,,,,,,,HLT_Photon60_CaloIdL_HT300_v4,7.0,hltL1sL1SingleEG24,HLTLevel1GTSeed,-82.0,131.0,0.0,0.0
46.0,,,-0.698132,1.566,,TriggerObjects,,,,,,,,,,,,,,,,,,,,,,,,,,,,,,,,,,,,,,,,,,,,,,,,,,,,,,,,,,,,,,,,,,,,,,,,HLT_Photon70_CaloIdXL_PFNoPUHT400_v3,7.0,hltL1sL1SingleEG24,HLTLevel1GTSeed,-82.0,131.0,0.0,0.0
46.0,,,-0.698132,1.566,,TriggerObjects,,,,,,,,,,,,,,,,,,,,,,,,,,,,,,,,,,,,,,,,,,,,,,,,,,,,,,,,,,,,,,,,,,,,,,,,HLT_Photon70_CaloIdXL_PFNoPUHT500_v3,7.0,hltL1sL1SingleEG24,HLTLevel1GTSeed,-82.0,131.0,0.0,0.0
46.0,,,-0.698132,1.566,,TriggerObjects,,,,,,,,,,,,,,,,,,,,,,,,,,,,,,,,,,,,,,,,,,,,,,,,,,,,,,,,,,,,,,,,,,,,,,,,HLT_Photon70_CaloIdXL_PFMET100_v6,7.0,hltL1sL1SingleEG24,HLTLevel1GTSeed,-82.0,131.0,0.0,0.0
46.0,,,-0.698132,1.566,,TriggerObjects,,,,,,,,,,,,,,,,,,,,,,,,,,,,,,,,,,,,,,,,,,,,,,,,,,,,,,,,,,,,,,,,,,,,,,,,HLT_Photon75_CaloIdVL_v13,7.0,hltL1sL1SingleEG20ORL1SingleEG22,HLTLevel1GTSeed,-82.0,131.0,0.0,0.0
46.0,,,-0.698132,1.566,,TriggerObjects,,,,,,,,,,,,,,,,,,,,,,,,,,,,,,,,,,,,,,,,,,,,,,,,,,,,,,,,,,,,,,,,,,,,,,,,HLT_Photon75_R9Id90_HE10_Iso40_EBOnly_v5,7.0,hltL1sL1SingleEG22,HLTLevel1GTSeed,-82.0,131.0,0.0,0.0
46.0,,,-0.698132,1.566,,TriggerObjects,,,,,,,,,,,,,,,,,,,,,,,,,,,,,,,,,,,,,,,,,,,,,,,,,,,,,,,,,,,,,,,,,,,,,,,,HLT_Photon90_CaloIdVL_v10,7.0,hltL1sL1SingleEG20ORL1SingleEG22,HLTLevel1GTSeed,-82.0,131.0,0.0,0.0
46.0,,,-0.698132,1.566,,TriggerObjects,,,,,,,,,,,,,,,,,,,,,,,,,,,,,,,,,,,,,,,,,,,,,,,,,,,,,,,,,,,,,,,,,,,,,,,,HLT_Photon90_R9Id90_HE10_Iso40_EBOnly_v5,7.0,hltL1sL1SingleEG22,HLTLevel1GTSeed,-82.0,131.0,0.0,0.0
46.0,,,-0.698132,1.566,,TriggerObjects,,,,,,,,,,,,,,,,,,,,,,,,,,,,,,,,,,,,,,,,,,,,,,,,,,,,,,,,,,,,,,,,,,,,,,,,HLT_DisplacedPhoton65_CaloIdVL_IsoL_PFMET25_v3,7.0,hltL1sL1SingleEG20ORL1SingleEG22,HLTLevel1GTSeed,-82.0,131.0,0.0,0.0
46.0,,,-0.698132,1.566,,TriggerObjects,,,,,,,,,,,,,,,,,,,,,,,,,,,,,,,,,,,,,,,,,,,,,,,,,,,,,,,,,,,,,,,,,,,,,,,,HLT_DisplacedPhoton65EBOnly_CaloIdVL_IsoL_PFMET30_v3,7.0,hltL1sL1SingleEG20ORL1SingleEG22,HLTLevel1GTSeed,-82.0,131.0,0.0,0.0
46.0,,,-0.698132,1.566,,TriggerObjects,,,,,,,,,,,,,,,,,,,,,,,,,,,,,,,,,,,,,,,,,,,,,,,,,,,,,,,,,,,,,,,,,,,,,,,,HLT_Photon135_v7,7.0,hltL1sL1SingleEG30,HLTLevel1GTSeed,-82.0,131.0,0.0,0.0
46.0,,,-0.698132,1.566,,TriggerObjects,,,,,,,,,,,,,,,,,,,,,,,,,,,,,,,,,,,,,,,,,,,,,,,,,,,,,,,,,,,,,,,,,,,,,,,,HLT_Photon150_v4,7.0,hltL1sL1SingleEG30,HLTLevel1GTSeed,-82.0,131.0,0.0,0.0
46.0,,,-0.698132,1.566,,TriggerObjects,,,,,,,,,,,,,,,,,,,,,,,,,,,,,,,,,,,,,,,,,,,,,,,,,,,,,,,,,,,,,,,,,,,,,,,,HLT_Photon160_v4,7.0,hltL1sL1SingleEG30,HLTLevel1GTSeed,-82.0,131.0,0.0,0.0
46.0,,,-0.698132,1.566,,TriggerObjects,,,,,,,,,,,,,,,,,,,,,,,,,,,,,,,,,,,,,,,,,,,,,,,,,,,,,,,,,,,,,,,,,,,,,,,,HLT_Photon300_NoHE_v5,7.0,hltL1sL1SingleEG30,HLTLevel1GTSeed,-82.0,131.0,0.0,0.0
46.0,,,-0.698132,1.566,,TriggerObjects,,,,,,,,,,,,,,,,,,,,,,,,,,,,,,,,,,,,,,,,,,,,,,,,,,,,,,,,,,,,,,,,,,,,,,,,HLT_DoublePhoton48_HEVT_v8,7.0,hltL1sL1SingleEG20orL1SingleEG22,HLTLevel1GTSeed,-82.0,131.0,0.0,0.0
46.0,,,-0.698132,1.566,,TriggerObjects,,,,,,,,,,,,,,,,,,,,,,,,,,,,,,,,,,,,,,,,,,,,,,,,,,,,,,,,,,,,,,,,,,,,,,,,HLT_DoublePhoton53_HEVT_v2,7.0,hltL1sL1SingleEG20orL1SingleEG22,HLTLevel1GTSeed,-82.0,131.0,0.0,0.0
46.0,,,-0.698132,1.566,,TriggerObjects,,,,,,,,,,,,,,,,,,,,,,,,,,,,,,,,,,,,,,,,,,,,,,,,,,,,,,,,,,,,,,,,,,,,,,,,HLT_DoublePhoton70_v6,7.0,hltL1sL1SingleEG30,HLTLevel1GTSeed,-82.0,131.0,0.0,0.0
46.0,,,-0.698132,1.566,,TriggerObjects,,,,,,,,,,,,,,,,,,,,,,,,,,,,,,,,,,,,,,,,,,,,,,,,,,,,,,,,,,,,,,,,,,,,,,,,HLT_DoublePhoton80_v7,7.0,hltL1sL1SingleEG30,HLTLevel1GTSeed,-82.0,131.0,0.0,0.0
13.0,,,2.0944,0.8695,,TriggerObjects,,,,,,,,,,,,,,,,,,,,,,,,,,,,,,,,,,,,,,,,,,,,,,,,,,,,,,,,,,,,,,,,,,,,,,,,HLT_Ele17_CaloIdT_CaloIsoVL_TrkIdVL_TrkIsoVL_Ele8_CaloIdT_CaloIsoVL_TrkIdVL_TrkIsoVL_v18,7.0,hltL1sL1DoubleEG137,HLTLevel1GTSeed,-83.0,127.0,0.0,0.0
46.0,,,-0.698132,1.566,,TriggerObjects,,,,,,,,,,,,,,,,,,,,,,,,,,,,,,,,,,,,,,,,,,,,,,,,,,,,,,,,,,,,,,,,,,,,,,,,HLT_Ele17_CaloIdT_CaloIsoVL_TrkIdVL_TrkIsoVL_Ele8_CaloIdT_CaloIsoVL_TrkIdVL_TrkIsoVL_v18,7.0,hltL1sL1DoubleEG137,HLTLevel1GTSeed,-82.0,131.0,0.0,0.0
44.2499,,,-0.599468,1.44464,,TriggerObjects,,,,,,,,,,,,,,,,,,,,,,,,,,,,,,,,,,,,,,,,,,,,,,,,,,,,,,,,,,,,,,,,,,,,,,,,HLT_Ele17_CaloIdT_CaloIsoVL_TrkIdVL_TrkIsoVL_Ele8_CaloIdT_CaloIsoVL_TrkIdVL_TrkIsoVL_v18,53.0,hltEle17TightIdLooseIsoEle8TightIdLooseIsoTrackIsoFilter,HLTElectronGenericFilter,82.0,12.0,-11.0,-0.0156426
44.4068,,,-0.611961,1.44068,,TriggerObjects,,,,,,,,,,,,,,,,,,,,,,,,,,,,,,,,,,,,,,,,,,,,,,,,,,,,,,,,,,,,,,,,,,,,,,,,HLT_Ele17_CaloIdT_CaloIsoVL_TrkIdVL_TrkIsoVL_Ele8_CaloIdT_CaloIsoVL_TrkIdVL_TrkIsoVL_v18,53.0,hltEle17TightIdLooseIsoEle8TightIdLooseIsoTrackIsoFilter,HLTElectronGenericFilter,82.0,13.0,11.0,-0.0335372
13.0,,,2.0944,0.8695,,TriggerObjects,,,,,,,,,,,,,,,,,,,,,,,,,,,,,,,,,,,,,,,,,,,,,,,,,,,,,,,,,,,,,,,,,,,,,,,,HLT_Ele17_CaloIdVT_CaloIsoVT_TrkIdT_TrkIsoVT_Ele8_Mass50_v6,7.0,hltL1sL1DoubleEG137,HLTLevel1GTSeed,-83.0,127.0,0.0,0.0
46.0,,,-0.698132,1.566,,TriggerObjects,,,,,,,,,,,,,,,,,,,,,,,,,,,,,,,,,,,,,,,,,,,,,,,,,,,,,,,,,,,,,,,,,,,,,,,,HLT_Ele17_CaloIdVT_CaloIsoVT_TrkIdT_TrkIsoVT_Ele8_Mass50_v6,7.0,hltL1sL1DoubleEG137,HLTLevel1GTSeed,-82.0,131.0,0.0,0.0
44.2499,,,-0.599468,1.44464,,TriggerObjects,,,,,,,,,,,,,,,,,,,,,,,,,,,,,,,,,,,,,,,,,,,,,,,,,,,,,,,,,,,,,,,,,,,,,,,,HLT_Ele17_CaloIdVT_CaloIsoVT_TrkIdT_TrkIsoVT_Ele8_Mass50_v6,53.0,hltEle17CaloIdVTCaloIsoVTTrkIdTTrkIsoVTEle8TrackIsoFilter,HLTElectronGenericFilter,82.0,12.0,-11.0,-0.0156426
46.0,,,-0.698132,1.566,,TriggerObjects,,,,,,,,,,,,,,,,,,,,,,,,,,,,,,,,,,,,,,,,,,,,,,,,,,,,,,,,,,,,,,,,,,,,,,,,HLT_Ele27_CaloIdL_CaloIsoVL_TrkIdVL_TrkIsoVL_v11,7.0,hltL1sL1SingleEG20ORL1SingleEG22,HLTLevel1GTSeed,-82.0,131.0,0.0,0.0
46.0,,,-0.698132,1.566,,TriggerObjects,,,,,,,,,,,,,,,,,,,,,,,,,,,,,,,,,,,,,,,,,,,,,,,,,,,,,,,,,,,,,,,,,,,,,,,,HLT_Ele27_CaloIdT_CaloIsoVL_TrkIdVL_TrkIsoVL_Ele15_CaloIdT_CaloIsoVL_trackless_v7,7.0,hltL1sL1SingleEG20ORL1SingleEG22,HLTLevel1GTSeed,-82.0,131.0,0.0,0.0
44.2499,,,-0.599468,1.44464,,TriggerObjects,,,,,,,,,,,,,,,,,,,,,,,,,,,,,,,,,,,,,,,,,,,,,,,,,,,,,,,,,,,,,,,,,,,,,,,,HLT_Ele27_CaloIdT_CaloIsoVL_TrkIdVL_TrkIsoVL_Ele15_CaloIdT_CaloIsoVL_trackless_v7,53.0,hltEle27TightIdLooseIsoTrackIsoFilter,HLTElectronGenericFilter,82.0,12.0,-11.0,-0.0156426
44.4068,,,-0.611961,1.44068,,TriggerObjects,,,,,,,,,,,,,,,,,,,,,,,,,,,,,,,,,,,,,,,,,,,,,,,,,,,,,,,,,,,,,,,,,,,,,,,,HLT_Ele27_CaloIdT_CaloIsoVL_TrkIdVL_TrkIsoVL_Ele15_CaloIdT_CaloIsoVL_trackless_v7,53.0,hltEle27TightIdLooseIsoTrackIsoFilter,HLTElectronGenericFilter,82.0,13.0,11.0,-0.0335372
46.0,,,-0.698132,1.566,,TriggerObjects,,,,,,,,,,,,,,,,,,,,,,,,,,,,,,,,,,,,,,,,,,,,,,,,,,,,,,,,,,,,,,,,,,,,,,,,HLT_Ele27_CaloIdT_CaloIsoVL_TrkIdVL_TrkIsoVL_HFT15_v7,7.0,hltL1sL1SingleEG20ORL1SingleEG22,HLTLevel1GTSeed,-82.0,131.0,0.0,0.0
44.2499,,,-0.599468,1.44464,,TriggerObjects,,,,,,,,,,,,,,,,,,,,,,,,,,,,,,,,,,,,,,,,,,,,,,,,,,,,,,,,,,,,,,,,,,,,,,,,HLT_Ele27_CaloIdT_CaloIsoVL_TrkIdVL_TrkIsoVL_HFT15_v7,53.0,hltEle27TightIdLooseIsoTrackIsoFilter,HLTElectronGenericFilter,82.0,12.0,-11.0,-0.0156426
44.4068,,,-0.611961,1.44068,,TriggerObjects,,,,,,,,,,,,,,,,,,,,,,,,,,,,,,,,,,,,,,,,,,,,,,,,,,,,,,,,,,,,,,,,,,,,,,,,HLT_Ele27_CaloIdT_CaloIsoVL_TrkIdVL_TrkIsoVL_HFT15_v7,53.0,hltEle27TightIdLooseIsoTrackIsoFilter,HLTElectronGenericFilter,82.0,13.0,11.0,-0.0335372
46.0,,,-0.698132,1.566,,TriggerObjects,,,,,,,,,,,,,,,,,,,,,,,,,,,,,,,,,,,,,,,,,,,,,,,,,,,,,,,,,,,,,,,,,,,,,,,,HLT_Ele23_CaloIdT_CaloIsoVL_TrkIdVL_TrkIsoVL_HFT30_v7,7.0,hltL1sL1SingleEG20ORL1SingleEG22,HLTLevel1GTSeed,-82.0,131.0,0.0,0.0
44.2499,,,-0.599468,1.44464,,TriggerObjects,,,,,,,,,,,,,,,,,,,,,,,,,,,,,,,,,,,,,,,,,,,,,,,,,,,,,,,,,,,,,,,,,,,,,,,,HLT_Ele23_CaloIdT_CaloIsoVL_TrkIdVL_TrkIsoVL_HFT30_v7,53.0,hltEle23TightIdLooseIsoTrackIsoFilter,HLTElectronGenericFilter,82.0,12.0,-11.0,-0.0156426
44.4068,,,-0.611961,1.44068,,TriggerObjects,,,,,,,,,,,,,,,,,,,,,,,,,,,,,,,,,,,,,,,,,,,,,,,,,,,,,,,,,,,,,,,,,,,,,,,,HLT_Ele23_CaloIdT_CaloIsoVL_TrkIdVL_TrkIsoVL_HFT30_v7,53.0,hltEle23TightIdLooseIsoTrackIsoFilter,HLTElectronGenericFilter,82.0,13.0,11.0,-0.0335372
46.0,,,-0.698132,1.566,,TriggerObjects,,,,,,,,,,,,,,,,,,,,,,,,,,,,,,,,,,,,,,,,,,,,,,,,,,,,,,,,,,,,,,,,,,,,,,,,HLT_Ele25_CaloIdVT_CaloIsoVL_TrkIdVL_TrkIsoT_TriCentralPFNoPUJet30_v3,7.0,hltL1sL1SingleEG20orL1SingleEG22,HLTLevel1GTSeed,-82.0,131.0,0.0,0.0
44.2499,,,-0.599468,1.44464,,TriggerObjects,,,,,,,,,,,,,,,,,,,,,,,,,,,,,,,,,,,,,,,,,,,,,,,,,,,,,,,,,,,,,,,,,,,,,,,,HLT_Ele25_CaloIdVT_CaloIsoVL_TrkIdVL_TrkIsoT_TriCentralPFNoPUJet30_v3,53.0,hltEle25CaloIdVTTrkIdVLCaloIsoVLTrkIsoTTrackIsoFilter,HLTElectronGenericFilter,82.0,16.0,-11.0,-0.0156426
54.9008,,,2.60483,0.723927,,TriggerObjects,,,,,,,,,,,,,,,,,,,,,,,,,,,,,,,,,,,,,,,,,,,,,,,,,,,,,,,,,,,,,,,,,,,,,,,,HLT_Ele25_CaloIdVT_CaloIsoVL_TrkIdVL_TrkIsoT_TriCentralPFNoPUJet30_v3,182.0,hltEle25CaloIdVTCaloIsoVLTrkIdVLTrkIsoTTriCentralPFNoPUJet30EleCleaned,HLTPFJetCollectionsFilter,0.0,277.0,0.0,6.53012
46.0,,,-0.698132,1.566,,TriggerObjects,,,,,,,,,,,,,,,,,,,,,,,,,,,,,,,,,,,,,,,,,,,,,,,,,,,,,,,,,,,,,,,,,,,,,,,,HLT_Ele25_CaloIdVT_CaloIsoVL_TrkIdVL_TrkIsoT_TriCentralPFNoPUJet45_35_25_v1,7.0,hltL1sL1SingleEG20orL1SingleEG22,HLTLevel1GTSeed,-82.0,131.0,0.0,0.0
44.2499,,,-0.599468,1.44464,,TriggerObjects,,,,,,,,,,,,,,,,,,,,,,,,,,,,,,,,,,,,,,,,,,,,,,,,,,,,,,,,,,,,,,,,,,,,,,,,HLT_Ele25_CaloIdVT_CaloIsoVL_TrkIdVL_TrkIsoT_TriCentralPFNoPUJet45_35_25_v1,53.0,hltEle25CaloIdVTTrkIdVLCaloIsoVLTrkIsoTTrackIsoFilter,HLTElectronGenericFilter,82.0,16.0,-11.0,-0.0156426
54.9008,,,2.60483,0.723927,,TriggerObjects,,,,,,,,,,,,,,,,,,,,,,,,,,,,,,,,,,,,,,,,,,,,,,,,,,,,,,,,,,,,,,,,,,,,,,,,HLT_Ele25_CaloIdVT_CaloIsoVL_TrkIdVL_TrkIsoT_TriCentralPFNoPUJet45_35_25_v1,182.0,hltEle25CaloIdVTCaloIsoVLTrkIdVLTrkIsoTTriCentralPFNoPUJet25EleCleaned,HLTPFJetCollectionsFilter,0.0,277.0,0.0,6.53012
46.0,,,-0.698132,1.566,,TriggerObjects,,,,,,,,,,,,,,,,,,,,,,,,,,,,,,,,,,,,,,,,,,,,,,,,,,,,,,,,,,,,,,,,,,,,,,,,HLT_Ele25_CaloIdVT_CaloIsoVL_TrkIdVL_TrkIsoT_TriCentralPFNoPUJet50_40_30_v3,7.0,hltL1sL1SingleEG20orL1SingleEG22,HLTLevel1GTSeed,-82.0,131.0,0.0,0.0
44.2499,,,-0.599468,1.44464,,TriggerObjects,,,,,,,,,,,,,,,,,,,,,,,,,,,,,,,,,,,,,,,,,,,,,,,,,,,,,,,,,,,,,,,,,,,,,,,,HLT_Ele25_CaloIdVT_CaloIsoVL_TrkIdVL_TrkIsoT_TriCentralPFNoPUJet50_40_30_v3,53.0,hltEle25CaloIdVTTrkIdVLCaloIsoVLTrkIsoTTrackIsoFilter,HLTElectronGenericFilter,82.0,16.0,-11.0,-0.0156426
54.9008,,,2.60483,0.723927,,TriggerObjects,,,,,,,,,,,,,,,,,,,,,,,,,,,,,,,,,,,,,,,,,,,,,,,,,,,,,,,,,,,,,,,,,,,,,,,,HLT_Ele25_CaloIdVT_CaloIsoVL_TrkIdVL_TrkIsoT_TriCentralPFNoPUJet50_40_30_v3,182.0,hltEle25CaloIdVTCaloIsoVLTrkIdVLTrkIsoTTriCentralPFNoPUJet30EleCleaned,HLTPFJetCollectionsFilter,0.0,277.0,0.0,6.53012
46.0,,,-0.698132,1.566,,TriggerObjects,,,,,,,,,,,,,,,,,,,,,,,,,,,,,,,,,,,,,,,,,,,,,,,,,,,,,,,,,,,,,,,,,,,,,,,,HLT_Ele27_WP80_v11,7.0,hltL1sL1SingleEG20ORL1SingleEG22,HLTLevel1GTSeed,-82.0,131.0,0.0,0.0
44.2499,,,-0.599468,1.44464,,TriggerObjects,,,,,,,,,,,,,,,,,,,,,,,,,,,,,,,,,,,,,,,,,,,,,,,,,,,,,,,,,,,,,,,,,,,,,,,,HLT_Ele27_WP80_v11,56.0,hltEle27WP80TrackIsoFilter,HLTElectronGenericFilter,82.0,6.0,-11.0,-0.0156426
46.0,,,-0.698132,1.566,,TriggerObjects,,,,,,,,,,,,,,,,,,,,,,,,,,,,,,,,,,,,,,,,,,,,,,,,,,,,,,,,,,,,,,,,,,,,,,,,HLT_Ele27_WP80_PFMET_MT50_v6,7.0,hltL1sL1SingleEG20ORL1SingleEG22,HLTLevel1GTSeed,-82.0,131.0,0.0,0.0
44.2499,,,-0.599468,1.44464,,TriggerObjects,,,,,,,,,,,,,,,,,,,,,,,,,,,,,,,,,,,,,,,,,,,,,,,,,,,,,,,,,,,,,,,,,,,,,,,,HLT_Ele27_WP80_PFMET_MT50_v6,56.0,hltEle27WP80TrackIsoFilter,HLTElectronGenericFilter,82.0,6.0,-11.0,-0.0156426
46.0,,,-0.698132,1.566,,TriggerObjects,,,,,,,,,,,,,,,,,,,,,,,,,,,,,,,,,,,,,,,,,,,,,,,,,,,,,,,,,,,,,,,,,,,,,,,,HLT_Ele30_CaloIdVT_TrkIdT_v6,7.0,hltL1sL1SingleEG22,HLTLevel1GTSeed,-82.0,131.0,0.0,0.0
46.0,,,-0.698132,1.566,,TriggerObjects,,,,,,,,,,,,,,,,,,,,,,,,,,,,,,,,,,,,,,,,,,,,,,,,,,,,,,,,,,,,,,,,,,,,,,,,HLT_Ele32_CaloIdL_CaloIsoVL_TrkIdVL_TrkIsoVL_v11,7.0,hltL1sL1SingleEG20ORL1SingleEG22,HLTLevel1GTSeed,-82.0,131.0,0.0,0.0
46.0,,,-0.698132,1.566,,TriggerObjects,,,,,,,,,,,,,,,,,,,,,,,,,,,,,,,,,,,,,,,,,,,,,,,,,,,,,,,,,,,,,,,,,,,,,,,,HLT_Ele32_CaloIdT_CaloIsoT_TrkIdT_TrkIsoT_SC17_Mass50_v6,7.0,hltL1sL1SingleEG22,HLTLevel1GTSeed,-82.0,131.0,0.0,0.0
43.3446,,,-0.610686,1.46769,,TriggerObjects,,,,,,,,,,,,,,,,,,,,,,,,,,,,,,,,,,,,,,,,,,,,,,,,,,,,,,,,,,,,,,,,,,,,,,,,HLT_Ele32_CaloIdT_CaloIsoT_TrkIdT_TrkIsoT_SC17_Mass50_v6,41.0,hltEle32CaloIdTCaloIsoTTrkIdTTrkIsoTSC17PixelMatchFilter,HLTElectronPixelMatchFilter,92.0,0.0,0.0,0.0
44.2499,,,-0.599468,1.44464,,TriggerObjects,,,,,,,,,,,,,,,,,,,,,,,,,,,,,,,,,,,,,,,,,,,,,,,,,,,,,,,,,,,,,,,,,,,,,,,,HLT_Ele32_CaloIdT_CaloIsoT_TrkIdT_TrkIsoT_SC17_Mass50_v6,53.0,hltEle32CaloIdTCaloIsoTTrkIdTTrkIsoTSC17TrackIsoFilter,HLTElectronGenericFilter,82.0,16.0,-11.0,-0.0156426
46.0,,,-0.698132,1.566,,TriggerObjects,,,,,,,,,,,,,,,,,,,,,,,,,,,,,,,,,,,,,,,,,,,,,,,,,,,,,,,,,,,,,,,,,,,,,,,,HLT_Ele80_CaloIdVT_GsfTrkIdT_v2,7.0,hltL1sL1SingleEG20ORL1SingleEG22,HLTLevel1GTSeed,-82.0,131.0,0.0,0.0
46.0,,,-0.698132,1.566,,TriggerObjects,,,,,,,,,,,,,,,,,,,,,,,,,,,,,,,,,,,,,,,,,,,,,,,,,,,,,,,,,,,,,,,,,,,,,,,,HLT_Ele90_CaloIdVT_GsfTrkIdT_v2,7.0,hltL1sL1SingleEG20ORL1SingleEG22,HLTLevel1GTSeed,-82.0,131.0,0.0,0.0
46.0,,,-0.698132,1.566,,TriggerObjects,,,,,,,,,,,,,,,,,,,,,,,,,,,,,,,,,,,,,,,,,,,,,,,,,,,,,,,,,,,,,,,,,,,,,,,,HLT_DoubleEle33_CaloIdL_v14,7.0,hltL1sL1SingleEG22,HLTLevel1GTSeed,-82.0,131.0,0.0,0.0
46.0,,,-0.698132,1.566,,TriggerObjects,,,,,,,,,,,,,,,,,,,,,,,,,,,,,,,,,,,,,,,,,,,,,,,,,,,,,,,,,,,,,,,,,,,,,,,,HLT_DoubleEle33_CaloIdL_GsfTrkIdVL_v7,7.0,hltL1sL1SingleEG22,HLTLevel1GTSeed,-82.0,131.0,0.0,0.0
43.3446,,,-0.610686,1.46769,,TriggerObjects,,,,,,,,,,,,,,,,,,,,,,,,,,,,,,,,,,,,,,,,,,,,,,,,,,,,,,,,,,,,,,,,,,,,,,,,HLT_DoubleEle33_CaloIdL_GsfTrkIdVL_v7,37.0,hltEle33CaloIdLPixelMatchFilter,HLTElectronPixelMatchFilter,92.0,0.0,0.0,0.0
46.0,,,-0.698132,1.566,,TriggerObjects,,,,,,,,,,,,,,,,,,,,,,,,,,,,,,,,,,,,,,,,,,,,,,,,,,,,,,,,,,,,,,,,,,,,,,,,HLT_DoubleEle33_CaloIdT_v10,7.0,hltL1sL1SingleEG22,HLTLevel1GTSeed,-82.0,131.0,0.0,0.0
43.3446,,,-0.610686,1.46769,,TriggerObjects,,,,,,,,,,,,,,,,,,,,,,,,,,,,,,,,,,,,,,,,,,,,,,,,,,,,,,,,,,,,,,,,,,,,,,,,HLT_DoubleEle33_CaloIdT_v10,37.0,hltEle33CaloIdTPixelMatchFilter,HLTElectronPixelMatchFilter,92.0,0.0,0.0,0.0
13.0,,,2.0944,0.8695,,TriggerObjects,,,,,,,,,,,,,,,,,,,,,,,,,,,,,,,,,,,,,,,,,,,,,,,,,,,,,,,,,,,,,,,,,,,,,,,,HLT_Ele15_Ele8_Ele5_CaloIdL_TrkIdVL_v6,7.0,hltL1sL1EG12EG7EG5,HLTLevel1GTSeed,-83.0,127.0,0.0,0.0
5.0,,,2.44346,0.5215,,TriggerObjects,,,,,,,,,,,,,,,,,,,,,,,,,,,,,,,,,,,,,,,,,,,,,,,,,,,,,,,,,,,,,,,,,,,,,,,,HLT_Ele15_Ele8_Ele5_CaloIdL_TrkIdVL_v6,7.0,hltL1sL1EG12EG7EG5,HLTLevel1GTSeed,-83.0,128.0,0.0,0.0
46.0,,,-0.698132,1.566,,TriggerObjects,,,,,,,,,,,,,,,,,,,,,,,,,,,,,,,,,,,,,,,,,,,,,,,,,,,,,,,,,,,,,,,,,,,,,,,,HLT_Ele15_Ele8_Ele5_CaloIdL_TrkIdVL_v6,7.0,hltL1sL1EG12EG7EG5,HLTLevel1GTSeed,-82.0,131.0,0.0,0.0
44.2499,,,-0.599468,1.44464,,TriggerObjects,,,,,,,,,,,,,,,,,,,,,,,,,,,,,,,,,,,,,,,,,,,,,,,,,,,,,,,,,,,,,,,,,,,,,,,,HLT_Ele15_Ele8_Ele5_CaloIdL_TrkIdVL_v6,46.0,hltL1NonIsoHLT3LegEleIdTripleElectronEt15Et8Et5EleIdDphiFilter,HLTElectronGenericFilter,82.0,16.0,-11.0,-0.0156426
44.4068,,,-0.611961,1.44068,,TriggerObjects,,,,,,,,,,,,,,,,,,,,,,,,,,,,,,,,,,,,,,,,,,,,,,,,,,,,,,,,,,,,,,,,,,,,,,,,HLT_Ele15_Ele8_Ele5_CaloIdL_TrkIdVL_v6,46.0,hltL1NonIsoHLT3LegEleIdTripleElectronEt15Et8Et5EleIdDphiFilter,HLTElectronGenericFilter,82.0,17.0,11.0,-0.0335372
6.04567,,,2.57875,0.649568,,TriggerObjects,,,,,,,,,,,,,,,,,,,,,,,,,,,,,,,,,,,,,,,,,,,,,,,,,,,,,,,,,,,,,,,,,,,,,,,,HLT_Ele15_Ele8_Ele5_CaloIdL_TrkIdVL_v6,46.0,hltL1NonIsoHLT3LegEleIdTripleElectronEt15Et8Et5EleIdDphiFilter,HLTElectronGenericFilter,82.0,18.0,-11.0,-0.002071
64.0,,,2.79253,0.8695,,TriggerObjects,,,,,,,,,,,,,,,,,,,,,,,,,,,,,,,,,,,,,,,,,,,,,,,,,,,,,,,,,,,,,,,,,,,,,,,,HLT_DoubleMediumIsoPFTau30_Trk1_eta2p1_Jet30_v4,7.0,hltL1sDoubleTauJet44erorDoubleJetC64,HLTLevel1GTSeed,-84.0,133.0,0.0,0.0
84.0,,,-0.698132,1.566,,TriggerObjects,,,,,,,,,,,,,,,,,,,,,,,,,,,,,,,,,,,,,,,,,,,,,,,,,,,,,,,,,,,,,,,,,,,,,,,,HLT_DoubleMediumIsoPFTau30_Trk1_eta2p1_Jet30_v4,7.0,hltL1sDoubleTauJet44erorDoubleJetC64,HLTLevel1GTSeed,-86.0,135.0,0.0,0.0
45.3274,,,-0.60783,1.4728,,TriggerObjects,,,,,,,,,,,,,,,,,,,,,,,,,,,,,,,,,,,,,,,,,,,,,,,,,,,,,,,,,,,,,,,,,,,,,,,,HLT_DoubleMediumIsoPFTau30_Trk1_eta2p1_Jet30_v4,34.0,hltDoubleL2Tau30eta2p1,HLT1CaloJet,84.0,119.0,15.0,1.83734
35.4287,,,2.6381,0.781133,,TriggerObjects,,,,,,,,,,,,,,,,,,,,,,,,,,,,,,,,,,,,,,,,,,,,,,,,,,,,,,,,,,,,,,,,,,,,,,,,HLT_DoubleMediumIsoPFTau30_Trk1_eta2p1_Jet30_v4,34.0,hltDoubleL2Tau30eta2p1,HLT1CaloJet,84.0,120.0,15.0,2.97491
79.9702,,,-0.607303,1.47874,,TriggerObjects,,,,,,,,,,,,,,,,,,,,,,,,,,,,,,,,,,,,,,,,,,,,,,,,,,,,,,,,,,,,,,,,,,,,,,,,HLT_DoubleMediumIsoPFTau30_Trk1_eta2p1_Jet30_v4,47.0,hltDoubleL2Jets30eta2p1,HLT1CaloJet,85.0,19.0,0.0,11.4085
59.8121,,,2.62005,0.792036,,TriggerObjects,,,,,,,,,,,,,,,,,,,,,,,,,,,,,,,,,,,,,,,,,,,,,,,,,,,,,,,,,,,,,,,,,,,,,,,,HLT_DoubleMediumIsoPFTau30_Trk1_eta2p1_Jet30_v4,47.0,hltDoubleL2Jets30eta2p1,HLT1CaloJet,85.0,20.0,0.0,8.21403
38.4336,,,1.96177,0.827274,,TriggerObjects,,,,,,,,,,,,,,,,,,,,,,,,,,,,,,,,,,,,,,,,,,,,,,,,,,,,,,,,,,,,,,,,,,,,,,,,HLT_DoubleMediumIsoPFTau30_Trk1_eta2p1_Jet30_v4,47.0,hltDoubleL2Jets30eta2p1,HLT1CaloJet,85.0,21.0,0.0,8.3022
79.9702,,,-0.607303,1.47874,,TriggerObjects,,,,,,,,,,,,,,,,,,,,,,,,,,,,,,,,,,,,,,,,,,,,,,,,,,,,,,,,,,,,,,,,,,,,,,,,HLT_DoubleMediumIsoPFTau30_Trk1_eta2p1_Jet30_v4,48.0,hltTripleL2Jets30eta3,HLT1CaloJet,85.0,19.0,0.0,11.4085
59.8121,,,2.62005,0.792036,,TriggerObjects,,,,,,,,,,,,,,,,,,,,,,,,,,,,,,,,,,,,,,,,,,,,,,,,,,,,,,,,,,,,,,,,,,,,,,,,HLT_DoubleMediumIsoPFTau30_Trk1_eta2p1_Jet30_v4,48.0,hltTripleL2Jets30eta3,HLT1CaloJet,85.0,20.0,0.0,8.21403
38.4336,,,1.96177,0.827274,,TriggerObjects,,,,,,,,,,,,,,,,,,,,,,,,,,,,,,,,,,,,,,,,,,,,,,,,,,,,,,,,,,,,,,,,,,,,,,,,HLT_DoubleMediumIsoPFTau30_Trk1_eta2p1_Jet30_v4,48.0,hltTripleL2Jets30eta3,HLT1CaloJet,85.0,21.0,0.0,8.3022
45.3274,,,-0.60783,1.4728,,TriggerObjects,,,,,,,,,,,,,,,,,,,,,,,,,,,,,,,,,,,,,,,,,,,,,,,,,,,,,,,,,,,,,,,,,,,,,,,,HLT_DoubleMediumIsoPFTau30_Trk1_eta2p1_Jet30_v4,49.0,hltL2Tau25eta2p1,HLT1CaloJet,84.0,119.0,15.0,1.83734
35.4287,,,2.6381,0.781133,,TriggerObjects,,,,,,,,,,,,,,,,,,,,,,,,,,,,,,,,,,,,,,,,,,,,,,,,,,,,,,,,,,,,,,,,,,,,,,,,HLT_DoubleMediumIsoPFTau30_Trk1_eta2p1_Jet30_v4,49.0,hltL2Tau25eta2p1,HLT1CaloJet,84.0,120.0,15.0,2.97491
45.3274,,,-0.60783,1.4728,,TriggerObjects,,,,,,,,,,,,,,,,,,,,,,,,,,,,,,,,,,,,,,,,,,,,,,,,,,,,,,,,,,,,,,,,,,,,,,,,HLT_DoubleMediumIsoPFTau30_Trk1_eta2p1_Jet30_v4,57.0,hltL2DiTauIsoFilter,HLTCaloJetTag,84.0,121.0,15.0,1.83734
64.0,,,2.79253,0.8695,,TriggerObjects,,,,,,,,,,,,,,,,,,,,,,,,,,,,,,,,,,,,,,,,,,,,,,,,,,,,,,,,,,,,,,,,,,,,,,,,HLT_DoubleMediumIsoPFTau30_Trk1_eta2p1_v3,7.0,hltL1sDoubleTauJet44erorDoubleJetC64,HLTLevel1GTSeed,-84.0,133.0,0.0,0.0
84.0,,,-0.698132,1.566,,TriggerObjects,,,,,,,,,,,,,,,,,,,,,,,,,,,,,,,,,,,,,,,,,,,,,,,,,,,,,,,,,,,,,,,,,,,,,,,,HLT_DoubleMediumIsoPFTau30_Trk1_eta2p1_v3,7.0,hltL1sDoubleTauJet44erorDoubleJetC64,HLTLevel1GTSeed,-86.0,135.0,0.0,0.0
64.0,,,2.79253,0.8695,,TriggerObjects,,,,,,,,,,,,,,,,,,,,,,,,,,,,,,,,,,,,,,,,,,,,,,,,,,,,,,,,,,,,,,,,,,,,,,,,HLT_DoubleMediumIsoPFTau35_Trk1_eta2p1_Prong1_v3,7.0,hltL1sDoubleTauJet44erorDoubleJetC64,HLTLevel1GTSeed,-84.0,133.0,0.0,0.0
84.0,,,-0.698132,1.566,,TriggerObjects,,,,,,,,,,,,,,,,,,,,,,,,,,,,,,,,,,,,,,,,,,,,,,,,,,,,,,,,,,,,,,,,,,,,,,,,HLT_DoubleMediumIsoPFTau35_Trk1_eta2p1_Prong1_v3,7.0,hltL1sDoubleTauJet44erorDoubleJetC64,HLTLevel1GTSeed,-86.0,135.0,0.0,0.0
45.3274,,,-0.60783,1.4728,,TriggerObjects,,,,,,,,,,,,,,,,,,,,,,,,,,,,,,,,,,,,,,,,,,,,,,,,,,,,,,,,,,,,,,,,,,,,,,,,HLT_DoubleMediumIsoPFTau35_Trk1_eta2p1_Prong1_v3,34.0,hltDoubleL2Tau35eta2p1,HLT1CaloJet,84.0,119.0,15.0,1.83734
35.4287,,,2.6381,0.781133,,TriggerObjects,,,,,,,,,,,,,,,,,,,,,,,,,,,,,,,,,,,,,,,,,,,,,,,,,,,,,,,,,,,,,,,,,,,,,,,,HLT_DoubleMediumIsoPFTau35_Trk1_eta2p1_Prong1_v3,34.0,hltDoubleL2Tau35eta2p1,HLT1CaloJet,84.0,120.0,15.0,2.97491
45.3274,,,-0.60783,1.4728,,TriggerObjects,,,,,,,,,,,,,,,,,,,,,,,,,,,,,,,,,,,,,,,,,,,,,,,,,,,,,,,,,,,,,,,,,,,,,,,,HLT_DoubleMediumIsoPFTau35_Trk1_eta2p1_Prong1_v3,35.0,hltL2Tau25eta2p1,HLT1CaloJet,84.0,119.0,15.0,1.83734
35.4287,,,2.6381,0.781133,,TriggerObjects,,,,,,,,,,,,,,,,,,,,,,,,,,,,,,,,,,,,,,,,,,,,,,,,,,,,,,,,,,,,,,,,,,,,,,,,HLT_DoubleMediumIsoPFTau35_Trk1_eta2p1_Prong1_v3,35.0,hltL2Tau25eta2p1,HLT1CaloJet,84.0,120.0,15.0,2.97491
45.3274,,,-0.60783,1.4728,,TriggerObjects,,,,,,,,,,,,,,,,,,,,,,,,,,,,,,,,,,,,,,,,,,,,,,,,,,,,,,,,,,,,,,,,,,,,,,,,HLT_DoubleMediumIsoPFTau35_Trk1_eta2p1_Prong1_v3,43.0,hltL2DiTauIsoFilter,HLTCaloJetTag,84.0,121.0,15.0,1.83734
64.0,,,2.79253,0.8695,,TriggerObjects,,,,,,,,,,,,,,,,,,,,,,,,,,,,,,,,,,,,,,,,,,,,,,,,,,,,,,,,,,,,,,,,,,,,,,,,HLT_DoubleMediumIsoPFTau35_Trk1_eta2p1_v3,7.0,hltL1sDoubleTauJet44erorDoubleJetC64,HLTLevel1GTSeed,-84.0,133.0,0.0,0.0
84.0,,,-0.698132,1.566,,TriggerObjects,,,,,,,,,,,,,,,,,,,,,,,,,,,,,,,,,,,,,,,,,,,,,,,,,,,,,,,,,,,,,,,,,,,,,,,,HLT_DoubleMediumIsoPFTau35_Trk1_eta2p1_v3,7.0,hltL1sDoubleTauJet44erorDoubleJetC64,HLTLevel1GTSeed,-86.0,135.0,0.0,0.0
45.3274,,,-0.60783,1.4728,,TriggerObjects,,,,,,,,,,,,,,,,,,,,,,,,,,,,,,,,,,,,,,,,,,,,,,,,,,,,,,,,,,,,,,,,,,,,,,,,HLT_DoubleMediumIsoPFTau35_Trk1_eta2p1_v3,34.0,hltDoubleL2Tau35eta2p1,HLT1CaloJet,84.0,119.0,15.0,1.83734
35.4287,,,2.6381,0.781133,,TriggerObjects,,,,,,,,,,,,,,,,,,,,,,,,,,,,,,,,,,,,,,,,,,,,,,,,,,,,,,,,,,,,,,,,,,,,,,,,HLT_DoubleMediumIsoPFTau35_Trk1_eta2p1_v3,34.0,hltDoubleL2Tau35eta2p1,HLT1CaloJet,84.0,120.0,15.0,2.97491
45.3274,,,-0.60783,1.4728,,TriggerObjects,,,,,,,,,,,,,,,,,,,,,,,,,,,,,,,,,,,,,,,,,,,,,,,,,,,,,,,,,,,,,,,,,,,,,,,,HLT_DoubleMediumIsoPFTau35_Trk1_eta2p1_v3,35.0,hltL2Tau25eta2p1,HLT1CaloJet,84.0,119.0,15.0,1.83734
35.4287,,,2.6381,0.781133,,TriggerObjects,,,,,,,,,,,,,,,,,,,,,,,,,,,,,,,,,,,,,,,,,,,,,,,,,,,,,,,,,,,,,,,,,,,,,,,,HLT_DoubleMediumIsoPFTau35_Trk1_eta2p1_v3,35.0,hltL2Tau25eta2p1,HLT1CaloJet,84.0,120.0,15.0,2.97491
45.3274,,,-0.60783,1.4728,,TriggerObjects,,,,,,,,,,,,,,,,,,,,,,,,,,,,,,,,,,,,,,,,,,,,,,,,,,,,,,,,,,,,,,,,,,,,,,,,HLT_DoubleMediumIsoPFTau35_Trk1_eta2p1_v3,43.0,hltL2DiTauIsoFilter,HLTCaloJetTag,84.0,121.0,15.0,1.83734
64.0,,,2.79253,0.8695,,TriggerObjects,,,,,,,,,,,,,,,,,,,,,,,,,,,,,,,,,,,,,,,,,,,,,,,,,,,,,,,,,,,,,,,,,,,,,,,,HLT_IsoMu12_DoubleCentralJet65_v4,7.0,hltL1sL1DoubleJetC64ORDoubleJetC56ORDoubleJetC52,HLTLevel1GTSeed,-84.0,133.0,0.0,0.0
84.0,,,-0.698132,1.566,,TriggerObjects,,,,,,,,,,,,,,,,,,,,,,,,,,,,,,,,,,,,,,,,,,,,,,,,,,,,,,,,,,,,,,,,,,,,,,,,HLT_IsoMu12_DoubleCentralJet65_v4,7.0,hltL1sL1DoubleJetC64ORDoubleJetC56ORDoubleJetC52,HLTLevel1GTSeed,-86.0,135.0,0.0,0.0
46.0,,,-0.698132,1.566,,TriggerObjects,,,,,,,,,,,,,,,,,,,,,,,,,,,,,,,,,,,,,,,,,,,,,,,,,,,,,,,,,,,,,,,,,,,,,,,,HLT_Ele32_WP80_PFJet30_PFJet25_Deta3_v3,7.0,hltL1sL1SingleEG20ORL1SingleEG22,HLTLevel1GTSeed,-82.0,131.0,0.0,0.0
46.0,,,-0.698132,1.566,,TriggerObjects,,,,,,,,,,,,,,,,,,,,,,,,,,,,,,,,,,,,,,,,,,,,,,,,,,,,,,,,,,,,,,,,,,,,,,,,HLT_Ele32_WP80_PFJet30_PFJet25_Deta3_CentralPFJet30_v3,7.0,hltL1sL1SingleEG20ORL1SingleEG22,HLTLevel1GTSeed,-82.0,131.0,0.0,0.0
44.2499,,,-0.599468,1.44464,,TriggerObjects,,,,,,,,,,,,,,,,,,,,,,,,,,,,,,,,,,,,,,,,,,,,,,,,,,,,,,,,,,,,,,,,,,,,,,,,HLT_Ele32_WP80_PFJet30_PFJet25_Deta3_CentralPFJet30_v3,56.0,hltEle32WP80TrackIsoFilter,HLTElectronGenericFilter,82.0,9.0,-11.0,-0.0156426
46.0,,,-0.698132,1.566,,TriggerObjects,,,,,,,,,,,,,,,,,,,,,,,,,,,,,,,,,,,,,,,,,,,,,,,,,,,,,,,,,,,,,,,,,,,,,,,,HLT_Ele32_WP80_CentralPFJet35_CentralPFJet25_v3,7.0,hltL1sL1SingleEG20ORL1SingleEG22,HLTLevel1GTSeed,-82.0,131.0,0.0,0.0
44.2499,,,-0.599468,1.44464,,TriggerObjects,,,,,,,,,,,,,,,,,,,,,,,,,,,,,,,,,,,,,,,,,,,,,,,,,,,,,,,,,,,,,,,,,,,,,,,,HLT_Ele32_WP80_CentralPFJet35_CentralPFJet25_v3,56.0,hltEle32WP80TrackIsoFilter,HLTElectronGenericFilter,82.0,9.0,-11.0,-0.0156426
51.0833,,,2.60483,0.723927,,TriggerObjects,,,,,,,,,,,,,,,,,,,,,,,,,,,,,,,,,,,,,,,,,,,,,,,,,,,,,,,,,,,,,,,,,,,,,,,,HLT_Ele32_WP80_CentralPFJet35_CentralPFJet25_v3,181.0,hltEle32WP80CentralPFJet35EleCleaned,HLTPFJetCollectionsFilter,85.0,143.0,0.0,6.07606
51.0833,,,2.60483,0.723927,,TriggerObjects,,,,,,,,,,,,,,,,,,,,,,,,,,,,,,,,,,,,,,,,,,,,,,,,,,,,,,,,,,,,,,,,,,,,,,,,HLT_Ele32_WP80_CentralPFJet35_CentralPFJet25_v3,182.0,hltEle32WP80DiCentralPFJet25EleCleaned,HLTPFJetCollectionsFilter,85.0,143.0,0.0,6.07606
46.0,,,-0.698132,1.566,,TriggerObjects,,,,,,,,,,,,,,,,,,,,,,,,,,,,,,,,,,,,,,,,,,,,,,,,,,,,,,,,,,,,,,,,,,,,,,,,HLT_Ele32_WP80_CentralPFJet35_CentralPFJet25_PFMET20_v3,7.0,hltL1sL1SingleEG20ORL1SingleEG22,HLTLevel1GTSeed,-82.0,131.0,0.0,0.0
44.2499,,,-0.599468,1.44464,,TriggerObjects,,,,,,,,,,,,,,,,,,,,,,,,,,,,,,,,,,,,,,,,,,,,,,,,,,,,,,,,,,,,,,,,,,,,,,,,HLT_Ele32_WP80_CentralPFJet35_CentralPFJet25_PFMET20_v3,56.0,hltEle32WP80TrackIsoFilter,HLTElectronGenericFilter,82.0,9.0,-11.0,-0.0156426
51.0833,,,2.60483,0.723927,,TriggerObjects,,,,,,,,,,,,,,,,,,,,,,,,,,,,,,,,,,,,,,,,,,,,,,,,,,,,,,,,,,,,,,,,,,,,,,,,HLT_Ele32_WP80_CentralPFJet35_CentralPFJet25_PFMET20_v3,181.0,hltEle32WP80CentralPFJet35EleCleaned,HLTPFJetCollectionsFilter,85.0,143.0,0.0,6.07606
51.0833,,,2.60483,0.723927,,TriggerObjects,,,,,,,,,,,,,,,,,,,,,,,,,,,,,,,,,,,,,,,,,,,,,,,,,,,,,,,,,,,,,,,,,,,,,,,,HLT_Ele32_WP80_CentralPFJet35_CentralPFJet25_PFMET20_v3,182.0,hltEle32WP80DiCentralPFJet25EleCleaned,HLTPFJetCollectionsFilter,85.0,143.0,0.0,6.07606
46.0,,,-0.698132,1.566,,TriggerObjects,,,,,,,,,,,,,,,,,,,,,,,,,,,,,,,,,,,,,,,,,,,,,,,,,,,,,,,,,,,,,,,,,,,,,,,,HLT_Ele25_CaloIdVT_CaloIsoT_TrkIdT_TrkIsoT_CentralPFNoPUJet30_v7,7.0,hltL1sL1SingleEG20orL1SingleEG22,HLTLevel1GTSeed,-82.0,131.0,0.0,0.0
46.0,,,-0.698132,1.566,,TriggerObjects,,,,,,,,,,,,,,,,,,,,,,,,,,,,,,,,,,,,,,,,,,,,,,,,,,,,,,,,,,,,,,,,,,,,,,,,HLT_Ele25_CaloIdVT_CaloIsoVL_TrkIdVL_TrkIsoT_DiCentralPFNoPUJet30_v1,7.0,hltL1sL1SingleEG20orL1SingleEG22,HLTLevel1GTSeed,-82.0,131.0,0.0,0.0
46.0,,,-0.698132,1.566,,TriggerObjects,,,,,,,,,,,,,,,,,,,,,,,,,,,,,,,,,,,,,,,,,,,,,,,,,,,,,,,,,,,,,,,,,,,,,,,,HLT_Ele25_CaloIdVT_CaloIsoT_TrkIdT_TrkIsoT_CentralPFNoPUJet30_BTagIPIter_v8,7.0,hltL1sL1SingleEG20orL1SingleEG22,HLTLevel1GTSeed,-82.0,131.0,0.0,0.0
44.2499,,,-0.599468,1.44464,,TriggerObjects,,,,,,,,,,,,,,,,,,,,,,,,,,,,,,,,,,,,,,,,,,,,,,,,,,,,,,,,,,,,,,,,,,,,,,,,HLT_Ele25_CaloIdVT_CaloIsoT_TrkIdT_TrkIsoT_CentralPFNoPUJet30_BTagIPIter_v8,53.0,hltEle25CaloIdVTTrkIdTCaloIsoTTrkIsoTTrackIsoFilter,HLTElectronGenericFilter,82.0,16.0,-11.0,-0.0156426
54.9008,,,2.60483,0.723927,,TriggerObjects,,,,,,,,,,,,,,,,,,,,,,,,,,,,,,,,,,,,,,,,,,,,,,,,,,,,,,,,,,,,,,,,,,,,,,,,HLT_Ele25_CaloIdVT_CaloIsoT_TrkIdT_TrkIsoT_CentralPFNoPUJet30_BTagIPIter_v8,182.0,hltEle25CaloIdVTCaloIsoTTrkIdTTrkIsoTCentralBPFNoPUJet30EleCleaned,HLTPFJetCollectionsFilter,86.0,277.0,0.0,6.53012
46.0,,,-0.698132,1.566,,TriggerObjects,,,,,,,,,,,,,,,,,,,,,,,,,,,,,,,,,,,,,,,,,,,,,,,,,,,,,,,,,,,,,,,,,,,,,,,,HLT_Ele27_WP80_CentralPFJet80_v8,7.0,hltL1sL1SingleEG20ORL1SingleEG22,HLTLevel1GTSeed,-82.0,131.0,0.0,0.0
44.2499,,,-0.599468,1.44464,,TriggerObjects,,,,,,,,,,,,,,,,,,,,,,,,,,,,,,,,,,,,,,,,,,,,,,,,,,,,,,,,,,,,,,,,,,,,,,,,HLT_Ele27_WP80_CentralPFJet80_v8,56.0,hltEle27WP80TrackIsoFilter,HLTElectronGenericFilter,82.0,6.0,-11.0,-0.0156426
46.0,,,-0.698132,1.566,,TriggerObjects,,,,,,,,,,,,,,,,,,,,,,,,,,,,,,,,,,,,,,,,,,,,,,,,,,,,,,,,,,,,,,,,,,,,,,,,HLT_Ele27_WP80_WCandPt80_v8,7.0,hltL1sL1SingleEG20ORL1SingleEG22,HLTLevel1GTSeed,-82.0,131.0,0.0,0.0
44.2499,,,-0.599468,1.44464,,TriggerObjects,,,,,,,,,,,,,,,,,,,,,,,,,,,,,,,,,,,,,,,,,,,,,,,,,,,,,,,,,,,,,,,,,,,,,,,,HLT_Ele27_WP80_WCandPt80_v8,56.0,hltEle27WP80TrackIsoFilter,HLTElectronGenericFilter,82.0,6.0,-11.0,-0.0156426
12.0936,,,-2.05822,0.0,,TriggerObjects,,,,,,,,,,,,,,,,,,,,,,,,,,,,,,,,,,,,,,,,,,,,,,,,,,,,,,,,,,,,,,,,,,,,,,,,HLT_Ele27_WP80_WCandPt80_v8,181.0,hltPFMHT0,HLTMhtFilter,90.0,123.0,0.0,0.0
46.0,,,-0.698132,1.566,,TriggerObjects,,,,,,,,,,,,,,,,,,,,,,,,,,,,,,,,,,,,,,,,,,,,,,,,,,,,,,,,,,,,,,,,,,,,,,,,HLT_Ele30_CaloIdVT_TrkIdT_PFNoPUJet100_PFNoPUJet25_v7,7.0,hltL1sL1SingleEG22,HLTLevel1GTSeed,-82.0,131.0,0.0,0.0
43.3446,,,-0.610686,1.46769,,TriggerObjects,,,,,,,,,,,,,,,,,,,,,,,,,,,,,,,,,,,,,,,,,,,,,,,,,,,,,,,,,,,,,,,,,,,,,,,,HLT_Ele30_CaloIdVT_TrkIdT_PFNoPUJet100_PFNoPUJet25_v7,29.0,hltEG30CaloIdVTHEFilterL1EG22,HLTEgammaGenericFilter,81.0,0.0,0.0,0.0
44.2499,,,-0.599468,1.44464,,TriggerObjects,,,,,,,,,,,,,,,,,,,,,,,,,,,,,,,,,,,,,,,,,,,,,,,,,,,,,,,,,,,,,,,,,,,,,,,,HLT_Ele30_CaloIdVT_TrkIdT_PFNoPUJet100_PFNoPUJet25_v7,44.0,hltEle30CaloIdVTTrkIdTDphiFilter,HLTElectronGenericFilter,82.0,16.0,-11.0,-0.0156426
74.7913,,,-0.604753,1.42896,,TriggerObjects,,,,,,,,,,,,,,,,,,,,,,,,,,,,,,,,,,,,,,,,,,,,,,,,,,,,,,,,,,,,,,,,,,,,,,,,HLT_Ele30_CaloIdVT_TrkIdT_PFNoPUJet100_PFNoPUJet25_v7,172.0,hltDiPFNoPUJet25,HLT1PFJet,85.0,276.0,0.0,9.44397
54.9008,,,2.60483,0.723927,,TriggerObjects,,,,,,,,,,,,,,,,,,,,,,,,,,,,,,,,,,,,,,,,,,,,,,,,,,,,,,,,,,,,,,,,,,,,,,,,HLT_Ele30_CaloIdVT_TrkIdT_PFNoPUJet100_PFNoPUJet25_v7,172.0,hltDiPFNoPUJet25,HLT1PFJet,85.0,277.0,0.0,6.53012
54.9008,,,2.60483,0.723927,,TriggerObjects,,,,,,,,,,,,,,,,,,,,,,,,,,,,,,,,,,,,,,,,,,,,,,,,,,,,,,,,,,,,,,,,,,,,,,,,HLT_Ele30_CaloIdVT_TrkIdT_PFNoPUJet100_PFNoPUJet25_v7,174.0,hltEle30CaloIdVTTrkIdTDiCentralPFNoPUJet25EleCleaned,HLTPFJetCollectionsFilter,0.0,277.0,0.0,6.53012
46.0,,,-0.698132,1.566,,TriggerObjects,,,,,,,,,,,,,,,,,,,,,,,,,,,,,,,,,,,,,,,,,,,,,,,,,,,,,,,,,,,,,,,,,,,,,,,,HLT_Ele30_CaloIdVT_TrkIdT_PFNoPUJet150_PFNoPUJet25_v7,7.0,hltL1sL1SingleEG22,HLTLevel1GTSeed,-82.0,131.0,0.0,0.0
43.3446,,,-0.610686,1.46769,,TriggerObjects,,,,,,,,,,,,,,,,,,,,,,,,,,,,,,,,,,,,,,,,,,,,,,,,,,,,,,,,,,,,,,,,,,,,,,,,HLT_Ele30_CaloIdVT_TrkIdT_PFNoPUJet150_PFNoPUJet25_v7,29.0,hltEG30CaloIdVTHEFilterL1EG22,HLTEgammaGenericFilter,81.0,0.0,0.0,0.0
44.2499,,,-0.599468,1.44464,,TriggerObjects,,,,,,,,,,,,,,,,,,,,,,,,,,,,,,,,,,,,,,,,,,,,,,,,,,,,,,,,,,,,,,,,,,,,,,,,HLT_Ele30_CaloIdVT_TrkIdT_PFNoPUJet150_PFNoPUJet25_v7,44.0,hltEle30CaloIdVTTrkIdTDphiFilter,HLTElectronGenericFilter,82.0,16.0,-11.0,-0.0156426
74.7913,,,-0.604753,1.42896,,TriggerObjects,,,,,,,,,,,,,,,,,,,,,,,,,,,,,,,,,,,,,,,,,,,,,,,,,,,,,,,,,,,,,,,,,,,,,,,,HLT_Ele30_CaloIdVT_TrkIdT_PFNoPUJet150_PFNoPUJet25_v7,172.0,hltDiPFNoPUJet25,HLT1PFJet,85.0,276.0,0.0,9.44397
54.9008,,,2.60483,0.723927,,TriggerObjects,,,,,,,,,,,,,,,,,,,,,,,,,,,,,,,,,,,,,,,,,,,,,,,,,,,,,,,,,,,,,,,,,,,,,,,,HLT_Ele30_CaloIdVT_TrkIdT_PFNoPUJet150_PFNoPUJet25_v7,172.0,hltDiPFNoPUJet25,HLT1PFJet,85.0,277.0,0.0,6.53012
54.9008,,,2.60483,0.723927,,TriggerObjects,,,,,,,,,,,,,,,,,,,,,,,,,,,,,,,,,,,,,,,,,,,,,,,,,,,,,,,,,,,,,,,,,,,,,,,,HLT_Ele30_CaloIdVT_TrkIdT_PFNoPUJet150_PFNoPUJet25_v7,174.0,hltEle30CaloIdVTTrkIdTDiCentralPFNoPUJet25EleCleaned,HLTPFJetCollectionsFilter,0.0,277.0,0.0,6.53012
13.0,,,2.0944,0.8695,,TriggerObjects,,,,,,,,,,,,,,,,,,,,,,,,,,,,,,,,,,,,,,,,,,,,,,,,,,,,,,,,,,,,,,,,,,,,,,,,HLT_DoubleEle8_CaloIdT_TrkIdVL_Mass8_PFNoPUHT175_v3,7.0,hltL1sL1DoubleEG6HTT100ORHTT125,HLTLevel1GTSeed,-83.0,127.0,0.0,0.0
46.0,,,-0.698132,1.566,,TriggerObjects,,,,,,,,,,,,,,,,,,,,,,,,,,,,,,,,,,,,,,,,,,,,,,,,,,,,,,,,,,,,,,,,,,,,,,,,HLT_DoubleEle8_CaloIdT_TrkIdVL_Mass8_PFNoPUHT175_v3,7.0,hltL1sL1DoubleEG6HTT100ORHTT125,HLTLevel1GTSeed,-82.0,131.0,0.0,0.0
104.5,,,0.0,0.0,,TriggerObjects,,,,,,,,,,,,,,,,,,,,,,,,,,,,,,,,,,,,,,,,,,,,,,,,,,,,,,,,,,,,,,,,,,,,,,,,HLT_DoubleEle8_CaloIdT_TrkIdVL_Mass8_PFNoPUHT175_v3,7.0,hltL1sL1DoubleEG6HTT100ORHTT125,HLTLevel1GTSeed,-89.0,139.0,-89.0,0.0
13.0,,,2.0944,0.8695,,TriggerObjects,,,,,,,,,,,,,,,,,,,,,,,,,,,,,,,,,,,,,,,,,,,,,,,,,,,,,,,,,,,,,,,,,,,,,,,,HLT_DoubleEle8_CaloIdT_TrkIdVL_Mass8_PFNoPUHT225_v3,7.0,hltL1sL1DoubleEG6HTT100ORHTT125,HLTLevel1GTSeed,-83.0,127.0,0.0,0.0
46.0,,,-0.698132,1.566,,TriggerObjects,,,,,,,,,,,,,,,,,,,,,,,,,,,,,,,,,,,,,,,,,,,,,,,,,,,,,,,,,,,,,,,,,,,,,,,,HLT_DoubleEle8_CaloIdT_TrkIdVL_Mass8_PFNoPUHT225_v3,7.0,hltL1sL1DoubleEG6HTT100ORHTT125,HLTLevel1GTSeed,-82.0,131.0,0.0,0.0
104.5,,,0.0,0.0,,TriggerObjects,,,,,,,,,,,,,,,,,,,,,,,,,,,,,,,,,,,,,,,,,,,,,,,,,,,,,,,,,,,,,,,,,,,,,,,,HLT_DoubleEle8_CaloIdT_TrkIdVL_Mass8_PFNoPUHT225_v3,7.0,hltL1sL1DoubleEG6HTT100ORHTT125,HLTLevel1GTSeed,-89.0,139.0,-89.0,0.0
64.0,,,2.79253,0.8695,,TriggerObjects,,,,,,,,,,,,,,,,,,,,,,,,,,,,,,,,,,,,,,,,,,,,,,,,,,,,,,,,,,,,,,,,,,,,,,,,HLT_RsqMR40_Rsq0p04_v6,7.0,hltL1sL1DoubleJetC64ORDoubleJetC56ORDoubleJetC52,HLTLevel1GTSeed,-84.0,133.0,0.0,0.0
84.0,,,-0.698132,1.566,,TriggerObjects,,,,,,,,,,,,,,,,,,,,,,,,,,,,,,,,,,,,,,,,,,,,,,,,,,,,,,,,,,,,,,,,,,,,,,,,HLT_RsqMR40_Rsq0p04_v6,7.0,hltL1sL1DoubleJetC64ORDoubleJetC56ORDoubleJetC52,HLTLevel1GTSeed,-86.0,135.0,0.0,0.0
64.0,,,2.79253,0.8695,,TriggerObjects,,,,,,,,,,,,,,,,,,,,,,,,,,,,,,,,,,,,,,,,,,,,,,,,,,,,,,,,,,,,,,,,,,,,,,,,HLT_RsqMR45_Rsq0p09_v5,7.0,hltL1sL1DoubleJetC64ORDoubleJetC56ORDoubleJetC52,HLTLevel1GTSeed,-84.0,133.0,0.0,0.0
84.0,,,-0.698132,1.566,,TriggerObjects,,,,,,,,,,,,,,,,,,,,,,,,,,,,,,,,,,,,,,,,,,,,,,,,,,,,,,,,,,,,,,,,,,,,,,,,HLT_RsqMR45_Rsq0p09_v5,7.0,hltL1sL1DoubleJetC64ORDoubleJetC56ORDoubleJetC52,HLTLevel1GTSeed,-86.0,135.0,0.0,0.0
79.9702,,,-0.607303,1.47874,,TriggerObjects,,,,,,,,,,,,,,,,,,,,,,,,,,,,,,,,,,,,,,,,,,,,,,,,,,,,,,,,,,,,,,,,,,,,,,,,HLT_RsqMR45_Rsq0p09_v5,21.0,hltDoubleCentralJet65L1FastJet,HLT1CaloJet,85.0,19.0,0.0,11.4085
64.0,,,2.79253,0.8695,,TriggerObjects,,,,,,,,,,,,,,,,,,,,,,,,,,,,,,,,,,,,,,,,,,,,,,,,,,,,,,,,,,,,,,,,,,,,,,,,HLT_RsqMR55_Rsq0p09_MR150_v6,7.0,hltL1sL1DoubleJetC64ORDoubleJetC56ORDoubleJetC52,HLTLevel1GTSeed,-84.0,133.0,0.0,0.0
84.0,,,-0.698132,1.566,,TriggerObjects,,,,,,,,,,,,,,,,,,,,,,,,,,,,,,,,,,,,,,,,,,,,,,,,,,,,,,,,,,,,,,,,,,,,,,,,HLT_RsqMR55_Rsq0p09_MR150_v6,7.0,hltL1sL1DoubleJetC64ORDoubleJetC56ORDoubleJetC52,HLTLevel1GTSeed,-86.0,135.0,0.0,0.0
79.9702,,,-0.607303,1.47874,,TriggerObjects,,,,,,,,,,,,,,,,,,,,,,,,,,,,,,,,,,,,,,,,,,,,,,,,,,,,,,,,,,,,,,,,,,,,,,,,HLT_RsqMR55_Rsq0p09_MR150_v6,21.0,hltDoubleCentralJet65L1FastJet,HLT1CaloJet,85.0,19.0,0.0,11.4085
64.0,,,2.79253,0.8695,,TriggerObjects,,,,,,,,,,,,,,,,,,,,,,,,,,,,,,,,,,,,,,,,,,,,,,,,,,,,,,,,,,,,,,,,,,,,,,,,HLT_RsqMR60_Rsq0p09_MR150_v6,7.0,hltL1sL1DoubleJetC64ORDoubleJetC56ORDoubleJetC52,HLTLevel1GTSeed,-84.0,133.0,0.0,0.0
84.0,,,-0.698132,1.566,,TriggerObjects,,,,,,,,,,,,,,,,,,,,,,,,,,,,,,,,,,,,,,,,,,,,,,,,,,,,,,,,,,,,,,,,,,,,,,,,HLT_RsqMR60_Rsq0p09_MR150_v6,7.0,hltL1sL1DoubleJetC64ORDoubleJetC56ORDoubleJetC52,HLTLevel1GTSeed,-86.0,135.0,0.0,0.0
79.9702,,,-0.607303,1.47874,,TriggerObjects,,,,,,,,,,,,,,,,,,,,,,,,,,,,,,,,,,,,,,,,,,,,,,,,,,,,,,,,,,,,,,,,,,,,,,,,HLT_RsqMR60_Rsq0p09_MR150_v6,21.0,hltDoubleCentralJet65L1FastJet,HLT1CaloJet,85.0,19.0,0.0,11.4085
64.0,,,2.79253,0.8695,,TriggerObjects,,,,,,,,,,,,,,,,,,,,,,,,,,,,,,,,,,,,,,,,,,,,,,,,,,,,,,,,,,,,,,,,,,,,,,,,HLT_RsqMR65_Rsq0p09_MR150_v5,7.0,hltL1sL1DoubleJetC64ORDoubleJetC56ORDoubleJetC52,HLTLevel1GTSeed,-84.0,133.0,0.0,0.0
84.0,,,-0.698132,1.566,,TriggerObjects,,,,,,,,,,,,,,,,,,,,,,,,,,,,,,,,,,,,,,,,,,,,,,,,,,,,,,,,,,,,,,,,,,,,,,,,HLT_RsqMR65_Rsq0p09_MR150_v5,7.0,hltL1sL1DoubleJetC64ORDoubleJetC56ORDoubleJetC52,HLTLevel1GTSeed,-86.0,135.0,0.0,0.0
79.9702,,,-0.607303,1.47874,,TriggerObjects,,,,,,,,,,,,,,,,,,,,,,,,,,,,,,,,,,,,,,,,,,,,,,,,,,,,,,,,,,,,,,,,,,,,,,,,HLT_RsqMR65_Rsq0p09_MR150_v5,21.0,hltDoubleCentralJet65L1FastJet,HLT1CaloJet,85.0,19.0,0.0,11.4085
64.0,,,2.79253,0.8695,,TriggerObjects,,,,,,,,,,,,,,,,,,,,,,,,,,,,,,,,,,,,,,,,,,,,,,,,,,,,,,,,,,,,,,,,,,,,,,,,HLT_IsoMu12_RsqMR30_Rsq0p04_MR200_v4,7.0,hltL1sL1DoubleJetC64ORDoubleJetC56ORDoubleJetC52,HLTLevel1GTSeed,-84.0,133.0,0.0,0.0
84.0,,,-0.698132,1.566,,TriggerObjects,,,,,,,,,,,,,,,,,,,,,,,,,,,,,,,,,,,,,,,,,,,,,,,,,,,,,,,,,,,,,,,,,,,,,,,,HLT_IsoMu12_RsqMR30_Rsq0p04_MR200_v4,7.0,hltL1sL1DoubleJetC64ORDoubleJetC56ORDoubleJetC52,HLTLevel1GTSeed,-86.0,135.0,0.0,0.0
64.0,,,2.79253,0.8695,,TriggerObjects,,,,,,,,,,,,,,,,,,,,,,,,,,,,,,,,,,,,,,,,,,,,,,,,,,,,,,,,,,,,,,,,,,,,,,,,HLT_IsoMu12_RsqMR40_Rsq0p04_MR200_v4,7.0,hltL1sL1DoubleJetC64ORDoubleJetC56ORDoubleJetC52,HLTLevel1GTSeed,-84.0,133.0,0.0,0.0
84.0,,,-0.698132,1.566,,TriggerObjects,,,,,,,,,,,,,,,,,,,,,,,,,,,,,,,,,,,,,,,,,,,,,,,,,,,,,,,,,,,,,,,,,,,,,,,,HLT_IsoMu12_RsqMR40_Rsq0p04_MR200_v4,7.0,hltL1sL1DoubleJetC64ORDoubleJetC56ORDoubleJetC52,HLTLevel1GTSeed,-86.0,135.0,0.0,0.0
64.0,,,2.79253,0.8695,,TriggerObjects,,,,,,,,,,,,,,,,,,,,,,,,,,,,,,,,,,,,,,,,,,,,,,,,,,,,,,,,,,,,,,,,,,,,,,,,HLT_Ele12_CaloIdT_CaloIsoVL_TrkIdVL_TrkIsoVL_RsqMR30_Rsq0p04_MR200_v4,7.0,hltL1sL1DoubleJetC64ORDoubleJetC56ORDoubleJetC52,HLTLevel1GTSeed,-84.0,133.0,0.0,0.0
84.0,,,-0.698132,1.566,,TriggerObjects,,,,,,,,,,,,,,,,,,,,,,,,,,,,,,,,,,,,,,,,,,,,,,,,,,,,,,,,,,,,,,,,,,,,,,,,HLT_Ele12_CaloIdT_CaloIsoVL_TrkIdVL_TrkIsoVL_RsqMR30_Rsq0p04_MR200_v4,7.0,hltL1sL1DoubleJetC64ORDoubleJetC56ORDoubleJetC52,HLTLevel1GTSeed,-86.0,135.0,0.0,0.0
79.9702,,,-0.607303,1.47874,,TriggerObjects,,,,,,,,,,,,,,,,,,,,,,,,,,,,,,,,,,,,,,,,,,,,,,,,,,,,,,,,,,,,,,,,,,,,,,,,HLT_Ele12_CaloIdT_CaloIsoVL_TrkIdVL_TrkIsoVL_RsqMR30_Rsq0p04_MR200_v4,21.0,hltDoubleCentralJet65L1FastJet,HLT1CaloJet,85.0,19.0,0.0,11.4085
64.0,,,2.79253,0.8695,,TriggerObjects,,,,,,,,,,,,,,,,,,,,,,,,,,,,,,,,,,,,,,,,,,,,,,,,,,,,,,,,,,,,,,,,,,,,,,,,HLT_Ele12_CaloIdT_CaloIsoVL_TrkIdVL_TrkIsoVL_RsqMR40_Rsq0p04_MR200_v4,7.0,hltL1sL1DoubleJetC64ORDoubleJetC56ORDoubleJetC52,HLTLevel1GTSeed,-84.0,133.0,0.0,0.0
84.0,,,-0.698132,1.566,,TriggerObjects,,,,,,,,,,,,,,,,,,,,,,,,,,,,,,,,,,,,,,,,,,,,,,,,,,,,,,,,,,,,,,,,,,,,,,,,HLT_Ele12_CaloIdT_CaloIsoVL_TrkIdVL_TrkIsoVL_RsqMR40_Rsq0p04_MR200_v4,7.0,hltL1sL1DoubleJetC64ORDoubleJetC56ORDoubleJetC52,HLTLevel1GTSeed,-86.0,135.0,0.0,0.0
79.9702,,,-0.607303,1.47874,,TriggerObjects,,,,,,,,,,,,,,,,,,,,,,,,,,,,,,,,,,,,,,,,,,,,,,,,,,,,,,,,,,,,,,,,,,,,,,,,HLT_Ele12_CaloIdT_CaloIsoVL_TrkIdVL_TrkIsoVL_RsqMR40_Rsq0p04_MR200_v4,21.0,hltDoubleCentralJet65L1FastJet,HLT1CaloJet,85.0,19.0,0.0,11.4085
64.0,,,2.79253,0.8695,,TriggerObjects,,,,,,,,,,,,,,,,,,,,,,,,,,,,,,,,,,,,,,,,,,,,,,,,,,,,,,,,,,,,,,,,,,,,,,,,HLT_Ele12_CaloIdT_CaloIsoVL_TrkIdVL_TrkIsoVL_DoubleCentralJet65_v4,7.0,hltL1sL1DoubleJetC64ORDoubleJetC56ORDoubleJetC52,HLTLevel1GTSeed,-84.0,133.0,0.0,0.0
84.0,,,-0.698132,1.566,,TriggerObjects,,,,,,,,,,,,,,,,,,,,,,,,,,,,,,,,,,,,,,,,,,,,,,,,,,,,,,,,,,,,,,,,,,,,,,,,HLT_Ele12_CaloIdT_CaloIsoVL_TrkIdVL_TrkIsoVL_DoubleCentralJet65_v4,7.0,hltL1sL1DoubleJetC64ORDoubleJetC56ORDoubleJetC52,HLTLevel1GTSeed,-86.0,135.0,0.0,0.0
46.0,,,-0.698132,1.566,,TriggerObjects,,,,,,,,,,,,,,,,,,,,,,,,,,,,,,,,,,,,,,,,,,,,,,,,,,,,,,,,,,,,,,,,,,,,,,,,HLT_Photon40_CaloIdL_RsqMR40_Rsq0p09_MR150_v6,7.0,hltL1sL1SingleEG24,HLTLevel1GTSeed,-82.0,131.0,0.0,0.0
46.0,,,-0.698132,1.566,,TriggerObjects,,,,,,,,,,,,,,,,,,,,,,,,,,,,,,,,,,,,,,,,,,,,,,,,,,,,,,,,,,,,,,,,,,,,,,,,HLT_Photon40_CaloIdL_RsqMR45_Rsq0p09_MR150_v6,7.0,hltL1sL1SingleEG24,HLTLevel1GTSeed,-82.0,131.0,0.0,0.0
43.3446,,,-0.610686,1.46769,,TriggerObjects,,,,,,,,,,,,,,,,,,,,,,,,,,,,,,,,,,,,,,,,,,,,,,,,,,,,,,,,,,,,,,,,,,,,,,,,HLT_Photon40_CaloIdL_RsqMR45_Rsq0p09_MR150_v6,29.0,hltEG40CaloIdLHEFilter,HLTEgammaGenericFilter,81.0,0.0,0.0,0.0
79.9702,,,-0.607303,1.47874,,TriggerObjects,,,,,,,,,,,,,,,,,,,,,,,,,,,,,,,,,,,,,,,,,,,,,,,,,,,,,,,,,,,,,,,,,,,,,,,,HLT_Photon40_CaloIdL_RsqMR45_Rsq0p09_MR150_v6,42.0,hltDoubleCentralJet40L1FastJet,HLT1CaloJet,85.0,19.0,0.0,11.4085
59.8121,,,2.62005,0.792036,,TriggerObjects,,,,,,,,,,,,,,,,,,,,,,,,,,,,,,,,,,,,,,,,,,,,,,,,,,,,,,,,,,,,,,,,,,,,,,,,HLT_Photon40_CaloIdL_RsqMR45_Rsq0p09_MR150_v6,42.0,hltDoubleCentralJet40L1FastJet,HLT1CaloJet,85.0,20.0,0.0,8.21403
46.0,,,-0.698132,1.566,,TriggerObjects,,,,,,,,,,,,,,,,,,,,,,,,,,,,,,,,,,,,,,,,,,,,,,,,,,,,,,,,,,,,,,,,,,,,,,,,HLT_Photon40_CaloIdL_RsqMR50_Rsq0p09_MR150_v6,7.0,hltL1sL1SingleEG24,HLTLevel1GTSeed,-82.0,131.0,0.0,0.0
43.3446,,,-0.610686,1.46769,,TriggerObjects,,,,,,,,,,,,,,,,,,,,,,,,,,,,,,,,,,,,,,,,,,,,,,,,,,,,,,,,,,,,,,,,,,,,,,,,HLT_Photon40_CaloIdL_RsqMR50_Rsq0p09_MR150_v6,29.0,hltEG40CaloIdLHEFilter,HLTEgammaGenericFilter,81.0,0.0,0.0,0.0
79.9702,,,-0.607303,1.47874,,TriggerObjects,,,,,,,,,,,,,,,,,,,,,,,,,,,,,,,,,,,,,,,,,,,,,,,,,,,,,,,,,,,,,,,,,,,,,,,,HLT_Photon40_CaloIdL_RsqMR50_Rsq0p09_MR150_v6,42.0,hltDoubleCentralJet40L1FastJet,HLT1CaloJet,85.0,19.0,0.0,11.4085
59.8121,,,2.62005,0.792036,,TriggerObjects,,,,,,,,,,,,,,,,,,,,,,,,,,,,,,,,,,,,,,,,,,,,,,,,,,,,,,,,,,,,,,,,,,,,,,,,HLT_Photon40_CaloIdL_RsqMR50_Rsq0p09_MR150_v6,42.0,hltDoubleCentralJet40L1FastJet,HLT1CaloJet,85.0,20.0,0.0,8.21403
46.0,,,-0.698132,1.566,,TriggerObjects,,,,,,,,,,,,,,,,,,,,,,,,,,,,,,,,,,,,,,,,,,,,,,,,,,,,,,,,,,,,,,,,,,,,,,,,HLT_DoublePhoton40_CaloIdL_Rsq0p035_v6,7.0,hltL1sL1SingleEG24,HLTLevel1GTSeed,-82.0,131.0,0.0,0.0
43.3446,,,-0.610686,1.46769,,TriggerObjects,,,,,,,,,,,,,,,,,,,,,,,,,,,,,,,,,,,,,,,,,,,,,,,,,,,,,,,,,,,,,,,,,,,,,,,,HLT_DoublePhoton40_CaloIdL_Rsq0p035_v6,29.0,hltEG40CaloIdLHEFilter,HLTEgammaGenericFilter,81.0,0.0,0.0,0.0
46.0,,,-0.698132,1.566,,TriggerObjects,,,,,,,,,,,,,,,,,,,,,,,,,,,,,,,,,,,,,,,,,,,,,,,,,,,,,,,,,,,,,,,,,,,,,,,,HLT_DoublePhoton40_CaloIdL_Rsq0p06_v6,7.0,hltL1sL1SingleEG24,HLTLevel1GTSeed,-82.0,131.0,0.0,0.0
43.3446,,,-0.610686,1.46769,,TriggerObjects,,,,,,,,,,,,,,,,,,,,,,,,,,,,,,,,,,,,,,,,,,,,,,,,,,,,,,,,,,,,,,,,,,,,,,,,HLT_DoublePhoton40_CaloIdL_Rsq0p06_v6,29.0,hltEG40CaloIdLHEFilter,HLTEgammaGenericFilter,81.0,0.0,0.0,0.0
13.0,,,2.0944,0.8695,,TriggerObjects,,,,,,,,,,,,,,,,,,,,,,,,,,,,,,,,,,,,,,,,,,,,,,,,,,,,,,,,,,,,,,,,,,,,,,,,HLT_DoubleEle14_CaloIdT_TrkIdVL_Mass8_PFMET40_v7,7.0,hltL1sL1DoubleEG137ORL1DoubleEG155,HLTLevel1GTSeed,-83.0,127.0,0.0,0.0
46.0,,,-0.698132,1.566,,TriggerObjects,,,,,,,,,,,,,,,,,,,,,,,,,,,,,,,,,,,,,,,,,,,,,,,,,,,,,,,,,,,,,,,,,,,,,,,,HLT_DoubleEle14_CaloIdT_TrkIdVL_Mass8_PFMET40_v7,7.0,hltL1sL1DoubleEG137ORL1DoubleEG155,HLTLevel1GTSeed,-82.0,131.0,0.0,0.0
13.0,,,2.0944,0.8695,,TriggerObjects,,,,,,,,,,,,,,,,,,,,,,,,,,,,,,,,,,,,,,,,,,,,,,,,,,,,,,,,,,,,,,,,,,,,,,,,HLT_DoubleEle14_CaloIdT_TrkIdVL_Mass8_PFMET50_v7,7.0,hltL1sL1DoubleEG137ORL1DoubleEG155,HLTLevel1GTSeed,-83.0,127.0,0.0,0.0
46.0,,,-0.698132,1.566,,TriggerObjects,,,,,,,,,,,,,,,,,,,,,,,,,,,,,,,,,,,,,,,,,,,,,,,,,,,,,,,,,,,,,,,,,,,,,,,,HLT_DoubleEle14_CaloIdT_TrkIdVL_Mass8_PFMET50_v7,7.0,hltL1sL1DoubleEG137ORL1DoubleEG155,HLTLevel1GTSeed,-82.0,131.0,0.0,0.0
46.0,,,-0.698132,1.566,,TriggerObjects,,,,,,,,,,,,,,,,,,,,,,,,,,,,,,,,,,,,,,,,,,,,,,,,,,,,,,,,,,,,,,,,,,,,,,,,HLT_Ele22_eta2p1_WP90Rho_LooseIsoPFTau20_v6,7.0,hltL1sL1SingleIsoEG18erORIsoEG20erOREG22,HLTLevel1GTSeed,-82.0,131.0,0.0,0.0
43.3446,,,-0.610686,1.46769,,TriggerObjects,,,,,,,,,,,,,,,,,,,,,,,,,,,,,,,,,,,,,,,,,,,,,,,,,,,,,,,,,,,,,,,,,,,,,,,,HLT_Ele22_eta2p1_WP90Rho_LooseIsoPFTau20_v6,24.0,hltEle22WP90RhoClusterShapeFilter,HLTEgammaGenericFilter,81.0,0.0,0.0,0.0
43.3446,,,-0.610686,1.46769,,TriggerObjects,,,,,,,,,,,,,,,,,,,,,,,,,,,,,,,,,,,,,,,,,,,,,,,,,,,,,,,,,,,,,,,,,,,,,,,,HLT_Ele22_eta2p1_WP90Rho_LooseIsoPFTau20_v6,38.0,hltEle22WP90RhoEcalIsoFilter,HLTEgammaGenericFilter,81.0,0.0,0.0,0.0
43.3446,,,-0.610686,1.46769,,TriggerObjects,,,,,,,,,,,,,,,,,,,,,,,,,,,,,,,,,,,,,,,,,,,,,,,,,,,,,,,,,,,,,,,,,,,,,,,,HLT_Ele22_eta2p1_WP90Rho_LooseIsoPFTau20_v6,44.0,hltEle22WP90RhoHEFilter,HLTEgammaGenericFilter,81.0,0.0,0.0,0.0
43.3446,,,-0.610686,1.46769,,TriggerObjects,,,,,,,,,,,,,,,,,,,,,,,,,,,,,,,,,,,,,,,,,,,,,,,,,,,,,,,,,,,,,,,,,,,,,,,,HLT_Ele22_eta2p1_WP90Rho_LooseIsoPFTau20_v6,46.0,hltEle22WP90RhoHcalIsoFilter,HLTEgammaGenericFilter,81.0,0.0,0.0,0.0
43.3446,,,-0.610686,1.46769,,TriggerObjects,,,,,,,,,,,,,,,,,,,,,,,,,,,,,,,,,,,,,,,,,,,,,,,,,,,,,,,,,,,,,,,,,,,,,,,,HLT_Ele22_eta2p1_WP90Rho_LooseIsoPFTau20_v6,54.0,hltEle22WP90RhoPixelMatchFilter,HLTElectronPixelMatchFilter,92.0,0.0,0.0,0.0
44.2499,,,-0.599468,1.44464,,TriggerObjects,,,,,,,,,,,,,,,,,,,,,,,,,,,,,,,,,,,,,,,,,,,,,,,,,,,,,,,,,,,,,,,,,,,,,,,,HLT_Ele22_eta2p1_WP90Rho_LooseIsoPFTau20_v6,58.0,hltEle22WP90RhoOneOEMinusOneOPFilter,HLTElectronOneOEMinusOneOPFilterRegional,82.0,16.0,-11.0,-0.0156426
44.4068,,,-0.611961,1.44068,,TriggerObjects,,,,,,,,,,,,,,,,,,,,,,,,,,,,,,,,,,,,,,,,,,,,,,,,,,,,,,,,,,,,,,,,,,,,,,,,HLT_Ele22_eta2p1_WP90Rho_LooseIsoPFTau20_v6,58.0,hltEle22WP90RhoOneOEMinusOneOPFilter,HLTElectronOneOEMinusOneOPFilterRegional,82.0,17.0,11.0,-0.0335372
44.2499,,,-0.599468,1.44464,,TriggerObjects,,,,,,,,,,,,,,,,,,,,,,,,,,,,,,,,,,,,,,,,,,,,,,,,,,,,,,,,,,,,,,,,,,,,,,,,HLT_Ele22_eta2p1_WP90Rho_LooseIsoPFTau20_v6,60.0,hltEle22WP90RhoDetaFilter,HLTElectronGenericFilter,82.0,16.0,-11.0,-0.0156426
44.4068,,,-0.611961,1.44068,,TriggerObjects,,,,,,,,,,,,,,,,,,,,,,,,,,,,,,,,,,,,,,,,,,,,,,,,,,,,,,,,,,,,,,,,,,,,,,,,HLT_Ele22_eta2p1_WP90Rho_LooseIsoPFTau20_v6,60.0,hltEle22WP90RhoDetaFilter,HLTElectronGenericFilter,82.0,17.0,11.0,-0.0335372
44.2499,,,-0.599468,1.44464,,TriggerObjects,,,,,,,,,,,,,,,,,,,,,,,,,,,,,,,,,,,,,,,,,,,,,,,,,,,,,,,,,,,,,,,,,,,,,,,,HLT_Ele22_eta2p1_WP90Rho_LooseIsoPFTau20_v6,61.0,hltEle22WP90RhoDphiFilter,HLTElectronGenericFilter,82.0,16.0,-11.0,-0.0156426
44.2499,,,-0.599468,1.44464,,TriggerObjects,,,,,,,,,,,,,,,,,,,,,,,,,,,,,,,,,,,,,,,,,,,,,,,,,,,,,,,,,,,,,,,,,,,,,,,,HLT_Ele22_eta2p1_WP90Rho_LooseIsoPFTau20_v6,66.0,hltEle22WP90RhoTrackIsoFilter,HLTElectronGenericFilter,82.0,16.0,-11.0,-0.0156426
59.2864,,,-0.600118,1.44351,,TriggerObjects,,,,,,,,,,,,,,,,,,,,,,,,,,,,,,,,,,,,,,,,,,,,,,,,,,,,,,,,,,,,,,,,,,,,,,,,HLT_Ele22_eta2p1_WP90Rho_LooseIsoPFTau20_v6,202.0,hltIsoElePFTau20TrackLooseIso,HLT1PFTau,84.0,404.0,0.0,1.037
38.7581,,,2.59889,0.72196,,TriggerObjects,,,,,,,,,,,,,,,,,,,,,,,,,,,,,,,,,,,,,,,,,,,,,,,,,,,,,,,,,,,,,,,,,,,,,,,,HLT_Ele22_eta2p1_WP90Rho_LooseIsoPFTau20_v6,202.0,hltIsoElePFTau20TrackLooseIso,HLT1PFTau,84.0,405.0,0.0,2.9299
44.2499,,,-0.599468,1.44464,,TriggerObjects,,,,,,,,,,,,,,,,,,,,,,,,,,,,,,,,,,,,,,,,,,,,,,,,,,,,,,,,,,,,,,,,,,,,,,,,HLT_Ele22_eta2p1_WP90Rho_LooseIsoPFTau20_v6,203.0,hltOverlapFilterIsoEle20WP90LooseIsoPFTau20,HLT2ElectronPFTau,82.0,16.0,-11.0,-0.0156426
38.7581,,,2.59889,0.72196,,TriggerObjects,,,,,,,,,,,,,,,,,,,,,,,,,,,,,,,,,,,,,,,,,,,,,,,,,,,,,,,,,,,,,,,,,,,,,,,,HLT_Ele22_eta2p1_WP90Rho_LooseIsoPFTau20_v6,203.0,hltOverlapFilterIsoEle20WP90LooseIsoPFTau20,HLT2ElectronPFTau,84.0,405.0,0.0,2.9299
46.0,,,-0.698132,1.566,,TriggerObjects,,,,,,,,,,,,,,,,,,,,,,,,,,,,,,,,,,,,,,,,,,,,,,,,,,,,,,,,,,,,,,,,,,,,,,,,HLT_Ele22_eta2p1_WP90NoIso_LooseIsoPFTau20_v6,7.0,hltL1sL1SingleIsoEG18erORIsoEG20erOREG22,HLTLevel1GTSeed,-82.0,131.0,0.0,0.0
64.0,,,2.79253,0.8695,,TriggerObjects,,,,,,,,,,,,,,,,,,,,,,,,,,,,,,,,,,,,,,,,,,,,,,,,,,,,,,,,,,,,,,,,,,,,,,,,DST_HT250_v4,7.0,hltL1sL1HTT150OrHTT175OrDoubleJetC56OrSingleJet128OrQuadJetC32OrQuadJetC36OrQuadJetC40,HLTLevel1GTSeed,-84.0,133.0,0.0,0.0
84.0,,,-0.698132,1.566,,TriggerObjects,,,,,,,,,,,,,,,,,,,,,,,,,,,,,,,,,,,,,,,,,,,,,,,,,,,,,,,,,,,,,,,,,,,,,,,,DST_HT250_v4,7.0,hltL1sL1HTT150OrHTT175OrDoubleJetC56OrSingleJet128OrQuadJetC32OrQuadJetC36OrQuadJetC40,HLTLevel1GTSeed,-86.0,135.0,0.0,0.0
64.0,,,2.79253,0.8695,,TriggerObjects,,,,,,,,,,,,,,,,,,,,,,,,,,,,,,,,,,,,,,,,,,,,,,,,,,,,,,,,,,,,,,,,,,,,,,,,DST_L1HTT_Or_L1MultiJet_v4,7.0,hltL1sL1HTT150OrHTT175OrDoubleJetC56OrSingleJet128OrQuadJetC32OrQuadJetC36OrQuadJetC40,HLTLevel1GTSeed,-84.0,133.0,0.0,0.0
84.0,,,-0.698132,1.566,,TriggerObjects,,,,,,,,,,,,,,,,,,,,,,,,,,,,,,,,,,,,,,,,,,,,,,,,,,,,,,,,,,,,,,,,,,,,,,,,DST_L1HTT_Or_L1MultiJet_v4,7.0,hltL1sL1HTT150OrHTT175OrDoubleJetC56OrSingleJet128OrQuadJetC32OrQuadJetC36OrQuadJetC40,HLTLevel1GTSeed,-86.0,135.0,0.0,0.0
64.0,,,2.79253,0.8695,,TriggerObjects,,,,,,,,,,,,,,,,,,,,,,,,,,,,,,,,,,,,,,,,,,,,,,,,,,,,,,,,,,,,,,,,,,,,,,,,DST_Mu5_HT250_v4,7.0,hltL1sL1HTT150OrHTT175OrDoubleJetC56OrSingleJet128OrQuadJetC32OrQuadJetC36OrQuadJetC40,HLTLevel1GTSeed,-84.0,133.0,0.0,0.0
84.0,,,-0.698132,1.566,,TriggerObjects,,,,,,,,,,,,,,,,,,,,,,,,,,,,,,,,,,,,,,,,,,,,,,,,,,,,,,,,,,,,,,,,,,,,,,,,DST_Mu5_HT250_v4,7.0,hltL1sL1HTT150OrHTT175OrDoubleJetC56OrSingleJet128OrQuadJetC32OrQuadJetC36OrQuadJetC40,HLTLevel1GTSeed,-86.0,135.0,0.0,0.0
64.0,,,2.79253,0.8695,,TriggerObjects,,,,,,,,,,,,,,,,,,,,,,,,,,,,,,,,,,,,,,,,,,,,,,,,,,,,,,,,,,,,,,,,,,,,,,,,DST_Ele8_CaloIdL_CaloIsoVL_TrkIdVL_TrkIsoVL_HT250_v4,7.0,hltL1sL1HTT150OrHTT175OrDoubleJetC56OrSingleJet128OrQuadJetC32OrQuadJetC36OrQuadJetC40,HLTLevel1GTSeed,-84.0,133.0,0.0,0.0
84.0,,,-0.698132,1.566,,TriggerObjects,,,,,,,,,,,,,,,,,,,,,,,,,,,,,,,,,,,,,,,,,,,,,,,,,,,,,,,,,,,,,,,,,,,,,,,,DST_Ele8_CaloIdL_CaloIsoVL_TrkIdVL_TrkIsoVL_HT250_v4,7.0,hltL1sL1HTT150OrHTT175OrDoubleJetC56OrSingleJet128OrQuadJetC32OrQuadJetC36OrQuadJetC40,HLTLevel1GTSeed,-86.0,135.0,0.0,0.0
13.0,,,2.0944,0.8695,,TriggerObjects,,,,,,,,,,,,,,,,,,,,,,,,,,,,,,,,,,,,,,,,,,,,,,,,,,,,,,,,,,,,,,,,,,,,,,,,AlCa_EcalPi0EBonly_v6,7.0,hltL1sAlCaEcalPi0Eta,HLTLevel1GTSeed,-83.0,127.0,0.0,0.0
5.0,,,2.44346,0.5215,,TriggerObjects,,,,,,,,,,,,,,,,,,,,,,,,,,,,,,,,,,,,,,,,,,,,,,,,,,,,,,,,,,,,,,,,,,,,,,,,AlCa_EcalPi0EBonly_v6,7.0,hltL1sAlCaEcalPi0Eta,HLTLevel1GTSeed,-83.0,128.0,0.0,0.0
46.0,,,-0.698132,1.566,,TriggerObjects,,,,,,,,,,,,,,,,,,,,,,,,,,,,,,,,,,,,,,,,,,,,,,,,,,,,,,,,,,,,,,,,,,,,,,,,AlCa_EcalPi0EBonly_v6,7.0,hltL1sAlCaEcalPi0Eta,HLTLevel1GTSeed,-82.0,131.0,0.0,0.0
104.5,,,0.0,0.0,,TriggerObjects,,,,,,,,,,,,,,,,,,,,,,,,,,,,,,,,,,,,,,,,,,,,,,,,,,,,,,,,,,,,,,,,,,,,,,,,AlCa_EcalPi0EBonly_v6,7.0,hltL1sAlCaEcalPi0Eta,HLTLevel1GTSeed,-89.0,139.0,-89.0,0.0
13.0,,,2.0944,0.8695,,TriggerObjects,,,,,,,,,,,,,,,,,,,,,,,,,,,,,,,,,,,,,,,,,,,,,,,,,,,,,,,,,,,,,,,,,,,,,,,,AlCa_EcalPi0EEonly_v6,7.0,hltL1sAlCaEcalPi0Eta,HLTLevel1GTSeed,-83.0,127.0,0.0,0.0
5.0,,,2.44346,0.5215,,TriggerObjects,,,,,,,,,,,,,,,,,,,,,,,,,,,,,,,,,,,,,,,,,,,,,,,,,,,,,,,,,,,,,,,,,,,,,,,,AlCa_EcalPi0EEonly_v6,7.0,hltL1sAlCaEcalPi0Eta,HLTLevel1GTSeed,-83.0,128.0,0.0,0.0
46.0,,,-0.698132,1.566,,TriggerObjects,,,,,,,,,,,,,,,,,,,,,,,,,,,,,,,,,,,,,,,,,,,,,,,,,,,,,,,,,,,,,,,,,,,,,,,,AlCa_EcalPi0EEonly_v6,7.0,hltL1sAlCaEcalPi0Eta,HLTLevel1GTSeed,-82.0,131.0,0.0,0.0
104.5,,,0.0,0.0,,TriggerObjects,,,,,,,,,,,,,,,,,,,,,,,,,,,,,,,,,,,,,,,,,,,,,,,,,,,,,,,,,,,,,,,,,,,,,,,,AlCa_EcalPi0EEonly_v6,7.0,hltL1sAlCaEcalPi0Eta,HLTLevel1GTSeed,-89.0,139.0,-89.0,0.0
13.0,,,2.0944,0.8695,,TriggerObjects,,,,,,,,,,,,,,,,,,,,,,,,,,,,,,,,,,,,,,,,,,,,,,,,,,,,,,,,,,,,,,,,,,,,,,,,AlCa_EcalEtaEBonly_v6,7.0,hltL1sAlCaEcalPi0Eta,HLTLevel1GTSeed,-83.0,127.0,0.0,0.0
5.0,,,2.44346,0.5215,,TriggerObjects,,,,,,,,,,,,,,,,,,,,,,,,,,,,,,,,,,,,,,,,,,,,,,,,,,,,,,,,,,,,,,,,,,,,,,,,AlCa_EcalEtaEBonly_v6,7.0,hltL1sAlCaEcalPi0Eta,HLTLevel1GTSeed,-83.0,128.0,0.0,0.0
46.0,,,-0.698132,1.566,,TriggerObjects,,,,,,,,,,,,,,,,,,,,,,,,,,,,,,,,,,,,,,,,,,,,,,,,,,,,,,,,,,,,,,,,,,,,,,,,AlCa_EcalEtaEBonly_v6,7.0,hltL1sAlCaEcalPi0Eta,HLTLevel1GTSeed,-82.0,131.0,0.0,0.0
104.5,,,0.0,0.0,,TriggerObjects,,,,,,,,,,,,,,,,,,,,,,,,,,,,,,,,,,,,,,,,,,,,,,,,,,,,,,,,,,,,,,,,,,,,,,,,AlCa_EcalEtaEBonly_v6,7.0,hltL1sAlCaEcalPi0Eta,HLTLevel1GTSeed,-89.0,139.0,-89.0,0.0
13.0,,,2.0944,0.8695,,TriggerObjects,,,,,,,,,,,,,,,,,,,,,,,,,,,,,,,,,,,,,,,,,,,,,,,,,,,,,,,,,,,,,,,,,,,,,,,,AlCa_EcalEtaEEonly_v6,7.0,hltL1sAlCaEcalPi0Eta,HLTLevel1GTSeed,-83.0,127.0,0.0,0.0
5.0,,,2.44346,0.5215,,TriggerObjects,,,,,,,,,,,,,,,,,,,,,,,,,,,,,,,,,,,,,,,,,,,,,,,,,,,,,,,,,,,,,,,,,,,,,,,,AlCa_EcalEtaEEonly_v6,7.0,hltL1sAlCaEcalPi0Eta,HLTLevel1GTSeed,-83.0,128.0,0.0,0.0
46.0,,,-0.698132,1.566,,TriggerObjects,,,,,,,,,,,,,,,,,,,,,,,,,,,,,,,,,,,,,,,,,,,,,,,,,,,,,,,,,,,,,,,,,,,,,,,,AlCa_EcalEtaEEonly_v6,7.0,hltL1sAlCaEcalPi0Eta,HLTLevel1GTSeed,-82.0,131.0,0.0,0.0
104.5,,,0.0,0.0,,TriggerObjects,,,,,,,,,,,,,,,,,,,,,,,,,,,,,,,,,,,,,,,,,,,,,,,,,,,,,,,,,,,,,,,,,,,,,,,,AlCa_EcalEtaEEonly_v6,7.0,hltL1sAlCaEcalPi0Eta,HLTLevel1GTSeed,-89.0,139.0,-89.0,0.0
